"DBELE";"2019-1091";1000;20;"LorenzoTasca";" ";;"N";"N";
"DBELE";"2019-1091";2000;10;;" ";;"N";"N";
"DBELE";"2019-1091";3000;10;;" ";;"N";"N";
"DBELE";"2019-1091";4000;10;;" ";;"N";"N";
"DBELE";"2019-1091";5000;10;;" ";;"N";"N";
"DBELE";"2019-1091";6000;10;;" ";;"N";"N";
"DBELE";"2019-1091";7000;10;;" ";;"N";"N";
"DBELE";"2019-1091";8000;10;;" ";;"N";"N";
"DBELE";"2019-1091";9000;10;;" ";;"N";"N";
"DBELE";"2020-1073";1000;27;"StefanoVanuzzo";" ";;"N";"N";
"DBELE";"2020-1073";2000;27;"StefanoVanuzzo";" ";;"N";"N";
"DBELE";"2020-1073";3000;35;"FedericaFavero";" ";;"N";"N";
"DBELE";"2020-1583";1000;10;;" ";;"N";"N";
"DBELE";"2020-1628";1000;10;;" ";;"N";"N";
"DBELE";"2020-1628";2000;10;;" ";;"N";"N";
"DBELE";"2020-1628";3000;10;;" ";;"N";"N";
"DBELE";"2020-1628";4000;10;;" ";;"N";"N";
"DBELE";"2020-1628";5000;10;;" ";;"N";"N";
"DBELE";"2020-1628";6000;10;;" ";;"N";"N";
"DBELE";"2020-1628";7000;10;;" ";;"N";"N";
"DBELE";"2020-1628";8000;10;;" ";;"N";"N";
"DBELE";"2020-1841";1000;35;"StefanoVanuzzo";" ";;"N";"N";
"DBELE";"2020-1841";2000;35;"StefanoVanuzzo";" ";;"N";"N";
"DBELE";"2020-1841";3000;35;"StefanoVanuzzo";" ";;"N";"N";
"DBELE";"2020-1841";4000;35;"StefanoVanuzzo";" ";;"N";"N";
"DBELE";"2020-1841";5000;35;"StefanoVanuzzo";" ";;"N";"N";
"DBELE";"2020-1941";1000;10;;" ";;"N";"N";
"DBELE";"2020-1941";2000;10;;" ";;"N";"N";
"DBELE";"2020-1941";3000;10;;" ";;"N";"N";
"DBELE";"2020-1941";4000;10;;" ";;"N";"N";
"DBELE";"2020-1941";5000;10;;" ";;"N";"N";
"DBELE";"2020-1941";6000;10;;" ";;"N";"N";
"DBELE";"2020-1941";7000;10;;" ";;"N";"N";
"DBELE";"2020-1941";8000;10;;" ";;"N";"N";
"DBELE";"2020-1941";9000;10;;" ";;"N";"N";
"DBELE";"2020-1988";1000;10;;" ";;"N";"N";
"DBELE";"2020-1988";2000;10;;" ";;"N";"N";
"DBELE";"2020-1988";3000;10;;" ";;"N";"N";
"DBELE";"2020-1988";4000;10;;" ";;"N";"N";
"DBELE";"2020-1988";5000;10;;" ";;"N";"N";
"DBELE";"2020-1988";6000;10;;" ";;"N";"N";
"DBELE";"2020-1988";7000;10;;" ";;"N";"N";
"DBELE";"2020-1988";8000;10;;" ";;"N";"N";
"DBELE";"2020-2113";2000;10;;" ";;"N";"N";
"DBELE";"2020-2139";1000;10;;" ";;"N";"N";
"DBELE";"2020-2139";2000;10;;" ";;"N";"N";
"DBELE";"2020-2139";3000;10;;" ";;"N";"N";
"DBELE";"2020-2139";4000;10;;" ";;"N";"N";
"DBELE";"2020-2139";5000;10;;" ";;"N";"N";
"DBELE";"2020-2139";6000;10;;" ";;"N";"N";
"DBELE";"2020-2139";7000;10;;" ";;"N";"N";
"DBELE";"2020-2139";8000;10;;" ";;"N";"N";
"DBELE";"2020-2139";9000;10;;" ";;"N";"N";
"DBELE";"2020-2139";10000;10;;" ";;"N";"N";
"DBELE";"2020-2139";11000;10;;" ";;"N";"N";
"DBELE";"2020-2139";11500;10;;" ";;"N";"N";
"DBELE";"2020-2139";12000;10;;" ";;"N";"N";
"DBELE";"2020-2139";13000;10;;" ";;"N";"N";
"DBELE";"2020-2139";14000;10;;" ";;"N";"N";
"DBELE";"2020-2139";15000;10;;" ";;"N";"N";
"DBELE";"2020-2139";16000;10;;" ";;"N";"N";
"DBELE";"2020-2139";17000;10;;" ";;"N";"N";
"DBELE";"2020-2139";18000;10;;" ";;"N";"N";
"DBELE";"2020-2139";19000;10;;" ";;"N";"N";
"DBELE";"2020-2139";20000;10;;" ";;"N";"N";
"DBELE";"2020-2139";21000;10;;" ";;"N";"N";
"DBELE";"2020-2168";2000;10;;" ";;"N";"N";
"DBELE";"2020-2190";1000;99;"EnricoCiscato";" ";;"N";"N";
"DBELE";"2020-2190";2000;99;"EnricoCiscato";" ";;"S";"N";
"DBELE";"2020-2190";3000;99;"EnricoCiscato";" ";;"N";"N";
"DBELE";"2020-2192";1000;35;"FedericaFavero";" ";;"N";"N";
"DBELE";"2020-2192";2000;35;"FedericaFavero";" ";;"N";"N";
"DBELE";"2020-2192";3000;35;"FedericaFavero";" ";;"N";"N";
"DBELE";"2020-2192";4000;35;"FedericaFavero";" ";;"N";"N";
"DBELE";"2020-2195";1000;10;;" ";;"N";"N";
"DBELE";"2020-2195";2000;10;;" ";;"N";"N";
"DBELE";"2020-2216";1000;10;;" ";;"N";"N";
"DBELE";"2020-2250";1000;10;;" ";;"N";"N";
"DBELE";"2020-2256";1000;10;;" ";;"N";"N";
"DBELE";"2020-2258";1000;10;;" ";;"N";"N";
"DBELE";"2020-394";1000;50;"StefanoVanuzzo";" ";;"N";"N";
"DBELE";"2021-100";1000;35;"FedericaFavero";" ";;"N";"N";
"DBELE";"2021-100";2000;35;"FedericaFavero";" ";;"N";"N";
"DBELE";"97948";1000;10;;" ";;"N";"N";
"DBELE";"OCV21DBEBS00001";1000;10;;" ";;"N";"N";
"DBELE";"OCV21DBEBS00002";1000;10;;" ";;"N";"N";
"DBELE";"OCV21DBEBS00003";1000;10;;" ";;"N";"N";
"DBELE";"OCV21DBEBS00005";1000;50;"federico.modonesi";" ";;"N";"N";
"DBELE";"OCV21DBEBS00006";1000;10;;" ";;"N";"N";
"DBELE";"OCV21DBEBS00011";1000;10;;" ";;"N";"N";
"DBELE";"OCV21DBEBS00013";1000;50;"lucabressana";" ";;"N";"N";
"DBELE";"OCV21DBEBS00014";1000;50;"danieledotti";" ";;"N";"N";
"DBELE";"OCV21DBEPD00001";1000;10;;" ";;"N";"N";
"DBELE";"OCV21DBEPD00002";1000;10;;" ";;"N";"N";
"DBELE";"OCV21DBEPD00002";2000;10;;" ";;"N";"N";
"DBELE";"OCV21DBEPD00002";3000;10;;" ";;"N";"N";
"DBELE";"OCV21DBEPD00002";4000;10;;" ";;"N";"N";
"DBELE";"OCV21DBEPD00003";1000;10;;" ";;"N";"N";
"DBELE";"OCV21DBEPD00004";1000;10;;" ";;"N";"N";
"DBELE";"OCV21DBEPD00006";1000;10;;" ";;"N";"N";
"DBELE";"OCV21DBEPD00007";1000;99;"EnricoCiscato";" ";;"N";"N";
"DBELE";"OCV21DBEPD00007";2000;99;"EnricoCiscato";" ";;"N";"N";
"DBELE";"OCV21DBEPD00009";1000;50;"StefanoVanuzzo";" ";;"N";"N";
"DBELE";"OCV21DBEPD00010";1000;50;"StefanoVanuzzo";" ";;"N";"N";
"DBELE";"OCV21DBEPD00011";1000;50;"StefanoVanuzzo";" ";;"N";"N";
"DBELE";"OCV21DBEPD00012";1000;50;"StefanoVanuzzo";" ";;"N";"N";
"DBELE";"OCV21DBEPD00012";2000;50;"StefanoVanuzzo";" ";;"N";"N";
"DBELE";"OCV21DBEPD00014";1000;50;"StefanoVanuzzo";" ";;"N";"N";
"DBELE";"OCV21DBEPD00015";1000;10;;" ";;"N";"N";
"DBELE";"OCV21DBEPD00016";1000;10;;" ";;"N";"N";
"DBELE";"OCV21DBEPD00016";2000;10;;" ";;"N";"N";
"DBELE";"OCV21DBEPD00016";3000;10;;" ";;"N";"N";
"DBELE";"OCV21DBEPD00016";4000;10;;" ";;"N";"N";
"DBELE";"OCV21DBEPD00016";5000;10;;" ";;"N";"N";
"DBELE";"OCV21DBEPD00016";6000;10;;" ";;"N";"N";
"DBELE";"OCV21DBEPD00017";1000;10;;" ";;"N";"N";
"DBELE";"OCV21DBEPD00017";2000;10;;" ";;"N";"N";
"DBELE";"OCV21DBEPD00017";3000;10;;" ";;"N";"N";
"DBELE";"OCV21DBEPD00017";4000;10;;" ";;"N";"N";
"DBELE";"OCV21DBEPD00017";5000;10;;" ";;"N";"N";
"DBELE";"OCV21DBEPD00017";6000;10;;" ";;"N";"N";
"DBELE";"OCV21DBEPD00017";7000;10;;" ";;"N";"N";
"DBELE";"OCV21DBEPD00018";2000;10;;" ";;"N";"N";
"DBELE";"OCV21DBEPD00018";3000;10;;" ";;"N";"N";
"DBELE";"OCV21DBEPD00019";1000;10;;" ";;"N";"N";
"DBELE";"OCV22DBEBS00002";1000;10;;" ";;"N";"N";
"DBELE";"OCV22DBEBS00004";1000;10;;" ";;"N";"N";
"DBELE";"OCV22DBEBS00005";1000;20;"danieledotti";" ";;"N";"N";
"DBELE";"OCV22DBEBS00013";1000;10;;" ";;"N";"N";
"DBELE";"OCV22DBEBS00013";2000;10;;" ";;"N";"N";
"DBELE";"OCV22DBEBS00013";3000;10;;" ";;"N";"N";
"DBELE";"OCV22DBEBS00013";4000;10;;" ";;"N";"N";
"DBELE";"OCV22DBEBS00013";5000;10;;" ";;"N";"N";
"DBELE";"OCV22DBEBS00015";1000;40;"danieledotti";" ";"in attesa canale da cliente";"S";"N";
"DBELE";"OCV22DBEPD00001";1000;50;"StefanoVanuzzo";" ";;"N";"N";
"DBELE";"OCV22DBEPD00001";2000;50;"StefanoVanuzzo";" ";;"N";"N";
"DBELE";"OCV22DBEPD00001";3000;50;"StefanoVanuzzo";" ";;"N";"N";
"DBELE";"OCV22DBEPD00003";1000;30;"LorenzoTasca";" ";;"N";"N";
"DBELE";"OCV22DBEPD00003";2000;30;"LorenzoTasca";" ";;"N";"N";
"DBELE";"OCV22DBEPD00004";1000;20;"LorenzoTasca";" ";;"N";"N";
"DBELE";"OCV22DBEPD00004";2000;50;"StefanoVanuzzo";" ";;"N";"N";
"DBELE";"OCV22DBEPD00005";1000;20;"LorenzoTasca";" ";;"N";"N";
"DBELE";"OCV22DBEPD00006";1000;50;"StefanoVanuzzo";" ";;"N";"N";
"DBELE";"OCV22DBEPD00007";1000;50;"StefanoVanuzzo";" ";;"N";"N";
"DBELE";"OCV22DBEPD00008";1000;50;"StefanoVanuzzo";" ";;"N";"N";
"DBELE";"OCV22DBEPD00008";2000;50;"StefanoVanuzzo";" ";;"N";"N";
"DBELE";"OCV22DBEPD00008";3000;50;"StefanoVanuzzo";" ";;"N";"N";
"DBELE";"OCV22DBEPD00009";1000;50;"StefanoVanuzzo";" ";;"N";"N";
"DBELE";"OCV22DBEPD00009";2000;50;"StefanoVanuzzo";" ";;"N";"N";
"DBELE";"OCV22DBEPD00009";3000;50;"StefanoVanuzzo";" ";;"N";"N";
"DBELE";"OCV22DBEPD00010";1000;20;"LorenzoTasca";" ";;"N";"N";
"DBELE";"OCV22DBEPD00012";1000;50;"StefanoVanuzzo";" ";;"N";"N";
"DBELE";"OCV22DBEPD00012";2000;50;"StefanoVanuzzo";" ";;"N";"N";
"DBELE";"OCV22DBEPD00012";3000;50;"StefanoVanuzzo";" ";;"N";"N";
"DBELE";"OCV22DBEPD00013";1000;50;"StefanoVanuzzo";" ";;"N";"N";
"DBELE";"OCV23DBEBS00001";1000;35;"federicomodonesi";" ";;"N";"N";
"DBELE";"OCV23DBEBS00004";1000;50;;" ";;"N";"N";
"DBELE";"OCV23DBEBS00005";1000;20;"danieledotti";" ";;"N";"N";
"DBELE";"OCV23DBEBS00007";1000;10;;" ";;"N";"N";
"DBELE";"OCV23DBEBS00007";3000;20;"lucabressana";" ";;"N";"N";
"DBELE";"OCV23DBEBS00009";1000;20;"danieledotti";" ";;"N";"N";
"DBELE";"OCV23DBEPD00001";1000;35;"FedericaFavero";" ";;"N";"N";
"DBELE";"OCV23DBEPD00002";1000;35;"FedericaFavero";" ";;"N";"N";
"DBELE";"OCV23DBEPD00002";2000;35;"FedericaFavero";" ";;"N";"N";
"DBELE";"OCV23DBEPD00003";1000;20;"LorenzoTasca";" ";;"N";"N";
"DBELE";"OCV23DBEPD00004";1000;50;"StefanoVanuzzo";" ";;"N";"N";
"DBELE";"OCV23DBEPD00005";1000;10;;" ";;"N";"N";
"DBELE";"OCV23DBEPD00006";2000;50;"FedericaFavero";" ";;"N";"N";
"DBELE";"OCV23DBEPD00008";1000;35;"FedericaFavero";" ";;"N";"N";
"DBELE";"OCV23DBEPD00009";1000;50;"FedericaFavero";" ";;"N";"N";
"DBELE";"OCV23DBEPD00010";1000;35;"FedericaFavero";" ";;"N";"N";
"DBELE";"OCV23DBEPD00011";1000;35;"FedericaFavero";" ";;"N";"N";
"DBELE";"OCV23DBEPD00012";1000;27;"LorenzoTasca";" ";;"N";"N";
"DBELE";"OCV23DBEPD00013";1000;10;;" ";;"N";"N";
"DBELE";"OCV23DBEPD00013";2000;10;;" ";;"N";"N";
"DBELE";"OCV23DBEPD00013";3000;10;;" ";;"N";"N";
"DBELE";"OCV23DBEPD00013";4000;10;;" ";;"N";"N";
"DBELE";"OCV23DBEPD00013";5000;10;;" ";;"N";"N";
"DBELE";"OCV23DBEPD00013";6000;10;;" ";;"N";"N";
"DBELE";"OCV23DBEPD00013";7000;10;;" ";;"N";"N";
"DBELE";"OCV23DBEPD00013";8000;10;;" ";;"N";"N";
"DBELE";"OCV23DBEPD00013";9000;10;;" ";;"N";"N";
"DBELE";"OCV23DBEPD00013";10000;10;;" ";;"N";"N";
"DBELE";"OCV23DBEPD00013";11000;10;;" ";;"N";"N";
"DBELE";"OCV23DBEPD00013";12000;10;;" ";;"N";"N";
"DBELE";"OCV23DBEPD00013";13000;10;;" ";;"N";"N";
"DBELE";"OCV23DBEPD00015";1000;45;"EnricoCiscato";" ";;"N";"N";
"DBELE";"OCV23DBEPD00015";2000;45;"EnricoCiscato";" ";;"N";"N";
"DBELE";"OCV23DBEPD00015";3000;45;"EnricoCiscato";" ";;"N";"N";
"DBELE";"OCV23DBEPD00017";1000;20;"lucabressana";" ";;"N";"N";
"DBELE";"OCV23DBEPD00017";2000;20;"lucabressana";" ";;"N";"N";
"DBELE";"OCV23DBEPD00017";3000;20;"lucabressana";" ";;"N";"N";
"DBELE";"OCV23DBEPD00017";4000;20;"EnricoCiscato";" ";;"N";"N";
"DBELE";"OCV23DBEPD00017";5000;45;"EnricoCiscato";" ";;"N";"N";
"DBELE";"OCV23DBEPD00017";6000;20;"lucabressana";" ";;"N";"N";
"DBELE";"OCV23DBEPD00017";7000;20;"lucabressana";" ";;"N";"N";
"DBELE";"OCV23DBEPD00017";8000;20;"lucabressana";" ";;"N";"N";
"DBELE";"OCV23DBEPD00017";9000;20;"EnricoCiscato";" ";;"N";"N";
"DBELE";"OCV23DBEPD00017";10000;45;"EnricoCiscato";" ";;"N";"N";
"DBELE";"OCV23DBEPD00017";11000;20;"lucabressana";" ";;"N";"N";
"DBELE";"OCV23DBEPD00017";12000;20;"lucabressana";" ";;"N";"N";
"DBELE";"OCV23DBEPD00017";13000;20;"lucabressana";" ";;"N";"N";
"DBELE";"OCV23DBEPD00017";14000;20;"EnricoCiscato";" ";;"N";"N";
"DBELE";"OCV23DBEPD00017";15000;45;"EnricoCiscato";" ";;"N";"N";
"DBELE";"OCV23DBEPD00017";16000;20;"lucabressana";" ";;"N";"N";
"DBELE";"OCV23DBEPD00017";17000;20;"lucabressana";" ";;"N";"N";
"DBELE";"OCV23DBEPD00017";18000;20;"lucabressana";" ";;"N";"N";
"DBELE";"OCV23DBEPD00017";19000;20;"EnricoCiscato";" ";;"N";"N";
"DBELE";"OCV23DBEPD00017";20000;45;"EnricoCiscato";" ";;"N";"N";
"DBELE";"OCV23DBEPD00017";21000;20;"lucabressana";" ";;"N";"N";
"DBELE";"OCV23DBEPD00017";22000;20;"lucabressana";" ";;"N";"N";
"DBELE";"OCV23DBEPD00017";23000;20;"lucabressana";" ";;"N";"N";
"DBELE";"OCV23DBEPD00017";24000;20;"EnricoCiscato";" ";;"N";"N";
"DBELE";"OCV23DBEPD00017";25000;45;"EnricoCiscato";" ";;"N";"N";
"DBELE";"OCV23DBEPD00017";26000;45;"EnricoCiscato";" ";;"N";"N";
"DBELE";"OCV23DBEPD00017";27000;45;"EnricoCiscato";" ";;"N";"N";
"DBELE";"OCV23DBEPD00017";28000;50;;" ";;"N";"N";
"DBELE";"OCV23DBEPD00017";29000;50;;" ";;"N";"N";
"DBELE";"OCV23DBEPD00017";30000;50;;" ";;"N";"N";
"DBELE";"OCV24DBEBS00001";1000;20;"lucabressana";" ";;"N";"N";
"DBELE";"OCV24DBEBS00003";1000;50;;" ";;"N";"N";
"DBELE";"OCV24DBEBS00004";1000;20;"danieledotti";" ";;"N";"N";
"DBELE";"OCV24DBEBS00004";2000;45;"robertorosa";" ";;"N";"N";
"DBELE";"OCV24DBEBS00004";3000;10;;" ";;"N";"N";
"DBELE";"OCV24DBEBS00004";4000;10;;" ";;"N";"N";
"DBELE";"OCV24DBEBS00004";5000;10;;" ";;"N";"N";
"DBELE";"OCV24DBEBS00004";5500;10;;" ";;"N";"N";
"DBELE";"OCV24DBEBS00004";6000;10;;" ";;"N";"N";
"DBELE";"OCV24DBEBS00004";7000;10;;" ";;"N";"N";
"DBELE";"OCV24DBEBS00004";8000;10;;" ";;"N";"N";
"DBELE";"OCV24DBEBS00004";9000;50;;" ";;"N";"N";
"DBELE";"OCV24DBEBS00004";10000;10;;" ";;"N";"N";
"DBELE";"OCV24DBEBS00008";2000;20;"lucabressana";" ";;"N";"N";
"DBELE";"OCV24DBEBS00008";3000;10;;" ";;"N";"N";
"DBELE";"OCV24DBEBS00009";1000;20;"lucabressana";" ";;"N";"N";
"DBELE";"OCV24DBEBS00010";1000;20;"lucabressana";" ";;"N";"N";
"DBELE";"OCV24DBEBS00011";1000;35;"danieledotti";" ";;"N";"N";
"DBELE";"OCV24DBEBS00011";2000;35;"danieledotti";" ";;"N";"N";
"DBELE";"OCV24DBEBS00011";3000;35;"danieledotti";" ";;"N";"N";
"DBELE";"OCV24DBEBS00016";1000;35;"EnricoCiscato";" ";;"N";"N";
"DBELE";"OCV24DBEBS00017";1000;20;"danieledotti";" ";;"N";"N";
"DBELE";"OCV24DBEBS00018";1000;10;;" ";;"N";"N";
"DBELE";"OCV24DBEBS00018";2000;10;;" ";;"N";"N";
"DBELE";"OCV24DBEBS00019";1000;35;"federicomodonesi";" ";;"N";"N";
"DBELE";"OCV24DBEBS00022";1000;35;"federicomodonesi";" ";;"N";"N";
"DBELE";"OCV24DBEBS00025";1000;20;"lucabressana";" ";;"N";"N";
"DBELE";"OCV24DBEBS00026";1000;10;;" ";;"N";"N";
"DBELE";"OCV24DBEBS00026";2000;10;;" ";;"N";"N";
"DBELE";"OCV24DBEBS00027";1000;20;"danieledotti";" ";;"N";"N";
"DBELE";"OCV24DBEPD00002";1000;35;"FedericaFavero";" ";;"N";"N";
"DBELE";"OCV24DBEPD00002";2000;50;;" ";;"N";"N";
"DBELE";"OCV24DBEPD00003";1000;20;"danieledotti";" ";;"N";"N";
"DBELE";"OCV24DBEPD00003";1916;20;"danieledotti";" ";;"N";"N";
"DBELE";"OCV24DBEPD00003";2000;20;"danieledotti";" ";;"N";"N";
"DBELE";"OCV24DBEPD00003";2333;20;"danieledotti";" ";;"N";"N";
"DBELE";"OCV24DBEPD00003";2499;20;"danieledotti";" ";;"N";"N";
"DBELE";"OCV24DBEPD00003";2666;20;"danieledotti";" ";;"N";"N";
"DBELE";"OCV24DBEPD00003";3000;50;;" ";;"N";"N";
"DBELE";"OCV24DBEPD00003";4000;50;;" ";;"N";"N";
"DBELE";"OCV24DBEPD00003";5000;50;;" ";;"N";"N";
"DBELE";"OCV24DBEPD00004";1000;20;"danieledotti";" ";;"N";"N";
"DBELE";"OCV24DBEPD00004";1500;10;;" ";;"N";"N";
"DBELE";"OCV24DBEPD00004";2000;20;"danieledotti";" ";;"N";"N";
"DBELE";"OCV24DBEPD00004";3000;50;;" ";;"N";"N";
"DBELE";"OCV24DBEPD00004";4000;50;;" ";;"N";"N";
"DBELE";"OCV24DBEPD00004";5000;50;;" ";;"N";"N";
"DBELE";"OCV24DBEPD00005";1000;20;"danieledotti";" ";;"N";"N";
"DBELE";"OCV24DBEPD00005";1500;10;;" ";;"N";"N";
"DBELE";"OCV24DBEPD00005";2000;20;"danieledotti";" ";;"N";"N";
"DBELE";"OCV24DBEPD00005";3000;50;;" ";;"N";"N";
"DBELE";"OCV24DBEPD00005";4000;50;;" ";;"N";"N";
"DBELE";"OCV24DBEPD00005";5000;50;;" ";;"N";"N";
"DBELE";"OCV24DBEPD00006";1000;20;"danieledotti";" ";;"N";"N";
"DBELE";"OCV24DBEPD00006";1500;20;"danieledotti";" ";;"N";"N";
"DBELE";"OCV24DBEPD00006";2000;20;"danieledotti";" ";;"N";"N";
"DBELE";"OCV24DBEPD00006";3000;50;;" ";;"N";"N";
"DBELE";"OCV24DBEPD00006";4000;50;;" ";;"N";"N";
"DBELE";"OCV24DBEPD00006";5000;50;;" ";;"N";"N";
"DBELE";"OCV24DBEPD00007";1000;20;"danieledotti";" ";;"N";"N";
"DBELE";"OCV24DBEPD00007";1500;10;;" ";;"N";"N";
"DBELE";"OCV24DBEPD00007";2000;20;"danieledotti";" ";;"N";"N";
"DBELE";"OCV24DBEPD00007";3000;50;;" ";;"N";"N";
"DBELE";"OCV24DBEPD00007";4000;50;;" ";;"N";"N";
"DBELE";"OCV24DBEPD00007";5000;50;;" ";;"N";"N";
"DBELE";"OCV24DBEPD00011";1000;50;"StefanoVanuzzo";" ";;"N";"N";
"DBELE";"OCV24DBEPD00013";1000;50;"StefanoVanuzzo";" ";;"N";"N";
"DBELE";"OCV24DBEPD00013";2000;50;"StefanoVanuzzo";" ";;"N";"N";
"DBELE";"OCV24DBEPD00013";3000;20;"LorenzoTasca";" ";;"N";"N";
"DBELE";"OCV24DBEPD00014";1000;10;;" ";;"N";"N";
"DBELE";"OCV24DBEPD00014";2000;10;;" ";;"N";"N";
"DBELE";"OCV24DBEPD00015";1000;20;"lucabressana";" ";;"N";"N";
"DBELE";"OCV24DBEPD00015";2000;20;"lucabressana";" ";;"N";"N";
"DBELE";"OCV24DBEPD00015";3000;20;"lucabressana";" ";;"N";"N";
"DBELE";"OCV24DBEPD00015";4000;20;"lucabressana";" ";;"N";"N";
"DBELE";"OCV24DBEPD00015";5000;20;"lucabressana";" ";;"N";"N";
"DBELE";"OCV24DBEPD00015";6000;27;"EnricoCiscato";" ";;"N";"N";
"DBELE";"OCV24DBEPD00015";7000;27;"EnricoCiscato";" ";;"N";"N";
"DBELE";"OCV24DBEPD00015";9000;27;"federicomodonesi";" ";;"N";"N";
"DBELE";"OCV24DBEPD00015";10000;27;"federicomodonesi";" ";;"N";"N";
"DBELE";"OCV24DBEPD00015";11000;27;"federicomodonesi";" ";;"N";"N";
"DBELE";"OCV24DBEPD00015";12000;27;"federicomodonesi";" ";;"N";"N";
"DBELE";"OCV24DBEPD00015";13000;50;;" ";;"N";"N";
"DBELE";"OCV24DBEPD00015";14000;50;;" ";;"N";"N";
"DBELE";"OCV24DBEPD00016";1000;50;;" ";;"N";"N";
"DBELE";"OCV24DBEPD00016";2000;20;"lucabressana";" ";;"N";"N";
"DBELE";"OCV24DBEPD00016";3000;20;"lucabressana";" ";;"N";"N";
"DBELE";"OCV24DBEPD00016";4000;20;"lucabressana";" ";;"N";"N";
"DBELE";"OCV24DBEPD00016";5000;20;"lucabressana";" ";;"N";"N";
"DBELE";"OCV24DBEPD00016";6000;20;"lucabressana";" ";;"N";"N";
"DBELE";"OCV24DBEPD00016";7000;20;"EnricoCiscato";" ";;"N";"N";
"DBELE";"OCV24DBEPD00016";8000;20;"EnricoCiscato";" ";;"N";"N";
"DBELE";"OCV24DBEPD00016";9000;20;"lucabressana";" ";;"N";"N";
"DBELE";"OCV24DBEPD00016";10000;20;"lucabressana";" ";;"N";"N";
"DBELE";"OCV24DBEPD00016";11000;50;;" ";;"N";"N";
"DBELE";"OCV24DBEPD00016";12000;50;;" ";;"N";"N";
"DBELE";"OCV24DBEPD00016";13000;20;"lucabressana";" ";;"N";"N";
"DBELE";"OCV24DBEPD00016";14000;20;"lucabressana";" ";;"N";"N";
"DBELE";"OCV24DBEPD00016";15000;20;"lucabressana";" ";;"N";"N";
"DBELE";"OCV24DBEPD00016";16000;20;"lucabressana";" ";;"N";"N";
"DBELE";"OCV24DBEPD00016";17000;20;"lucabressana";" ";;"N";"N";
"DBELE";"OCV24DBEPD00016";18000;20;"EnricoCiscato";" ";;"N";"N";
"DBELE";"OCV24DBEPD00016";19000;20;"EnricoCiscato";" ";;"N";"N";
"DBELE";"OCV24DBEPD00016";19500;20;"lucabressana";" ";;"N";"N";
"DBELE";"OCV24DBEPD00016";20000;27;"federicomodonesi";" ";;"N";"N";
"DBELE";"OCV24DBEPD00016";21000;27;"EnricoCiscato";" ";;"N";"N";
"DBELE";"OCV24DBEPD00016";22000;20;"lucabressana";" ";;"N";"N";
"DBELE";"OCV24DBEPD00016";23000;27;"federicomodonesi";" ";;"N";"N";
"DBELE";"OCV24DBEPD00016";24000;50;;" ";;"N";"N";
"DBELE";"OCV24DBEPD00016";25000;20;"lucabressana";" ";;"N";"N";
"DBELE";"OCV24DBEPD00016";26000;50;;" ";;"N";"N";
"DBELE";"OCV24DBEPD00016";27000;50;;" ";;"N";"N";
"DBELE";"OCV24DBEPD00016";28000;50;;" ";;"N";"N";
"DBELE";"OCV24DBEPD00016";29000;20;"lucabressana";" ";;"N";"N";
"DBELE";"OCV24DBEPD00016";30000;20;"lucabressana";" ";;"N";"N";
"DBELE";"OCV24DBEPD00016";31000;20;"lucabressana";" ";;"N";"N";
"DBELE";"OCV24DBEPD00016";32000;20;"lucabressana";" ";;"N";"N";
"DBELE";"OCV24DBEPD00016";33000;20;"lucabressana";" ";;"N";"N";
"DBELE";"OCV24DBEPD00016";34000;20;"EnricoCiscato";" ";;"N";"N";
"DBELE";"OCV24DBEPD00016";35000;20;"EnricoCiscato";" ";;"N";"N";
"DBELE";"OCV24DBEPD00016";36000;20;"lucabressana";" ";;"N";"N";
"DBELE";"OCV24DBEPD00016";37000;20;"lucabressana";" ";;"N";"N";
"DBELE";"OCV24DBEPD00016";38000;50;;" ";;"N";"N";
"DBELE";"OCV24DBEPD00017";1000;10;;" ";;"N";"N";
"DBELE";"OCV24DBEPD00017";2000;10;;" ";;"N";"N";
"DBELE";"OCV24DBEPD00017";3000;10;;" ";;"N";"N";
"DBELE";"OCV24DBEPD00017";4000;10;;" ";;"N";"N";
"DBELE";"OCV24DBEPD00017";5000;10;;" ";;"N";"N";
"DBELE";"OCV24DBEPD00018";1000;20;"LorenzoTasca";" ";;"N";"N";
"DBELE";"OCV24DBEPD00019";1000;50;"StefanoVanuzzo";" ";;"N";"N";
"DBELE";"OCV24DBEPD00020";1000;10;;" ";;"N";"N";
"DBELE";"OCV24DBEPD00020";2000;10;;" ";;"N";"N";
"DBELE";"OCV24DBEPD00020";3000;10;;" ";;"N";"N";
"DBELE";"OCV24DBEPD00020";4000;10;;" ";;"N";"N";
"DBELE";"OCV24DBEPD00020";5000;10;;" ";;"N";"N";
"DBELE";"OCV24DBEPD00020";6000;10;;" ";;"N";"N";
"DBELE";"OCV24DBEPD00020";7000;10;;" ";;"N";"N";
"DBELE";"OCV24DBEPD00020";8000;10;;" ";;"N";"N";
"DBELE";"OCV24DBEPD00020";9000;10;;" ";;"N";"N";
"DBELE";"OCV24DBEPD00020";10000;10;;" ";;"N";"N";
"DBELE";"OCV24DBEPD00020";11000;10;;" ";;"N";"N";
"DBELE";"OCV24DBEPD00020";12000;10;;" ";;"N";"N";
"DBELE";"OCV24DBEPD00020";13000;10;;" ";;"N";"N";
"DBELE";"OCV24DBEPD00020";14000;10;;" ";;"N";"N";
"DBELE";"OCV24DBEPD00021";1000;50;"federicomodonesi";" ";;"N";"N";
"DBELE";"OCV24DBEPD00021";2000;20;"federicomodonesi";" ";;"N";"N";
"DBELE";"OCV24DBEPD00021";3000;50;;" ";;"N";"N";
"DBELE";"OCV24DBEPD00021";4000;50;;" ";;"N";"N";
"DBELE";"OCV24DBEPD00021";5000;50;;" ";;"N";"N";
"DBELE";"OCV24DBEPD00022";1000;45;"EnricoCiscato";" ";;"N";"N";
"DBELE";"OCV24DBEPD00022";2000;50;;" ";;"N";"N";
"DBELE";"OCV24DBEPD00023";1000;50;"StefanoVanuzzo";" ";;"N";"N";
"DBELE";"OCV24DBEPD00023";2000;10;;" ";;"N";"N";
"DBELE";"OCV24DBEPD00024";1000;20;"LorenzoTasca";" ";;"N";"N";
"DBELE";"OCV24DBEPD00024";2000;20;"LorenzoTasca";" ";;"N";"N";
"DBELE";"OCV24DBEPD00025";1000;50;"StefanoVanuzzo";" ";;"N";"N";
"DBELE";"OCV24DBEPD00026";1000;10;;" ";;"N";"N";
"DBELE";"OCV24DBEPD00026";2000;10;;" ";;"N";"N";
"DBELE";"OCV24DBEPD00027";1000;20;"LorenzoTasca";" ";;"N";"N";
"DBELE";"OCV24DBEPD00027";2000;20;"LorenzoTasca";" ";;"N";"N";
"DBELE";"OCV24DBEPD00028";1000;50;"StefanoVanuzzo";" ";;"N";"N";
"DBELE";"OCV24DBEPD00029";1000;20;"LorenzoTasca";" ";;"N";"N";
"DBELE";"OCV24DBEPD00030";1000;50;"lucabressana";" ";;"N";"N";
"DBELE";"OCV24DBEPD00030";2000;50;"lucabressana";" ";;"N";"N";
"DBELE";"OCV24DBEPD00030";3000;20;"EnricoCiscato";" ";;"N";"N";
"DBELE";"OCV24DBEPD00030";4000;27;"StefanoVanuzzo";" ";;"N";"N";
"DBELE";"OCV24DBEPD00030";5000;27;"StefanoVanuzzo";" ";;"N";"N";
"DBELE";"OCV24DBEPD00030";6000;50;;" ";;"N";"N";
"DBELE";"OCV24DBEPD00030";7000;50;;" ";;"N";"N";
"DBELE";"OCV24DBEPD00031";1000;50;"StefanoVanuzzo";" ";;"N";"N";
"DBELE";"OCV24DBEPD00031";2000;27;"StefanoVanuzzo";" ";;"N";"N";
"DBELE";"OCV24DBEPD00032";1000;20;"lucabressana";" ";;"N";"N";
"DBELE";"OCV24DBEPD00032";2000;20;"lucabressana";" ";;"N";"N";
"DBELE";"OCV24DBEPD00032";3000;20;"lucabressana";" ";;"N";"N";
"DBELE";"OCV24DBEPD00032";4000;50;;" ";;"N";"N";
"DBELE";"OCV24DBEPD00032";5000;27;"EnricoCiscato";" ";;"N";"N";
"DBELE";"OCV24DBEPD00032";6000;20;"lucabressana";" ";;"N";"N";
"DBELE";"OCV24DBEPD00032";7000;50;;" ";;"N";"N";
"DBELE";"OCV24DBEPD00032";8000;50;;" ";;"N";"N";
"DBELE";"OCV24DBEPD00033";1000;20;"lucabressana";" ";;"N";"N";
"DBELE";"OCV24DBEPD00033";2000;20;"lucabressana";" ";;"N";"N";
"DBELE";"OCV24DBEPD00033";3000;20;"lucabressana";" ";;"N";"N";
"DBELE";"OCV24DBEPD00033";4000;50;;" ";;"N";"N";
"DBELE";"OCV24DBEPD00033";5000;27;"EnricoCiscato";" ";;"N";"N";
"DBELE";"OCV24DBEPD00033";6000;20;"lucabressana";" ";;"N";"N";
"DBELE";"OCV24DBEPD00033";7000;50;;" ";;"N";"N";
"DBELE";"OCV24DBEPD00033";8000;50;;" ";;"N";"N";
"DBELE";"OCV24DBEPD00034";2000;35;"FedericaFavero";" ";;"N";"N";
"DBELE";"OCV24DBEPD00035";1000;20;"LorenzoTasca";" ";;"N";"N";
"DBELE";"OCV24DBEPD00036";1000;50;"StefanoVanuzzo";" ";;"N";"N";
"DBELE";"OCV24DBEPD00037";1000;50;"StefanoVanuzzo";" ";;"N";"N";
"DBELE";"OCV24DBEPD00037";2000;10;;" ";;"N";"N";
"DBELE";"OCV24DBEPD00038";1000;50;"StefanoVanuzzo";" ";;"N";"N";
"DBELE";"OCV24DBEPD00039";1000;20;"LorenzoTasca";" ";;"N";"N";
"DBELE";"OCV24DBEPD00040";1000;20;"lucabressana";" ";;"N";"N";
"DBELE";"OCV24DBEPD00040";2000;20;"lucabressana";" ";;"N";"N";
"DBELE";"OCV24DBEPD00040";3000;20;"lucabressana";" ";;"N";"N";
"DBELE";"OCV24DBEPD00040";4000;20;"lucabressana";" ";;"N";"N";
"DBELE";"OCV24DBEPD00040";5000;20;"lucabressana";" ";;"N";"N";
"DBELE";"OCV24DBEPD00040";6000;20;"lucabressana";" ";;"N";"N";
"DBELE";"OCV24DBEPD00040";7000;20;"lucabressana";" ";;"N";"N";
"DBELE";"OCV24DBEPD00040";8000;20;"lucabressana";" ";;"N";"N";
"DBELE";"OCV24DBEPD00040";9000;20;"lucabressana";" ";;"N";"N";
"DBELE";"OCV24DBEPD00040";10000;20;"lucabressana";" ";;"N";"N";
"DBELE";"OCV24DBEPD00040";11000;20;"lucabressana";" ";;"N";"N";
"DBELE";"OCV24DBEPD00040";12000;20;"lucabressana";" ";;"N";"N";
"DBELE";"OCV24DBEPD00040";13000;20;"lucabressana";" ";;"N";"N";
"DBELE";"OCV24DBEPD00040";14000;20;"lucabressana";" ";;"N";"N";
"DBELE";"OCV24DBEPD00040";15000;20;"lucabressana";" ";;"N";"N";
"DBELE";"OCV24DBEPD00040";16000;20;"lucabressana";" ";;"N";"N";
"DBELE";"OCV24DBEPD00040";17000;20;"lucabressana";" ";;"N";"N";
"DBELE";"OCV24DBEPD00040";18000;20;"lucabressana";" ";;"N";"N";
"DBELE";"OCV24DBEPD00040";19000;20;"lucabressana";" ";;"N";"N";
"DBELE";"OCV24DBEPD00040";20000;20;"lucabressana";" ";;"N";"N";
"DBELE";"OCV24DBEPD00040";21000;20;"lucabressana";" ";;"N";"N";
"DBELE";"OCV24DBEPD00040";21333;10;;" ";;"N";"N";
"DBELE";"OCV24DBEPD00040";21499;10;;" ";;"N";"N";
"DBELE";"OCV24DBEPD00040";21666;10;;" ";;"N";"N";
"DBELE";"OCV24DBEPD00040";21699;10;;" ";;"N";"N";
"DBELE";"OCV24DBEPD00040";21732;10;;" ";;"N";"N";
"DBELE";"OCV24DBEPD00040";21765;10;;" ";;"N";"N";
"DBELE";"OCV24DBEPD00040";21798;10;;" ";;"N";"N";
"DBELE";"OCV24DBEPD00040";21831;10;;" ";;"N";"N";
"DBELE";"OCV24DBEPD00040";21864;10;;" ";;"N";"N";
"DBELE";"OCV24DBEPD00040";21897;10;;" ";;"N";"N";
"DBELE";"OCV24DBEPD00040";21930;10;;" ";;"N";"N";
"DBELE";"OCV24DBEPD00040";21946;10;;" ";;"N";"N";
"DBELE";"OCV24DBEPD00040";21963;10;;" ";;"N";"N";
"DBELE";"OCV24DBEPD00040";22000;50;;" ";;"N";"N";
"DBELE";"OCV24DBEPD00040";23000;50;;" ";;"N";"N";
"DBELE";"OCV24DBEPD00040";24000;50;;" ";;"N";"N";
"DBELE";"OCV24DBEPD00040";25000;50;;" ";;"N";"N";
"DBELE";"OCV24DBEPD00040";26000;50;;" ";;"N";"N";
"DBELE";"OCV24DBEPD00040";27000;50;;" ";;"N";"N";
"DBELE";"OCV24DBEPD00040";28000;50;;" ";;"N";"N";
"DBELE";"OCV24DBEPD00043";1000;50;"StefanoVanuzzo";" ";;"N";"N";
"DBELE";"OCV24DBEPD00043";2000;27;"StefanoVanuzzo";" ";;"N";"N";
"DBELE";"OCV24DBEPD00044";1000;50;"StefanoVanuzzo";" ";;"N";"N";
"DBELE";"OCV24DBEPD00044";2000;50;"StefanoVanuzzo";" ";;"N";"N";
"DBELE";"OCV24DBEPD00044";3000;50;"StefanoVanuzzo";" ";;"N";"N";
"DBELE";"OCV24DBEPD00044";4000;50;"StefanoVanuzzo";" ";;"N";"N";
"DBELE";"OCV24DBEPD00044";5000;50;"StefanoVanuzzo";" ";;"N";"N";
"DBELE";"OCV24DBEPD00044";6000;50;"StefanoVanuzzo";" ";;"N";"N";
"DBELE";"OCV24DBEPD00044";7000;50;"StefanoVanuzzo";" ";;"N";"N";
"DBELE";"OCV24DBEPD00044";8000;50;"StefanoVanuzzo";" ";;"N";"N";
"DBELE";"OCV24DBEPD00044";9000;50;"StefanoVanuzzo";" ";;"N";"N";
"DBELE";"OCV24DBEPD00044";10000;50;"StefanoVanuzzo";" ";;"N";"N";
"DBELE";"OCV24DBEPD00044";11000;50;"StefanoVanuzzo";" ";;"N";"N";
"DBELE";"OCV24DBEPD00044";12000;50;"StefanoVanuzzo";" ";;"N";"N";
"DBELE";"OCV24DBEPD00044";13000;50;"StefanoVanuzzo";" ";;"N";"N";
"DBELE";"OCV24DBEPD00044";14000;50;"StefanoVanuzzo";" ";;"N";"N";
"DBELE";"OCV24DBEPD00044";15000;50;"StefanoVanuzzo";" ";;"N";"N";
"DBELE";"OCV24DBEPD00044";16000;50;"StefanoVanuzzo";" ";;"N";"N";
"DBELE";"OCV24DBEPD00044";17000;50;"StefanoVanuzzo";" ";;"N";"N";
"DBELE";"OCV24DBEPD00044";18000;50;"StefanoVanuzzo";" ";;"N";"N";
"DBELE";"OCV24DBEPD00044";19000;50;"StefanoVanuzzo";" ";;"N";"N";
"DBELE";"OCV24DBEPD00044";20000;50;"StefanoVanuzzo";" ";;"N";"N";
"DBELE";"OCV24DBEPD00044";21000;50;"StefanoVanuzzo";" ";;"N";"N";
"DBELE";"OCV24DBEPD00044";22000;50;"StefanoVanuzzo";" ";;"N";"N";
"DBELE";"OCV24DBEPD00044";23000;50;"StefanoVanuzzo";" ";;"N";"N";
"DBELE";"OCV24DBEPD00044";24000;50;"StefanoVanuzzo";" ";;"N";"N";
"DBELE";"OCV24DBEPD00045";1000;30;"LorenzoTasca";" ";;"N";"N";
"DBELE";"OCV24DBEPD00045";2000;10;;" ";;"N";"N";
"DBELE";"OCV24DBEPD00049";1000;20;"lucabressana";" ";;"N";"N";
"DBELE";"OCV24DBEPD00049";2000;10;;" ";;"N";"N";
"DBELE";"OCV25DBEBS00001";1000;20;"danieledotti";" ";;"N";"N";
"DBELE";"OCV25DBEBS00002";1000;20;"danieledotti";" ";;"N";"N";
"DBELE";"OCV25DBEBS00004";1000;35;"danieledotti";" ";;"N";"N";
"DBELE";"OCV25DBEBS00005";1000;20;"danieledotti";" ";;"N";"N";
"DBELE";"OCV25DBEBS00009";1000;20;"LorenzoTasca";" ";;"N";"N";
"DBELE";"OCV25DBEBS00009";2000;50;"lucabressana";" ";"Ch. 12A - 380V";"S";"N";
"DBELE";"OCV25DBEPD00001";1000;50;"StefanoVanuzzo";" ";;"N";"N";
"DBELE";"OCV25DBEPD00002";1000;20;"LorenzoTasca";" ";;"N";"N";
"DBELE";"OCV25DBEPD00002";2000;20;"LorenzoTasca";" ";;"N";"N";
"DBELE";"OCV25DBEPD00002";3000;20;"EnricoCiscato";" ";;"N";"N";
"DBELE";"OCV25DBEPD00005";1000;30;"LorenzoTasca";" ";;"N";"N";
"DBELE";"OCV25DBEPD00005";2000;30;"LorenzoTasca";" ";;"N";"N";
"DBELE";"OCV25DBEPD00005";3000;30;"LorenzoTasca";" ";;"N";"N";
"DBELE";"OCV25DBEPD00005";4000;30;"LorenzoTasca";" ";;"N";"N";
"DBELE";"OCV25DBEPD00005";5000;30;"LorenzoTasca";" ";;"N";"N";
"DBELE";"OCV25DBEPD00005";6000;30;"LorenzoTasca";" ";;"N";"N";
"DBELE";"OCV25DBEPD00005";7000;30;"LorenzoTasca";" ";;"N";"N";
"DBELE";"OCV25DBEPD00005";8000;30;"LorenzoTasca";" ";;"N";"N";
"DBELE";"OCV25DBEPD00005";9000;30;"LorenzoTasca";" ";;"N";"N";
"DBELE";"OCV25DBEPD00006";1000;35;"LorenzoTasca";" ";;"N";"N";
"DBELE";"OCV25DBEPD00006";2000;35;"LorenzoTasca";" ";;"N";"N";
"DBELE";"OCV25DBEPD00007";1000;30;"LorenzoTasca";" ";;"N";"N";
"DBELE";"OCV25DBEPD00008";1000;20;"LorenzoTasca";" ";;"N";"N";
"DBELE";"OCV25DBEPD00008";2000;20;"LorenzoTasca";" ";;"N";"N";
"DBELE";"OCV25DBEPD00009";1000;10;;" ";;"N";"N";
"DBELE";"OCV25DBEPD00010";1000;20;"LorenzoTasca";" ";;"N";"N";
"DBELE";"OCV25DBEPD00011";1000;10;;" ";;"N";"N";
"DBELE";"OCV25DBEPD00012";1000;10;;" ";;"N";"N";
"DBELE";"OCV25DBEPD00012";2000;10;;" ";;"N";"N";
"DBELE";"OCV25DBEPD00012";3000;10;;" ";;"N";"N";
"DBELE";"OCV25DBEPD00012";4000;10;;" ";;"N";"N";
"DBELE";"OCV25DBEPD00012";5000;10;;" ";;"N";"N";
"DBELE";"OCV25DBEPD00012";6000;10;;" ";;"N";"N";
"DBELE";"OCV25DBEPD00012";7000;10;;" ";;"N";"N";
"DBELE";"OCV25DBEPD00012";8000;10;;" ";;"N";"N";
"DBELE";"OCV25DBEPD00012";9000;10;;" ";;"N";"N";
"DBELE";"OCV25DBEPD00012";10000;10;;" ";;"N";"N";
"DBELE";"OCV25DBEPD00012";11000;10;;" ";;"N";"N";
"DBELE";"OCV25DBEPD00012";12000;10;;" ";;"N";"N";
"DBELE";"OCV25DBEPD00012";13000;10;;" ";;"N";"N";
"DBELE";"OCV25DBEPD00012";14000;10;;" ";;"N";"N";
"DBELE";"OCV25DBEPD00012";15000;10;;" ";;"N";"N";
"DBELE";"OCV25DBEPD00012";16000;10;;" ";;"N";"N";
"DBELE";"OCV25DBEPD00012";17000;10;;" ";;"N";"N";
"DBELE";"OCV25DBEPD00012";18000;10;;" ";;"N";"N";
"DBELE";"OCV25DBEPD00012";19000;10;;" ";;"N";"N";
"DBELE";"OCV25DBEPD00012";20000;10;;" ";;"N";"N";
"DBELE";"OCV25DBEPD00012";21000;10;;" ";;"N";"N";
"DBELE";"OCV25DBEPD00012";22000;10;;" ";;"N";"N";
"DBELE";"OCV25DBEPD00012";23000;10;;" ";;"N";"N";
"DBELE";"OCV25DBEPD00012";24000;10;;" ";;"N";"N";
"DBELE";"OCV25DBEPD00012";25000;10;;" ";;"N";"N";
"DBELE";"OCV25DBEPD00012";26000;10;;" ";;"N";"N";
"DBELE";"OCV25DBEPD00012";27000;10;;" ";;"N";"N";
"DBELE";"OCV25DBEPD00012";28000;10;;" ";;"N";"N";
"DBELE";"OCV25DBEPD00012";29000;10;;" ";;"N";"N";
"DBELE";"OCV25DBEPD00012";30000;10;;" ";;"N";"N";
"DBELE";"OCV25DBEPD00012";31000;10;;" ";;"N";"N";
"DBELE";"OCV25DBEPD00012";32000;10;;" ";;"N";"N";
"DBELE";"OCV25DBEPD00012";32500;10;;" ";;"N";"N";
"DBELE";"OCV25DBEPD00012";34000;10;;" ";;"N";"N";
"DBELE";"OCV25DBEPD00012";35000;10;;" ";;"N";"N";
"DBELE";"OCV25DBEPD00012";36000;10;;" ";;"N";"N";
"DBELE";"OCV25DBEPD00012";37000;10;;" ";;"N";"N";
"DBELE";"OCV25DBEPD00012";38000;10;;" ";;"N";"N";
"DBELE";"OCV25DBEPD00012";39000;10;;" ";;"N";"N";
"DBELE";"OCV25DBEPD00012";40000;10;;" ";;"N";"N";
"DBELE";"OCV25DBEPD00012";41000;10;;" ";;"N";"N";
"DBELE";"OCV25DBEPD00012";42000;10;;" ";;"N";"N";
"DBELE";"OCV25DBEPD00012";43000;10;;" ";;"N";"N";
"DBELE";"OCV25DBEPD00012";44000;10;;" ";;"N";"N";
"DBELE";"OCV25DBEPD00012";45000;10;;" ";;"N";"N";
"DBELE";"OCV25DBEPD00012";46000;10;;" ";;"N";"N";
"DBELE";"OCV25DBEPD00012";47000;10;;" ";;"N";"N";
"DBELE";"OCV25DBEPD00012";48000;10;;" ";;"N";"N";
"DBELE";"OCV25DBEPD00012";49000;10;;" ";;"N";"N";
"DBELE";"OCV25DBEPD00012";50000;10;;" ";;"N";"N";
"DBELE";"OCV25DBEPD00012";51000;10;;" ";;"N";"N";
"DBELE";"OCV25DBEPD00012";52000;10;;" ";;"N";"N";
"DBELE";"OCV25DBEPD00012";53000;10;;" ";;"N";"N";
"DBELE";"OCV25DBEPD00012";54000;10;;" ";;"N";"N";
"DBELE";"OCV25DBEPD00012";55000;10;;" ";;"N";"N";
"DBELE";"OCV25DBEPD00012";56000;10;;" ";;"N";"N";
"DBELE";"OCV25DBEPD00012";57000;10;;" ";;"N";"N";
"DBELE";"OCV25DBEPD00012";58000;10;;" ";;"N";"N";
"DBELE";"OCV25DBEPD00012";59000;10;;" ";;"N";"N";
"DBELE";"OCV25DBEPD00012";60000;10;;" ";;"N";"N";
"DBELE";"OCV25DBEPD00012";61000;10;;" ";;"N";"N";
"DBELE";"OCV25DBEPD00012";62000;10;;" ";;"N";"N";
"DBELE";"OCV25DBEPD00012";63000;10;;" ";;"N";"N";
"DBELE";"OCV25DBEPD00012";64000;10;;" ";;"N";"N";
"DBELE";"OCV25DBEPD00012";65000;10;;" ";;"N";"N";
"DBELE";"OCV25DBEPD00013";500;10;;" ";;"N";"N";
"DBELE";"OCV25DBEPD00013";1000;10;;" ";;"N";"N";
"DBELE";"OCV25DBEPD00013";2000;10;;" ";;"N";"N";
"DBELE";"OCV25DBEPD00013";3000;10;;" ";;"N";"N";
"DBELE";"OCV25DBEPD00013";4000;10;;" ";;"N";"N";
"DBELE";"OCV25DBEPD00013";5000;10;;" ";;"N";"N";
"DBELE";"OCV25DBEPD00013";6000;10;;" ";;"N";"N";
"DBELE";"OCV25DBEPD00013";7000;10;;" ";;"N";"N";
"DBELE";"OCV25DBEPD00013";8000;10;;" ";;"N";"N";
"DBELE";"OCV25DBEPD00013";9000;10;;" ";;"N";"N";
"DBELE";"OCV25DBEPD00013";10000;10;;" ";;"N";"N";
"DBELE";"OCV25DBEPD00013";11000;10;;" ";;"N";"N";
"DBELE";"OCV25DBEPD00013";12000;10;;" ";;"N";"N";
"DBELE";"OCV25DBEPD00013";13000;10;;" ";;"N";"N";
"DBELE";"OCV25DBEPD00013";14000;10;;" ";;"N";"N";
"DBELE";"OCV25DBEPD00013";15000;10;;" ";;"N";"N";
"DBELE";"OCV25DBEPD00013";16000;10;;" ";;"N";"N";
"DBELE";"OCV25DBEPD00013";16666;10;;" ";;"N";"N";
"DBELE";"OCV25DBEPD00013";16999;10;;" ";;"N";"N";
"DBELE";"OCV25DBEPD00013";17000;10;;" ";;"N";"N";
"DBELE";"OCV25DBEPD00013";18000;10;;" ";;"N";"N";
"DBELE";"OCV25DBEPD00013";19000;10;;" ";;"N";"N";
"DBELE";"OCV25DBEPD00013";20000;10;;" ";;"N";"N";
"DBELE";"OCV25DBEPD00013";21000;10;;" ";;"N";"N";
"DBELE";"OCV25DBEPD00013";22000;10;;" ";;"N";"N";
"DBELE";"OCV25DBEPD00013";23000;10;;" ";;"N";"N";
"DBELE";"OCV25DBEPD00013";24000;10;;" ";;"N";"N";
"DBELE";"OCV25DBEPD00013";25000;10;;" ";;"N";"N";
"DBELE";"OCV25DBEPD00013";26000;10;;" ";;"N";"N";
"DBELE";"OCV25DBEPD00013";27000;10;;" ";;"N";"N";
"DBELE";"OCV25DBEPD00013";28000;10;;" ";;"N";"N";
"DBELE";"OCV25DBEPD00013";29000;10;;" ";;"N";"N";
"DBELE";"OCV25DBEPD00013";30000;10;;" ";;"N";"N";
"DBELE";"OCV25DBEPD00013";31000;10;;" ";;"N";"N";
"DBELE";"OCV25DBEPD00013";32000;10;;" ";;"N";"N";
"DBELE";"OCV25DBEPD00013";33000;10;;" ";;"N";"N";
"DBELE";"OCV25DBEPD00013";34000;10;;" ";;"N";"N";
"DBELE";"OCV25DBEPD00013";34500;10;;" ";;"N";"N";
"DBELE";"OCV25DBEPD00013";35000;10;;" ";;"N";"N";
"DBELE";"OCV25DBEPD00013";36000;10;;" ";;"N";"N";
"DBELE";"OCV25DBEPD00013";37000;10;;" ";;"N";"N";
"DBELE";"OCV25DBEPD00013";38000;10;;" ";;"N";"N";
"DBELE";"OCV25DBEPD00013";39000;10;;" ";;"N";"N";
"DBELE";"OCV25DBEPD00013";40000;10;;" ";;"N";"N";
"DBELE";"OCV25DBEPD00013";41000;10;;" ";;"N";"N";
"DBELE";"OCV25DBEPD00013";42000;10;;" ";;"N";"N";
"DBELE";"OCV25DBEPD00013";43000;10;;" ";;"N";"N";
"DBELE";"OCV25DBEPD00013";44000;10;;" ";;"N";"N";
"DBELE";"OCV25DBEPD00013";44500;10;;" ";;"N";"N";
"DBELE";"OCV25DBEPD00013";45000;10;;" ";;"N";"N";
"DBELE";"OCV25DBEPD00013";46000;10;;" ";;"N";"N";
"DBELE";"OCV25DBEPD00013";47000;10;;" ";;"N";"N";
"DBELE";"OCV25DBEPD00013";48000;10;;" ";;"N";"N";
"DBELE";"OCV25DBEPD00013";49000;10;;" ";;"N";"N";
"DBELE";"OCV25DBEPD00013";50000;10;;" ";;"N";"N";
"DBELE";"OCV25DBEPD00013";51000;10;;" ";;"N";"N";
"DBELE";"OCV25DBEPD00013";52000;10;;" ";;"N";"N";
"DBELE";"OCV25DBEPD00013";53000;10;;" ";;"N";"N";
"DBELE";"OCV25DBEPD00013";54000;10;;" ";;"N";"N";
"DBELE";"OCV25DBEPD00013";55000;10;;" ";;"N";"N";
"DBELE";"OCV25DBEPD00013";56000;10;;" ";;"N";"N";
"DBELE";"OCV25DBEPD00013";57000;10;;" ";;"N";"N";
"DBELE";"OCV25DBEPD00013";58000;10;;" ";;"N";"N";
"DBELE";"OCV25DBEPD00013";59000;10;;" ";;"N";"N";
"DBELE";"OCV25DBEPD00013";60000;10;;" ";;"N";"N";
"DBELE";"OCV25DBEPD00013";61000;10;;" ";;"N";"N";
"DBELE";"OCV25DBEPD00013";62000;10;;" ";;"N";"N";
"DBELE";"OCV25DBEPD00013";63000;10;;" ";;"N";"N";
"DBELE";"OCV25DBEPD00013";64000;10;;" ";;"N";"N";
"DBELE";"OCV25DBEPD00013";65000;10;;" ";;"N";"N";
"DBELE";"OCV25DBEPD00013";66000;10;;" ";;"N";"N";
"DBELE";"OCV25DBEPD00013";67000;10;;" ";;"N";"N";
"DBELE";"OCV25DBEPD00013";68000;10;;" ";;"N";"N";
"DBELE";"OCV25DBEPD00013";69000;10;;" ";;"N";"N";
"DBELE";"OCV25DBEPD00013";70000;10;;" ";;"N";"N";
"DBELE";"OCV25DBEPD00013";71000;10;;" ";;"N";"N";
"DBELE";"OCV25DBEPD00013";72000;10;;" ";;"N";"N";
"DBELE";"OCV25DBEPD00013";73000;10;;" ";;"N";"N";
"DBELE";"OCV25DBEPD00013";74000;10;;" ";;"N";"N";
"DBELE";"OCV25DBEPD00013";75000;10;;" ";;"N";"N";
"DBELE";"OCV25DBEPD00013";76000;10;;" ";;"N";"N";
"DBELE";"OCV25DBEPD00013";77000;10;;" ";;"N";"N";
"DBELE";"OCV25DBEPD00013";78000;10;;" ";;"N";"N";
"DBELE";"OCV25DBEPD00013";79000;10;;" ";;"N";"N";
"DBELE";"OCV25DBEPD00014";500;10;;" ";;"N";"N";
"DBELE";"OCV25DBEPD00014";1000;10;;" ";;"N";"N";
"DBELE";"OCV25DBEPD00014";2000;10;;" ";;"N";"N";
"DBELE";"OCV25DBEPD00014";3000;10;;" ";;"N";"N";
"DBELE";"OCV25DBEPD00014";4000;10;;" ";;"N";"N";
"DBELE";"OCV25DBEPD00014";5000;10;;" ";;"N";"N";
"DBELE";"OCV25DBEPD00014";6000;10;;" ";;"N";"N";
"DBELE";"OCV25DBEPD00014";7000;10;;" ";;"N";"N";
"DBELE";"OCV25DBEPD00014";8000;10;;" ";;"N";"N";
"DBELE";"OCV25DBEPD00014";8500;10;;" ";;"N";"N";
"DBELE";"OCV25DBEPD00014";9000;10;;" ";;"N";"N";
"DBELE";"OCV25DBEPD00014";10000;10;;" ";;"N";"N";
"DBELE";"OCV25DBEPD00014";11000;10;;" ";;"N";"N";
"DBELE";"OCV25DBEPD00014";12000;10;;" ";;"N";"N";
"DBELE";"OCV25DBEPD00014";13000;10;;" ";;"N";"N";
"DBELE";"OCV25DBEPD00014";13500;10;;" ";;"N";"N";
"DBELE";"OCV25DBEPD00014";14000;10;;" ";;"N";"N";
"DBELE";"OCV25DBEPD00014";15000;10;;" ";;"N";"N";
"DBELE";"OCV25DBEPD00014";16000;10;;" ";;"N";"N";
"DBELE";"OCV25DBEPD00014";17000;10;;" ";;"N";"N";
"DBELE";"OCV25DBEPD00014";18000;10;;" ";;"N";"N";
"DBELE";"OCV25DBEPD00014";19000;10;;" ";;"N";"N";
"DBELE";"OCV25DBEPD00014";20000;10;;" ";;"N";"N";
"DBELE";"OCV25DBEPD00014";21000;10;;" ";;"N";"N";
"DBELE";"OCV25DBEPD00014";22000;10;;" ";;"N";"N";
"DBELE";"OCV25DBEPD00014";23000;10;;" ";;"N";"N";
"DBELE";"OCV25DBEPD00014";24000;10;;" ";;"N";"N";
"DBELE";"OCV25DBEPD00014";25000;10;;" ";;"N";"N";
"DBELE";"OCV25DBEPD00014";26000;10;;" ";;"N";"N";
"DBELE";"OCV25DBEPD00014";27000;10;;" ";;"N";"N";
"DBELE";"OCV25DBEPD00014";28000;10;;" ";;"N";"N";
"DBELE";"OCV25DBEPD00014";29000;10;;" ";;"N";"N";
"DBELE";"OCV25DBEPD00014";30000;10;;" ";;"N";"N";
"DBELE";"OCV25DBEPD00014";31000;10;;" ";;"N";"N";
"DBELE";"OCV25DBEPD00014";32000;10;;" ";;"N";"N";
"DBELE";"OCV25DBEPD00014";33000;10;;" ";;"N";"N";
"DBELE";"OCV25DBEPD00014";33500;10;;" ";;"N";"N";
"DBELE";"OCV25DBEPD00014";34000;10;;" ";;"N";"N";
"DBELE";"OCV25DBEPD00014";35000;10;;" ";;"N";"N";
"DBELE";"OCV25DBEPD00014";36000;10;;" ";;"N";"N";
"DBELE";"OCV25DBEPD00014";37000;10;;" ";;"N";"N";
"DBELE";"OCV25DBEPD00014";38000;10;;" ";;"N";"N";
"DBELE";"OCV25DBEPD00014";39000;10;;" ";;"N";"N";
"DBELE";"OCV25DBEPD00014";40000;10;;" ";;"N";"N";
"DBELE";"OCV25DBEPD00014";41000;10;;" ";;"N";"N";
"DBELE";"OCV25DBEPD00014";42000;10;;" ";;"N";"N";
"DBELE";"OCV25DBEPD00014";43000;10;;" ";;"N";"N";
"DBELE";"OCV25DBEPD00014";44000;10;;" ";;"N";"N";
"DBELE";"OCV25DBEPD00014";45000;10;;" ";;"N";"N";
"DBELE";"OCV25DBEPD00014";46000;10;;" ";;"N";"N";
"DBELE";"OCV25DBEPD00014";47000;10;;" ";;"N";"N";
"DBELE";"OCV25DBEPD00014";48000;10;;" ";;"N";"N";
"DBELE";"OCV25DBEPD00014";49000;10;;" ";;"N";"N";
"DBELE";"OCV25DBEPD00014";50000;10;;" ";;"N";"N";
"DBELE";"OCV25DBEPD00014";50500;10;;" ";;"N";"N";
"DBELE";"OCV25DBEPD00014";51000;10;;" ";;"N";"N";
"DBELE";"OCV25DBEPD00014";52000;10;;" ";;"N";"N";
"DBELE";"OCV25DBEPD00014";53000;10;;" ";;"N";"N";
"DBELE";"OCV25DBEPD00014";54000;10;;" ";;"N";"N";
"DBELE";"OCV25DBEPD00014";55000;10;;" ";;"N";"N";
"DBELE";"OCV25DBEPD00014";56000;10;;" ";;"N";"N";
"DBELE";"OCV25DBEPD00014";57000;10;;" ";;"N";"N";
"DBELE";"OCV25DBEPD00014";58000;10;;" ";;"N";"N";
"DBELE";"OCV25DBEPD00014";59000;10;;" ";;"N";"N";
"DBELE";"OCV25DBEPD00014";59500;10;;" ";;"N";"N";
"DBELE";"OCV25DBEPD00014";60000;10;;" ";;"N";"N";
"DBELE";"OCV25DBEPD00014";61000;10;;" ";;"N";"N";
"DBELE";"OCV25DBEPD00014";62000;10;;" ";;"N";"N";
"DBELE";"OCV25DBEPD00014";63000;10;;" ";;"N";"N";
"DBELE";"OCV25DBEPD00014";64000;10;;" ";;"N";"N";
"DBELE";"OCV25DBEPD00014";65000;10;;" ";;"N";"N";
"DBELE";"OCV25DBEPD00014";66000;10;;" ";;"N";"N";
"DBELE";"OCV25DBEPD00014";67000;10;;" ";;"N";"N";
"DBELE";"OCV25DBEPD00014";68000;10;;" ";;"N";"N";
"DBELE";"OCV25DBEPD00014";69000;10;;" ";;"N";"N";
"DBELE";"OCV25DBEPD00014";70000;10;;" ";;"N";"N";
"DBELE";"OCV25DBEPD00014";71000;10;;" ";;"N";"N";
"DBELE";"OCV25DBEPD00014";72000;10;;" ";;"N";"N";
"DBELE";"OCV25DBEPD00014";73000;10;;" ";;"N";"N";
"DBELE";"OCV25DBEPD00014";74000;10;;" ";;"N";"N";
"DBELE";"OCV25DBEPD00014";75000;10;;" ";;"N";"N";
"DBELE";"OCV25DBEPD00014";76000;10;;" ";;"N";"N";
"DBELE";"OCV25DBEPD00014";77000;10;;" ";;"N";"N";
"DBELE";"OCV25DBEPD00014";78000;10;;" ";;"N";"N";
"DBELE";"OCV25DBEPD00014";79000;10;;" ";;"N";"N";
"DBELE";"OCV25DBEPD00014";80000;10;;" ";;"N";"N";
"DBELE";"OCV25DBEPD00014";81000;10;;" ";;"N";"N";
"DBELE";"OCV25DBEPD00014";82000;10;;" ";;"N";"N";
"DBELE";"OCV25DBEPD00014";83000;10;;" ";;"N";"N";
"DBELE";"OCV25DBEPD00014";83500;10;;" ";;"N";"N";
"DBELE";"OCV25DBEPD00014";84000;10;;" ";;"N";"N";
"DBELE";"OCV25DBEPD00014";85000;10;;" ";;"N";"N";
"DBELE";"OCV25DBEPD00014";86000;10;;" ";;"N";"N";
"DBELE";"OCV25DBEPD00014";87000;10;;" ";;"N";"N";
"DBELE";"OCV25DBEPD00014";88000;10;;" ";;"N";"N";
"DBELE";"OCV25DBEPD00014";89000;10;;" ";;"N";"N";
"DBELE";"OCV25DBEPD00014";90000;10;;" ";;"N";"N";
"DBELE";"OCV25DBEPD00014";91000;10;;" ";;"N";"N";
"DBELE";"OCV25DBEPD00014";92000;10;;" ";;"N";"N";
"DBELE";"OCV25DBEPD00014";93000;10;;" ";;"N";"N";
"DBELE";"OCV25DBEPD00014";94000;10;;" ";;"N";"N";
"DBELE";"OCV25DBEPD00014";95000;10;;" ";;"N";"N";
"DBELE";"OCV25DBEPD00014";96000;10;;" ";;"N";"N";
"DBELE";"OCV25DBEPD00014";97000;10;;" ";;"N";"N";
"DBELE";"OCV25DBEPD00014";98000;10;;" ";;"N";"N";
"DBELE";"OCV25DBEPD00014";99000;10;;" ";;"N";"N";
"DBELE";"OCV25DBEPD00014";100000;10;;" ";;"N";"N";
"DBELE";"OCV25DBEPD00014";101000;10;;" ";;"N";"N";
"DBELE";"OCV25DBEPD00015";1000;10;;" ";;"N";"N";
"DBELE";"OCV25DBEPD00015";2000;10;;" ";;"N";"N";
"DBELE";"OCV25DBEPD00015";3000;10;;" ";;"N";"N";
"DBELE";"OCV25DBEPD00015";4000;10;;" ";;"N";"N";
"DBELE";"OCV25DBEPD00015";5000;10;;" ";;"N";"N";
"DBELE";"OCV25DBEPD00015";6000;10;;" ";;"N";"N";
"DBELE";"OCV25DBEPD00015";7000;10;;" ";;"N";"N";
"DBELE";"OCV25DBEPD00015";8000;10;;" ";;"N";"N";
"DBELE";"OCV25DBEPD00015";9000;10;;" ";;"N";"N";
"DBELE";"OCV25DBEPD00015";10000;10;;" ";;"N";"N";
"DBELE";"OCV25DBEPD00015";11000;10;;" ";;"N";"N";
"DBELE";"OCV25DBEPD00015";12000;10;;" ";;"N";"N";
"DBELE";"OCV25DBEPD00015";13000;10;;" ";;"N";"N";
"DBELE";"OCV25DBEPD00015";14000;10;;" ";;"N";"N";
"DBELE";"OCV25DBEPD00015";15000;10;;" ";;"N";"N";
"DBELE";"OCV25DBEPD00015";16000;10;;" ";;"N";"N";
"DBELE";"OCV25DBEPD00015";17000;10;;" ";;"N";"N";
"DBELE";"OCV25DBEPD00015";18000;10;;" ";;"N";"N";
"DBELE";"OCV25DBEPD00015";19000;10;;" ";;"N";"N";
"DBELE";"OCV25DBEPD00015";20000;10;;" ";;"N";"N";
"DBELE";"OCV25DBEPD00015";21000;10;;" ";;"N";"N";
"DBELE";"OCV25DBEPD00015";22000;10;;" ";;"N";"N";
"DBELE";"OCV25DBEPD00015";23000;10;;" ";;"N";"N";
"DBELE";"OCV25DBEPD00015";24000;10;;" ";;"N";"N";
"DBELE";"OCV25DBEPD00015";25000;10;;" ";;"N";"N";
"DBELE";"OCV25DBEPD00015";26000;10;;" ";;"N";"N";
"DBELE";"OCV25DBEPD00015";27000;10;;" ";;"N";"N";
"DBELE";"OCV25DBEPD00015";28000;10;;" ";;"N";"N";
"DBELE";"OCV25DBEPD00015";29000;10;;" ";;"N";"N";
"DBELE";"OCV25DBEPD00015";30000;10;;" ";;"N";"N";
"DBELE";"OCV25DBEPD00015";31000;10;;" ";;"N";"N";
"DBELE";"OCV25DBEPD00015";32000;10;;" ";;"N";"N";
"DBELE";"OCV25DBEPD00015";33000;10;;" ";;"N";"N";
"DBELE";"OCV25DBEPD00015";34000;10;;" ";;"N";"N";
"DBELE";"OCV25DBEPD00015";35000;10;;" ";;"N";"N";
"DBELE";"OCV25DBEPD00015";36000;10;;" ";;"N";"N";
"DBELE";"OCV25DBEPD00015";37000;10;;" ";;"N";"N";
"DBELE";"OCV25DBEPD00015";38000;10;;" ";;"N";"N";
"DBELE";"OCV25DBEPD00015";39000;10;;" ";;"N";"N";
"DBELE";"OCV25DBEPD00015";40000;10;;" ";;"N";"N";
"DBELE";"OCV25DBEPD00015";41000;10;;" ";;"N";"N";
"DBELE";"OCV25DBEPD00015";42000;10;;" ";;"N";"N";
"DBELE";"OCV25DBEPD00015";43000;10;;" ";;"N";"N";
"DBELE";"OCV25DBEPD00015";44000;10;;" ";;"N";"N";
"DBELE";"OCV25DBEPD00015";45000;10;;" ";;"N";"N";
"DBELE";"OCV25DBEPD00015";46000;10;;" ";;"N";"N";
"DBELE";"OCV25DBEPD00015";47000;10;;" ";;"N";"N";
"DBELE";"OCV25DBEPD00015";48000;10;;" ";;"N";"N";
"DBELE";"OCV25DBEPD00015";49000;10;;" ";;"N";"N";
"DBELE";"OCV25DBEPD00015";50000;10;;" ";;"N";"N";
"DBELE";"OCV25DBEPD00015";51000;10;;" ";;"N";"N";
"DBELE";"OCV25DBEPD00015";52000;10;;" ";;"N";"N";
"DBELE";"OCV25DBEPD00015";53000;10;;" ";;"N";"N";
"DBELE";"OCV25DBEPD00015";54000;10;;" ";;"N";"N";
"DBELE";"OCV25DBEPD00015";55000;10;;" ";;"N";"N";
"DBELE";"OCV25DBEPD00015";56000;10;;" ";;"N";"N";
"DBELE";"OCV25DBEPD00015";57000;10;;" ";;"N";"N";
"DBELE";"OCV25DBEPD00015";58000;10;;" ";;"N";"N";
"DBELE";"OCV25DBEPD00015";59000;10;;" ";;"N";"N";
"DBELE";"OCV25DBEPD00015";60000;10;;" ";;"N";"N";
"DBELE";"OCV25DBEPD00015";61000;10;;" ";;"N";"N";
"DBELE";"OCV25DBEPD00016";1000;10;;" ";;"N";"N";
"DBELE";"OCV25DBEPD00016";2000;10;;" ";;"N";"N";
"DBELE";"OCV25DBEPD00016";3000;10;;" ";;"N";"N";
"DBELE";"OCV25DBEPD00016";4000;10;;" ";;"N";"N";
"DBELE";"OCV25DBEPD00016";5000;10;;" ";;"N";"N";
"DBELE";"OCV25DBEPD00016";6000;10;;" ";;"N";"N";
"DBELE";"OCV25DBEPD00016";7000;10;;" ";;"N";"N";
"DBELE";"OCV25DBEPD00016";8000;10;;" ";;"N";"N";
"DBELE";"OCV25DBEPD00016";9000;10;;" ";;"N";"N";
"DBELE";"OCV25DBEPD00016";10000;10;;" ";;"N";"N";
"DBELE";"OCV25DBEPD00016";11000;10;;" ";;"N";"N";
"DBELE";"OCV25DBEPD00016";12000;10;;" ";;"N";"N";
"DBELE";"OCV25DBEPD00016";13000;10;;" ";;"N";"N";
"DBELE";"OCV25DBEPD00016";14000;10;;" ";;"N";"N";
"DBELE";"OCV25DBEPD00016";15000;10;;" ";;"N";"N";
"DBELE";"OCV25DBEPD00016";16000;10;;" ";;"N";"N";
"DBELE";"OCV25DBEPD00016";17000;10;;" ";;"N";"N";
"DBELE";"OCV25DBEPD00016";18000;10;;" ";;"N";"N";
"DBELE";"OCV25DBEPD00016";19000;10;;" ";;"N";"N";
"DBELE";"OCV25DBEPD00016";20000;10;;" ";;"N";"N";
"DBELE";"OCV25DBEPD00016";21000;10;;" ";;"N";"N";
"DBELE";"OCV25DBEPD00016";22000;10;;" ";;"N";"N";
"DBELE";"OCV25DBEPD00016";23000;10;;" ";;"N";"N";
"DBELE";"OCV25DBEPD00016";24000;10;;" ";;"N";"N";
"DBELE";"OCV25DBEPD00016";25000;10;;" ";;"N";"N";
"DBELE";"OCV25DBEPD00016";26000;10;;" ";;"N";"N";
"DBELE";"OCV25DBEPD00016";27000;10;;" ";;"N";"N";
"DBELE";"OCV25DBEPD00016";28000;10;;" ";;"N";"N";
"DBELE";"OCV25DBEPD00016";29000;10;;" ";;"N";"N";
"DBELE";"OCV25DBEPD00016";30000;10;;" ";;"N";"N";
"DBELE";"OCV25DBEPD00016";31000;10;;" ";;"N";"N";
"DBELE";"OCV25DBEPD00016";32000;10;;" ";;"N";"N";
"DBELE";"OCV25DBEPD00016";33000;10;;" ";;"N";"N";
"DBELE";"OCV25DBEPD00016";34000;10;;" ";;"N";"N";
"DBELE";"OCV25DBEPD00016";35000;10;;" ";;"N";"N";
"DBELE";"OCV25DBEPD00016";36000;10;;" ";;"N";"N";
"DBELE";"OCV25DBEPD00016";37000;10;;" ";;"N";"N";
"DBELE";"OCV25DBEPD00016";38000;10;;" ";;"N";"N";
"DBELE";"OCV25DBEPD00016";39000;10;;" ";;"N";"N";
"DBELE";"OCV25DBEPD00016";40000;10;;" ";;"N";"N";
"DBELE";"OCV25DBEPD00016";41000;10;;" ";;"N";"N";
"DBELE";"OCV25DBEPD00016";42000;10;;" ";;"N";"N";
"DBELE";"OCV25DBEPD00016";42500;10;;" ";;"N";"N";
"DBELE";"OCV25DBEPD00016";43000;10;;" ";;"N";"N";
"DBELE";"OCV25DBEPD00016";44000;10;;" ";;"N";"N";
"DBELE";"OCV25DBEPD00016";45000;10;;" ";;"N";"N";
"DBELE";"OCV25DBEPD00016";46000;10;;" ";;"N";"N";
"DBELE";"OCV25DBEPD00016";47000;10;;" ";;"N";"N";
"DBELE";"OCV25DBEPD00016";48000;10;;" ";;"N";"N";
"DBELE";"OCV25DBEPD00016";49000;10;;" ";;"N";"N";
"DBELE";"OCV25DBEPD00016";50000;10;;" ";;"N";"N";
"DBELE";"OCV25DBEPD00016";51000;10;;" ";;"N";"N";
"DBELE";"OCV25DBEPD00016";52000;10;;" ";;"N";"N";
"DBELE";"OCV25DBEPD00016";53000;10;;" ";;"N";"N";
"DBELE";"OCV25DBEPD00016";54000;10;;" ";;"N";"N";
"DBELE";"OCV25DBEPD00016";55000;10;;" ";;"N";"N";
"DBELE";"OCV25DBEPD00016";56000;10;;" ";;"N";"N";
"DBELE";"OCV25DBEPD00016";57000;10;;" ";;"N";"N";
"DBELE";"OCV25DBEPD00016";58000;10;;" ";;"N";"N";
"DBELE";"OCV25DBEPD00016";59000;10;;" ";;"N";"N";
"DBELE";"OCV25DBEPD00016";60000;10;;" ";;"N";"N";
"DBELE";"OCV25DBEPD00016";61000;10;;" ";;"N";"N";
"DBELE";"OCV25DBEPD00016";62000;10;;" ";;"N";"N";
"DBELE";"OCV25DBEPD00016";63000;10;;" ";;"N";"N";
"DBELE";"OCV25DBEPD00016";64000;10;;" ";;"N";"N";
"DBELE";"OCV25DBEPD00016";65000;10;;" ";;"N";"N";
"DBELE";"OCV25DBEPD00016";66000;10;;" ";;"N";"N";
"DBELE";"OCV25DBEPD00016";67000;10;;" ";;"N";"N";
"DBELE";"OCV25DBEPD00016";68000;10;;" ";;"N";"N";
"DBELE";"OCV25DBEPD00016";69000;10;;" ";;"N";"N";
"DBELE";"OCV25DBEPD00016";70000;10;;" ";;"N";"N";
"DBELE";"OCV25DBEPD00016";71000;10;;" ";;"N";"N";
"DBELE";"OCV25DBEPD00016";72000;10;;" ";;"N";"N";
"DBELE";"OCV25DBEPD00016";73000;10;;" ";;"N";"N";
"DBELE";"OCV25DBEPD00016";74000;10;;" ";;"N";"N";
"DBELE";"OCV25DBEPD00016";75000;10;;" ";;"N";"N";
"DBELE";"OCV25DBEPD00016";76000;10;;" ";;"N";"N";
"DBELE";"OCV25DBEPD00016";77000;10;;" ";;"N";"N";
"DBELE";"OCV25DBEPD00016";78000;10;;" ";;"N";"N";
"DBELE";"OCV25DBEPD00016";79000;10;;" ";;"N";"N";
"DBELE";"OCV25DBEPD00016";80000;10;;" ";;"N";"N";
"DBELE";"OCV25DBEPD00016";81000;10;;" ";;"N";"N";
"DBELE";"OCV25DBEPD00016";82000;10;;" ";;"N";"N";
"DBELE";"OCV25DBEPD00016";83000;10;;" ";;"N";"N";
"DBELE";"OCV25DBEPD00016";84000;10;;" ";;"N";"N";
"DBELE";"OCV25DBEPD00016";85000;10;;" ";;"N";"N";
"DBELE";"OCV25DBEPD00016";86000;10;;" ";;"N";"N";
"DBELE";"OCV25DBEPD00016";87000;10;;" ";;"N";"N";
"DBELE";"OCV25DBEPD00016";88000;10;;" ";;"N";"N";
"DBELE";"OCV25DBEPD00016";89000;10;;" ";;"N";"N";
"DBELE";"OCV25DBEPD00016";89500;10;;" ";;"N";"N";
"DBELE";"OCV25DBEPD00016";90000;10;;" ";;"N";"N";
"DBELE";"OCV25DBEPD00016";91000;10;;" ";;"N";"N";
"DBELE";"OCV25DBEPD00016";92000;10;;" ";;"N";"N";
"DBELE";"OCV25DBEPD00016";93000;10;;" ";;"N";"N";
"DBELE";"OCV25DBEPD00016";94000;10;;" ";;"N";"N";
"DBELE";"OCV25DBEPD00016";95000;10;;" ";;"N";"N";
"DBELE";"OCV25DBEPD00016";96000;10;;" ";;"N";"N";
"DBELE";"OCV25DBEPD00016";97000;10;;" ";;"N";"N";
"DBELE";"OCV25DBEPD00016";98000;10;;" ";;"N";"N";
"DBELE";"OCV25DBEPD00018";1000;10;;" ";;"N";"N";
"DBELE";"ODI21DBEBS00001";1000;50;;" ";;"N";"N";
"DBELE";"ODI21DBEBS00001";2000;50;;" ";;"N";"N";
"DBELE";"ODI21DBEBS00002";1000;50;;" ";;"N";"N";
"DBELE";"ODI21DBEBS00002";2000;50;;" ";;"N";"N";
"DBELE";"ODI21DBEBS00002";3000;50;;" ";;"N";"N";
"DBELE";"ODI21DBEBS00002";4000;50;;" ";;"N";"N";
"DBELE";"ODI21DBEBS00003";1000;10;;" ";;"N";"N";
"DBELE";"ODI21DBEBS00004";1000;10;;" ";;"N";"N";
"DBELE";"ODI21DBEBS00005";2000;50;;" ";;"N";"N";
"DBELE";"ODI21DBEBS00006";2000;50;;" ";;"N";"N";
"DBELE";"ODI21DBEBS00007";2000;10;;" ";;"N";"N";
"DBELE";"ODI21DBEBS00008";1000;10;;" ";;"N";"N";
"DBELE";"ODI21DBEBS00009";1000;10;;" ";;"N";"N";
"DBELE";"ODI21DBEBS00010";1000;10;;" ";;"N";"N";
"DBELE";"ODI21DBEBS00011";1000;10;;" ";;"N";"N";
"DBELE";"ODI21DBEBS00012";1000;45;;" ";;"N";"N";
"DBELE";"ODI21DBEBS00013";1000;50;;" ";;"N";"N";
"DBELE";"ODI21DBEBS00014";1000;10;;" ";;"N";"N";
"DBELE";"ODI21DBEBS00015";1000;10;;" ";;"N";"N";
"DBELE";"ODI21DBEBS00016";1000;50;;" ";;"N";"N";
"DBELE";"ODV20DBEPD00002";1000;10;;" ";;"N";"N";
"DBELE";"ODV20DBEPD00003";1000;10;;" ";;"N";"N";
"DBELE";"ODV20DBEPD00003";2000;10;;" ";;"N";"N";
"DBELE";"ODV20DBEPD00004";1000;20;"IlariaCavinato";" ";;"N";"N";
"DBELE";"ODV20DBEPD00006";1000;20;"IlariaCavinato";" ";;"N";"N";
"DBELE";"ODV20DBEPD00007";1000;10;;" ";;"N";"N";
"DBELE";"ODV20DBEPD00008";1000;10;;" ";;"N";"N";
"DBELE";"ODV20DBEPD00009";1000;10;;" ";;"N";"N";
"DBELE";"ODV20DBEPD00010";1000;10;;" ";;"N";"N";
"DBELE";"ODV20DBEPD00011";1000;10;;" ";;"N";"N";
"DBELE";"ODV20DBEPD00012";1000;10;;" ";;"N";"N";
"DBELE";"ODV20DBEPD00013";1000;10;;" ";;"N";"N";
"DBELE";"ODV20DBEPD00014";1000;10;;" ";;"N";"N";
"DBELE";"ODV20DBEPD00015";1000;10;;" ";;"N";"N";
"DBELE";"ODV21DBEBS00001";1000;50;"trasmettitori";" ";;"N";"N";
"DBELE";"ODV21DBEBS00001";2000;10;;" ";;"N";"N";
"DBELE";"ODV21DBEBS00002";1000;10;;" ";;"N";"N";
"DBELE";"ODV21DBEBS00003";1000;10;;" ";;"N";"N";
"DBELE";"ODV21DBEBS00004";1000;10;;" ";;"N";"N";
"DBELE";"ODV21DBEBS00005";1000;50;"trasmettitori";" ";"Cliente: PROBROADCAST AS - rif. ODV21DBEBS00004

Ch. 9";"S";"N";
"DBELE";"ODV21DBEBS00005";2000;50;"trasmettitori";" ";;"N";"N";
"DBELE";"ODV21DBEBS00005";3000;50;"rosa";" ";;"N";"N";
"DBELE";"ODV21DBEBS00005";4000;10;;" ";;"N";"N";
"DBELE";"ODV21DBEBS00006";1000;10;;" ";;"N";"N";
"DBELE";"ODV21DBEBS00007";1000;50;"trasmettitori";" ";"Cliente: GENCOM - rif. ord. ODV21DBEBS00006


2x Ch. 28 DVB-T/T2";"S";"N";
"DBELE";"ODV21DBEBS00007";2000;50;"trasmettitori";" ";;"N";"N";
"DBELE";"ODV21DBEBS00008";1000;10;;" ";;"N";"N";
"DBELE";"ODV21DBEBS00009";1000;35;"simone";" ";;"N";"N";
"DBELE";"ODV21DBEBS00010";1000;35;"simone";" ";;"N";"N";
"DBELE";"ODV21DBEBS00011";1000;50;"trasmettitori";" ";;"N";"N";
"DBELE";"ODV21DBEBS00012";1000;50;"trasmettitori";" ";;"N";"N";
"DBELE";"ODV21DBEBS00012";1500;20;"trasmettitori";" ";;"N";"N";
"DBELE";"ODV21DBEBS00012";2000;50;"trasmettitori";" ";;"N";"N";
"DBELE";"ODV21DBEBS00012";3000;50;"trasmettitori";" ";;"N";"N";
"DBELE";"ODV21DBEBS00013";1000;50;"trasmettitori";" ";;"N";"N";
"DBELE";"ODV21DBEBS00014";1000;20;"carlos";" ";;"N";"N";
"DBELE";"ODV21DBEBS00014";2000;50;;" ";;"N";"N";
"DBELE";"ODV21DBEBS00014";3000;50;"simone";" ";;"N";"N";
"DBELE";"ODV21DBEBS00014";4000;50;;" ";;"N";"N";
"DBELE";"ODV21DBEBS00015";1000;20;"trasmettitori";" ";"Ch. 8D";"S";"N";
"DBELE";"ODV21DBEBS00015";2000;20;"trasmettitori";" ";;"N";"N";
"DBELE";"ODV21DBEBS00015";3000;27;"rosa";" ";;"N";"N";
"DBELE";"ODV21DBEBS00016";1000;50;"trasmettitori";" ";"Ch.  11C";"S";"N";
"DBELE";"ODV21DBEBS00017";1000;10;;" ";;"N";"N";
"DBELE";"ODV21DBEBS00019";1000;20;"trasmettitori";" ";"Vedi file allegato";"S";"N";"i\2021\BEIJING YIXINXUNYU - SFT142UMA_ARKX_X0B_SD + RACK30U + KIT FILTRO.pdf#Y:\Ufficio_Tecnico\18_ORDINI\_PDF Ordini\2021\BEIJING YIXINXUNYU - SFT142UMA_ARKX_X0B_SD + RACK30U + KIT FILTRO.pdf#"
"DBELE";"ODV21DBEBS00019";2000;20;"trasmettitori";" ";"Vedi file allegato";"S";"N";"i\2021\BEIJING YIXINXUNYU - SFT102UBA_ARKX_X0B_SD + RACK22U + KIT FILTRO.pdf#Y:\Ufficio_Tecnico\18_ORDINI\_PDF Ordini\2021\BEIJING YIXINXUNYU - SFT102UBA_ARKX_X0B_SD + RACK22U + KIT FILTRO.pdf#"
"DBELE";"ODV21DBEBS00020";1000;50;"trasmettitori";" ";"Vedi file allegato";"S";"N";"i\2021\BEIJING YIXINXUNYU - SFT142UMA_ARKX_X0B_SD + RACK30U + KIT FILTRO.pdf#Y:\Ufficio_Tecnico\18_ORDINI\_PDF Ordini\2021\BEIJING YIXINXUNYU - SFT142UMA_ARKX_X0B_SD + RACK30U + KIT FILTRO.pdf#"
"DBELE";"ODV21DBEBS00025";1000;10;;" ";;"N";"N";
"DBELE";"ODV21DBEBS00031";1000;20;"trasmettitori";" ";"Standard: PAL K1 - DVB-T/T2

Ch. 5

rif. ord. ODV21DBEBS0031";"S";"N";
"DBELE";"ODV21DBEBS00032";1000;20;"trasmettitori";" ";"Ch. 30 - DVB-T/T2

rif. ord. ODV21DBEBS00032";"S";"N";
"DBELE";"ODV21DBEBS00033";1000;50;"trasmettitori";" ";"Ch. 11A";"S";"N";
"DBELE";"ODV21DBEBS00033";2000;50;"trasmettitori";" ";"Ch. 11A";"S";"N";
"DBELE";"ODV21DBEBS00033";3000;35;"rosa";" ";;"N";"N";
"DBELE";"ODV21DBEBS00033";4000;35;"rosa";" ";;"N";"N";
"DBELE";"ODV21DBEBS00033";5000;35;"rosa";" ";;"N";"N";
"DBELE";"ODV21DBEBS00034";1000;35;"rosa";" ";;"N";"N";
"DBELE";"ODV21DBEBS00034";2000;10;;" ";;"N";"N";
"DBELE";"ODV21DBEBS00035";1000;50;"trasmettitori";" ";;"N";"N";
"DBELE";"ODV21DBEBS00035";2000;35;"rosa";" ";;"N";"N";
"DBELE";"ODV21DBEBS00036";1000;10;;" ";;"N";"N";
"DBELE";"ODV21DBEBS00036";2000;10;;" ";;"N";"N";
"DBELE";"ODV21DBEBS00036";3000;10;;" ";;"N";"N";
"DBELE";"ODV21DBEBS00037";1000;50;"trasmettitori";" ";;"N";"N";
"DBELE";"ODV21DBEBS00037";2000;27;"rosa";" ";;"N";"N";
"DBELE";"ODV21DBEBS00037";3000;27;"rosa";" ";;"N";"N";
"DBELE";"ODV21DBEBS00037";4000;27;"rosa";" ";;"N";"N";
"DBELE";"ODV21DBEBS00037";5000;27;"rosa";" ";;"N";"N";
"DBELE";"ODV21DBEBS00037";6000;50;"trasmettitori";" ";;"N";"N";
"DBELE";"ODV21DBEBS00037";7000;25;"simone";" ";;"N";"N";
"DBELE";"ODV21DBEBS00037";8000;50;;" ";;"N";"N";
"DBELE";"ODV21DBEBS00038";1000;20;"pietro.guarinoni";" ";;"N";"N";
"DBELE";"ODV21DBEBS00039";1000;20;"rosa";" ";;"N";"N";
"DBELE";"ODV21DBEBS00040";1000;10;;" ";;"N";"N";
"DBELE";"ODV21DBEBS00041";1000;20;"trasmettitori";" ";"Ch. 12D";"S";"N";
"DBELE";"ODV21DBEBS00042";1000;10;;" ";;"N";"N";
"DBELE";"ODV21DBEBS00044";1000;20;"trasmettitori";" ";"Per 878 - S/N 1122-44389 in SFT103UM (1124-44595)";"S";"N";
"DBELE";"ODV21DBEBS00045";1000;50;"trasmettitori";" ";;"N";"N";
"DBELE";"ODV21DBEBS00045";2000;50;"trasmettitori";" ";"Per SDT201UB-ARK6_X0_C (888A)";"S";"N";
"DBELE";"ODV21DBEBS00046";1000;27;"rosa";" ";;"N";"N";
"DBELE";"ODV21DBEBS00046";2000;27;"rosa";" ";;"N";"N";
"DBELE";"ODV21DBEBS00047";1000;20;"trasmettitori";" ";"Ch. 12D";"S";"N";
"DBELE";"ODV21DBEBS00047";2000;20;"trasmettitori";" ";"Ch. 12D";"S";"N";
"DBELE";"ODV21DBEBS00047";3000;20;"trasmettitori";" ";"Ch. 12D";"S";"N";
"DBELE";"ODV21DBEBS00048";1000;50;"trasmettitori";" ";"220V 1P - ch. 24 ISDB-T/M-NTSC - con opzione ReMux";"S";"N";
"DBELE";"ODV21DBEBS00048";2000;50;"trasmettitori";" ";"220V 1P - ch. 40 ISDB-T/M-NTSC - con opzione ReMux";"S";"N";
"DBELE";"ODV21DBEBS00048";3000;50;"trasmettitori";" ";;"N";"N";
"DBELE";"ODV21DBEBS00048";4000;50;"trasmettitori";" ";"220V 1P - ch. 40 ISDB-T/M-NTSC - con opzione ReMux";"S";"N";
"DBELE";"ODV21DBEBS00049";1000;10;;" ";;"N";"N";
"DBELE";"ODV21DBEBS00051";1000;20;"trasmettitori";" ";;"N";"N";
"DBELE";"ODV21DBEBS00051";2000;20;"trasmettitori";" ";;"N";"N";
"DBELE";"ODV21DBEBS00051";3000;20;"trasmettitori";" ";;"N";"N";
"DBELE";"ODV21DBEBS00052";1000;50;"simone";" ";;"N";"N";
"DBELE";"ODV21DBEBS00053";1000;20;"simone";" ";"Per ampli 

S/N.0903-25733.
S/N.0844-24602.
S/N.0849-25133";"S";"N";
"DBELE";"ODV21DBEBS00053";2000;10;;" ";;"N";"N";
"DBELE";"ODV21DBEBS00053";3000;10;;" ";;"N";"N";
"DBELE";"ODV21DBEBS00053";4000;10;;" ";;"N";"N";
"DBELE";"ODV21DBEBS00053";5000;10;;" ";;"N";"N";
"DBELE";"ODV21DBEBS00054";1000;35;"rosa";" ";;"N";"N";
"DBELE";"ODV21DBEBS00054";2000;35;;" ";;"N";"N";
"DBELE";"ODV21DBEBS00054";3000;35;;" ";;"N";"N";
"DBELE";"ODV21DBEBS00055";1000;20;"simone";" ";"Per ampli:

1321-53895
1428-55617";"S";"N";
"DBELE";"ODV21DBEBS00055";2000;20;"simone";" ";;"N";"N";
"DBELE";"ODV21DBEBS00056";1000;20;"simone";" ";;"N";"N";
"DBELE";"ODV21DBEBS00056";2000;20;"simone";" ";;"N";"N";
"DBELE";"ODV21DBEBS00057";1000;20;"simone";" ";;"N";"N";
"DBELE";"ODV21DBEBS00058";1000;50;"trasmettitori";" ";"Ch. 27 ISDB-Tb - 220V mono";"S";"N";
"DBELE";"ODV21DBEBS00058";2000;35;"rosa";" ";"Ch. 27 ISDB-Tb - 220V mono";"S";"N";
"DBELE";"ODV21DBEBS00058";3000;35;"rosa";" ";"Ch. 27 ISDB-Tb - 220V mono";"S";"N";
"DBELE";"ODV21DBEBS00058";4000;35;"rosa";" ";"Ch. 27 ISDB-Tb - 220V mono";"S";"N";
"DBELE";"ODV21DBEBS00059";1000;20;"trasmettitori";" ";"Ch. 9B";"S";"N";
"DBELE";"ODV21DBEBS00059";2000;20;"trasmettitori";" ";"Ch. 9B";"S";"N";
"DBELE";"ODV21DBEBS00059";3000;35;"rosa";" ";;"N";"N";
"DBELE";"ODV21DBEBS00060";1000;27;"rosa";" ";;"N";"N";
"DBELE";"ODV21DBEBS00060";2000;27;"rosa";" ";;"N";"N";
"DBELE";"ODV21DBEBS00061";1000;27;"rosa";" ";;"N";"N";
"DBELE";"ODV21DBEBS00062";1000;20;"trasmettitori";" ";;"N";"N";
"DBELE";"ODV21DBEBS00062";2000;20;"trasmettitori";" ";;"N";"N";
"DBELE";"ODV21DBEBS00062";3000;25;"trasmettitori";" ";;"N";"N";
"DBELE";"ODV21DBEBS00062";4000;25;"trasmettitori";" ";;"N";"N";
"DBELE";"ODV21DBEBS00063";1000;20;"simone";" ";;"N";"N";
"DBELE";"ODV21DBEBS00063";2000;25;"simone";" ";;"N";"N";
"DBELE";"ODV21DBEBS00063";3000;27;"rosa";" ";;"N";"N";
"DBELE";"ODV21DBEBS00063";4000;25;"trasmettitori";" ";;"N";"N";
"DBELE";"ODV21DBEBS00063";5000;27;"rosa";" ";;"N";"N";
"DBELE";"ODV21DBEBS00063";6000;27;"rosa";" ";;"N";"N";
"DBELE";"ODV21DBEBS00066";1000;40;"trasmettitori";" ";"Ch. 11D - Postazione: ULRIKEN";"S";"N";
"DBELE";"ODV21DBEBS00066";2000;10;;" ";;"N";"N";
"DBELE";"ODV21DBEBS00066";2500;40;"trasmettitori";" ";;"N";"N";
"DBELE";"ODV21DBEBS00066";3000;40;"trasmettitori";" ";"2x Ch. 11A - Postazione: SIGGJO, GRINDE
2x Ch. 12A - Postazione: VOSS, HELLEFJELLET";"S";"N";
"DBELE";"ODV21DBEBS00066";4000;40;"trasmettitori";" ";;"N";"N";
"DBELE";"ODV21DBEBS00066";5000;35;"rosa";" ";;"N";"N";
"DBELE";"ODV21DBEBS00066";6000;35;"rosa";" ";;"N";"N";
"DBELE";"ODV21DBEBS00066";7000;35;"rosa";" ";;"N";"N";
"DBELE";"ODV21DBEBS00067";1000;50;"trasmettitori";" ";;"N";"N";
"DBELE";"ODV21DBEBS00067";2000;20;"trasmettitori";" ";;"N";"N";
"DBELE";"ODV21DBEBS00067";2500;50;"trasmettitori";" ";;"N";"N";
"DBELE";"ODV21DBEBS00067";3000;50;"simone";" ";;"N";"N";
"DBELE";"ODV21DBEBS00067";4000;27;"rosa";" ";;"N";"N";
"DBELE";"ODV21DBEBS00067";4500;27;"rosa";" ";;"N";"N";
"DBELE";"ODV21DBEBS00067";5000;27;"rosa";" ";;"N";"N";
"DBELE";"ODV21DBEBS00067";5250;50;"simone";" ";;"N";"N";
"DBELE";"ODV21DBEBS00067";6000;50;;" ";;"N";"N";
"DBELE";"ODV21DBEBS00068";1000;10;;" ";;"N";"N";
"DBELE";"ODV21DBEBS00069";1000;50;"trasmettitori";" ";"Cliente: OMB SISTEMAS ELECTRONICOS SA - rif. ord. ODV21DBEBS00069

Ch. 20 ISDB-Tb - con opzione ReMux - M-1011-0189";"S";"N";
"DBELE";"ODV21DBEBS00070";1000;10;;" ";;"N";"N";
"DBELE";"ODV21DBEBS00071";1000;50;"trasmettitori";" ";"Ch. 8D";"S";"N";
"DBELE";"ODV21DBEBS00071";2000;50;"trasmettitori";" ";;"N";"N";
"DBELE";"ODV21DBEBS00071";3000;27;"rosa";" ";;"N";"N";
"DBELE";"ODV21DBEBS00072";1000;10;;" ";;"N";"N";
"DBELE";"ODV21DBEBS00073";1000;99;"rosa";" ";;"N";"N";
"DBELE";"ODV21DBEBS00073";2000;99;"rosa";" ";;"N";"N";
"DBELE";"ODV21DBEBS00074";1000;50;"trasmettitori";" ";"Ch. 12A - 220V 3P";"S";"N";
"DBELE";"ODV21DBEBS00074";2000;35;"rosa";" ";;"S";"N";
"DBELE";"ODV21DBEBS00074";3000;27;"rosa";" ";;"S";"N";
"DBELE";"ODV21DBEBS00075";1000;50;"trasmettitori";" ";"Ch. 32 DVB-T/T2";"S";"N";
"DBELE";"ODV21DBEBS00076";1000;27;"federico.modonesi";" ";;"N";"N";
"DBELE";"ODV21DBEBS00078";1000;10;;" ";;"N";"N";
"DBELE";"ODV21DBEBS00078";1500;50;"trasmettitori";" ";;"S";"N";"i\2021\BEIJING YIXINXUNYU - SFT142UMA_ARKX_X0B_DD + RACK30U + KIT FILTRO.pdf#Y:\Ufficio_Tecnico\18_ORDINI\_PDF Ordini\2021\BEIJING YIXINXUNYU - SFT142UMA_ARKX_X0B_DD + RACK30U + KIT FILTRO.pdf#"
"DBELE";"ODV21DBEBS00078";2000;50;"trasmettitori";" ";;"N";"N";
"DBELE";"ODV21DBEBS00079";1000;20;"trasmettitori";" ";;"S";"N";"i\2021\PT NEC INDONESIA - SFT102UBA_ARKX_X0D_DD + RACK22U + KIT FILTRO.pdf#Y:\Ufficio_Tecnico\18_ORDINI\_PDF Ordini\2021\PT NEC INDONESIA - SFT102UBA_ARKX_X0D_DD + RACK22U + KIT FILTRO.pdf#"
"DBELE";"ODV21DBEBS00080";1000;20;"trasmettitori";" ";;"N";"N";
"DBELE";"ODV21DBEBS00081";1000;20;"trasmettitori";" ";"1x ch. 8B
1x ch. 11C";"S";"N";
"DBELE";"ODV21DBEBS00081";2000;35;"rosa";" ";;"N";"N";
"DBELE";"ODV21DBEBS00081";3000;35;"rosa";" ";;"N";"N";
"DBELE";"ODV21DBEBS00082";1000;20;"simone";" ";;"N";"N";
"DBELE";"ODV21DBEBS00083";1000;20;"trasmettitori";" ";"Ch. 9B, 9D, 12A";"S";"N";
"DBELE";"ODV21DBEBS00083";2000;20;"trasmettitori";" ";;"N";"N";
"DBELE";"ODV21DBEBS00083";3000;20;"trasmettitori";" ";"Ch. 12A, 9D";"S";"N";
"DBELE";"ODV21DBEBS00083";4000;20;"trasmettitori";" ";;"N";"N";
"DBELE";"ODV21DBEBS00083";5000;35;"rosa";" ";;"N";"N";
"DBELE";"ODV21DBEBS00084";1000;50;"federico.modonesi";" ";;"N";"N";
"DBELE";"ODV21DBEBS00084";2000;50;"federico.modonesi";" ";;"N";"N";
"DBELE";"ODV21DBEBS00084";3000;50;"federico.modonesi";" ";;"N";"N";
"DBELE";"ODV21DBEBS00085";1000;20;"trasmettitori";" ";;"N";"N";
"DBELE";"ODV21DBEBS00086";1000;20;"simone";" ";;"N";"N";
"DBELE";"ODV21DBEBS00086";2000;20;"simone";" ";;"N";"N";
"DBELE";"ODV21DBEBS00087";1000;35;"rosa";" ";;"N";"N";
"DBELE";"ODV21DBEBS00087";2000;35;"rosa";" ";;"N";"N";
"DBELE";"ODV21DBEBS00087";3000;35;"rosa";" ";;"N";"N";
"DBELE";"ODV21DBEBS00088";1000;50;"lucabressana";" ";"Ch. 38 (sistema 1) + ch. 45 (sistema 2)
DVB-T/T2

220V 1P";"S";"N";"i\2021\PT ELNET MEDIA KARYA  - SFT102UMAA_ARKX_X0D_DD + RACK30U + KIT FILTRO.pdf#Y:\Ufficio_Tecnico\18_ORDINI\_PDF Ordini\2021\PT ELNET MEDIA KARYA  - SFT102UMAA_ARKX_X0D_DD + RACK30U + KIT FILTRO.pdf#"
"DBELE";"ODV21DBEBS00088";2000;27;"robertorosa";" ";;"N";"N";
"DBELE";"ODV21DBEBS00088";3000;27;"robertorosa";" ";;"N";"N";
"DBELE";"ODV21DBEBS00088";4000;27;"robertorosa";" ";;"N";"N";
"DBELE";"ODV21DBEBS00088";5000;27;"robertorosa";" ";;"N";"N";
"DBELE";"ODV21DBEBS00088";6000;27;"robertorosa";" ";;"N";"N";
"DBELE";"ODV21DBEBS00089";1000;50;"trasmettitori";" ";"Cliente: ISTAR
DVB-T/T2 - Ch. 25-29-30-31-32-36-37-38-44-45 (2 canali 41+53 presenti sul combinatore per espansione)";"S";"N";
"DBELE";"ODV21DBEBS00089";2000;50;"trasmettitori";" ";;"N";"N";
"DBELE";"ODV21DBEBS00090";1000;20;"trasmettitori";" ";"Per S/N 1222-50147 - 888A";"S";"N";
"DBELE";"ODV21DBEBS00091";1000;20;"trasmettitori";" ";"Canale 6B - maschera non critica";"S";"N";
"DBELE";"ODV21DBEBS00091";2000;20;"trasmettitori";" ";;"N";"N";
"DBELE";"ODV21DBEBS00091";3000;27;"rosa";" ";;"N";"N";
"DBELE";"ODV21DBEBS00091";4000;27;"rosa";" ";;"N";"N";
"DBELE";"ODV21DBEBS00091";5000;27;"rosa";" ";;"N";"N";
"DBELE";"ODV21DBEBS00092";1000;20;"trasmettitori";" ";"Ch. 46

Fréq. Image: 671.25
Fréq. Son 671.75
Système: PAL DK Stéréo";"S";"N";
"DBELE";"ODV21DBEBS00093";1000;50;"trasmettitori";" ";;"N";"N";
"DBELE";"ODV21DBEBS00093";2000;10;;" ";;"N";"N";
"DBELE";"ODV21DBEBS00095";1000;20;"simone";" ";"Per ARK6 classe A";"S";"N";
"DBELE";"ODV21DBEBS00095";2000;20;"simone";" ";;"N";"N";
"DBELE";"ODV21DBEBS00096";1000;50;"trasmettitori";" ";"Postazione: SANTA ROSA - Ch. 30 NTSC/ISDB-Tb - con opzione ReMux

Postazione: IXIAMAS - Ch. 30 NTSC/ISDB-Tb - con opzione ReMux";"S";"N";
"DBELE";"ODV21DBEBS00096";2000;50;"trasmettitori";" ";"Postazione: SANTA ROSA - Ch. 30 NTSC/ISDB-Tb - con opzione ReMux

Postazione: IXIAMAS - Ch. 30 NTSC/ISDB-Tb - con opzione ReMu";"S";"N";
"DBELE";"ODV21DBEBS00097";1000;50;"lucabressana";" ";;"S";"N";"i\2021\CORALTIL - SFT142UBA_ARKX_X4D_SD + RACK30U + KIT FILTRO.pdf#Y:\Ufficio_Tecnico\18_ORDINI\_PDF Ordini\2021\CORALTIL - SFT142UBA_ARKX_X4D_SD + RACK30U + KIT FILTRO.pdf#"
"DBELE";"ODV21DBEBS00097";1500;50;"lucabressana";" ";;"N";"N";
"DBELE";"ODV21DBEBS00097";2000;50;"lucabressana";" ";;"S";"N";"i\2021\CORALTIL - SFT252UBA_ARKX_X4D_SD + RACK30U.pdf#Y:\Ufficio_Tecnico\18_ORDINI\_PDF Ordini\2021\CORALTIL - SFT252UBA_ARKX_X4D_SD + RACK30U.pdf#"
"DBELE";"ODV21DBEBS00097";3000;35;"robertorosa";" ";;"N";"N";
"DBELE";"ODV21DBEBS00097";4000;27;"robertorosa";" ";;"N";"N";
"DBELE";"ODV21DBEBS00097";5000;27;"robertorosa";" ";;"N";"N";
"DBELE";"ODV21DBEBS00097";6000;27;"robertorosa";" ";;"N";"N";
"DBELE";"ODV21DBEBS00097";7000;27;"robertorosa";" ";;"N";"N";
"DBELE";"ODV21DBEBS00097";8000;50;"simonebontempi";" ";;"N";"N";
"DBELE";"ODV21DBEBS00097";9000;50;"simonebontempi";" ";;"N";"N";
"DBELE";"ODV21DBEBS00097";10000;27;"robertorosa";" ";;"N";"N";
"DBELE";"ODV21DBEBS00097";11000;27;"robertorosa";" ";;"N";"N";
"DBELE";"ODV21DBEBS00098";1000;50;"lucabressana";" ";"Spare per sistemi SFT142U/XE - SFT252U/XE

con opzione ReMux";"S";"N";
"DBELE";"ODV21DBEBS00099";1000;50;;" ";;"N";"N";
"DBELE";"ODV21DBEBS00100";1000;20;"lucabressana";" ";"3x Ch. 27 ATSC 1.0 - 240V 60Hz";"S";"N";
"DBELE";"ODV21DBEBS00101";1000;20;"trasmettitori";" ";"Per SDT201 ARK6 - B8A";"S";"N";
"DBELE";"ODV21DBEBS00102";1000;10;;" ";;"N";"N";
"DBELE";"ODV21DBEBS00102";2000;20;"lucabressana";" ";"Ch. 12A

230V 1P";"S";"N";"i\2021\PROBROADCAST APS - SFT1DAB1200-ARKX_X0_XEI_SD + RACK15U.pdf#Y:\Ufficio_Tecnico\18_ORDINI\_PDF Ordini\2021\PROBROADCAST APS - SFT1DAB1200-ARKX_X0_XEI_SD + RACK15U.pdf#"
"DBELE";"ODV21DBEBS00103";1000;10;;" ";;"N";"N";
"DBELE";"ODV21DBEBS00104";1000;10;;" ";;"N";"N";
"DBELE";"ODV21DBEBS00105";1000;50;"simonebontempi";" ";"Per ampli SFK102U/A/B8EH/1P - S/N 2044/58980 - ch.59";"S";"N";
"DBELE";"ODV21DBEBS00106";1000;10;;" ";;"N";"N";
"DBELE";"ODV21DBEBS00109";1000;27;"danieledotti";" ";;"N";"N";
"DBELE";"ODV21DBEBS00110";1000;20;"danieledotti";" ";"Ch. 18 ATSC";"S";"N";
"DBELE";"ODV21DBEBS00111";1000;20;"robertorosa";" ";;"N";"N";
"DBELE";"ODV21DBEBS00112";500;20;"danieledotti";" ";;"N";"N";
"DBELE";"ODV21DBEBS00112";750;35;"robertorosa";" ";;"N";"N";
"DBELE";"ODV21DBEBS00112";1000;27;"robertorosa";" ";;"N";"N";
"DBELE";"ODV21DBEBS00112";2000;20;"lucabressana";" ";"Ch. Ingresso 28 (DVB-T2 8MHz)";"S";"N";
"DBELE";"ODV21DBEBS00112";3000;20;"lucabressana";" ";;"N";"N";
"DBELE";"ODV21DBEBS00112";4000;20;"danieledotti";" ";;"N";"N";
"DBELE";"ODV21DBEBS00113";1000;27;"robertorosa";" ";;"N";"N";
"DBELE";"ODV21DBEBS00113";2000;50;"simonebontempi";" ";;"N";"N";
"DBELE";"ODV21DBEBS00114";1000;50;"lucabressana";" ";"Per 9TRAS0161 - SDT201UB_ARK6_X2_C - 888A";"S";"N";
"DBELE";"ODV21DBEBS00114";2000;50;"lucabressana";" ";"Per S/N 1321-53896 - 888A
S/N 1321-53895 - 888A
S/N 1228-51051 - 888A
S/N 1228-51053 - 888A
S/N 1321-53893 - 888A";"S";"N";"APPARATI\Fogli di Layout e Collaudo\Nusa Infotech\1328-54214_L ( Nusa Infotech ).pdf#Y:\laboratorio\03_MATRICOLE E COLLAUDO APPARATI\Fogli di Layout e Collaudo\Nusa Infotech\1328-54214_L ( Nusa Infotech ).pdf#"
"DBELE";"ODV21DBEBS00115";1000;50;;" ";;"N";"N";
"DBELE";"ODV21DBEBS00116";1000;20;"LuisaFinetti";" ";;"N";"N";
"DBELE";"ODV21DBEBS00116";2000;35;"federicomodonesi";" ";;"N";"N";
"DBELE";"ODV21DBEBS00117";1000;27;"robertorosa";" ";;"N";"N";
"DBELE";"ODV21DBEBS00117";2000;27;"robertorosa";" ";;"N";"N";
"DBELE";"ODV21DBEBS00118";1000;10;;" ";;"N";"N";
"DBELE";"ODV21DBEBS00118";2000;10;;" ";;"N";"N";
"DBELE";"ODV21DBEBS00118";3000;10;;" ";;"N";"N";
"DBELE";"ODV21DBEBS00119";1000;20;"lucabressana";" ";"1x ch. 9B (con filtro)
1x ch. 12A (senza filtro)";"S";"N";
"DBELE";"ODV21DBEBS00119";2000;20;"lucabressana";" ";"Ch. 9B";"S";"N";
"DBELE";"ODV21DBEBS00119";3000;27;"robertorosa";" ";;"N";"N";
"DBELE";"ODV21DBEBS00121";1000;50;"simonebontempi";" ";;"N";"N";
"DBELE";"ODV21DBEBS00123";1000;10;;" ";;"N";"N";
"DBELE";"ODV21DBEBS00124";1000;20;"carlosdasilva";" ";;"N";"N";
"DBELE";"ODV21DBEBS00124";2000;20;"carlosdasilva";" ";;"N";"N";
"DBELE";"ODV21DBEBS00126";1000;40;"lucabressana";" ";"Ch. 11B";"S";"N";
"DBELE";"ODV21DBEBS00126";2000;27;"robertorosa";" ";;"N";"N";
"DBELE";"ODV21DBEBS00126";3000;27;"robertorosa";" ";;"N";"N";
"DBELE";"ODV21DBEBS00127";1000;40;"lucabressana";" ";"Ch. 11C";"S";"N";
"DBELE";"ODV21DBEBS00127";2000;27;"robertorosa";" ";;"N";"N";
"DBELE";"ODV21DBEBS00127";3000;27;"robertorosa";" ";;"N";"N";
"DBELE";"ODV21DBEBS00128";1000;20;"danieledotti";" ";"Per ARKX030U - 1914-57977";"S";"N";"APPARATI\Fogli di Layout e Collaudo\Ecuatronix\1920-58006_L ( Ecuatronix ).pdf#Y:\laboratorio\03_MATRICOLE E COLLAUDO APPARATI\Fogli di Layout e Collaudo\Ecuatronix\1920-58006_L ( Ecuatronix ).pdf#"
"DBELE";"ODV21DBEBS00129";1000;20;"lucabressana";" ";"Per SDT501UB_ARL1_ECHO_C

BLF878";"S";"N";
"DBELE";"ODV21DBEBS00130";1000;20;"lucabressana";" ";"Per SCA501UB_ARK_8600 - Ampli SCA501 recupero ARK1 3RU con moduli Freescale";"S";"N";
"DBELE";"ODV21DBEBS00131";1000;40;"lucabressana";" ";"Ch. 9D";"S";"N";
"DBELE";"ODV21DBEBS00131";2000;40;"lucabressana";" ";"Ch. 9D";"S";"N";
"DBELE";"ODV21DBEBS00131";3000;27;"robertorosa";" ";"Ch. 9D";"S";"N";
"DBELE";"ODV21DBEBS00131";4000;27;"robertorosa";" ";;"N";"N";
"DBELE";"ODV21DBEBS00133";1000;20;"lucabressana";" ";"DVB-T/T2 8MHz - Ch. 38";"S";"N";
"DBELE";"ODV21DBEBS00134";1000;50;"lucabressana";" ";;"N";"N";
"DBELE";"ODV21DBEBS00134";2000;35;"robertorosa";" ";;"N";"N";
"DBELE";"ODV21DBEBS00134";3000;35;"robertorosa";" ";;"N";"N";
"DBELE";"ODV21DBEBS00134";4000;35;"robertorosa";" ";;"N";"N";
"DBELE";"ODV21DBEBS00134";5000;35;"robertorosa";" ";;"N";"N";
"DBELE";"ODV21DBEBS00134";6000;27;"robertorosa";" ";;"N";"N";
"DBELE";"ODV21DBEBS00135";500;10;;" ";;"N";"N";
"DBELE";"ODV21DBEBS00135";1000;20;"lucabressana";" ";;"N";"N";
"DBELE";"ODV21DBEBS00135";2000;20;"lucabressana";" ";;"N";"N";
"DBELE";"ODV21DBEBS00135";3000;50;"lucabressana";" ";;"N";"N";
"DBELE";"ODV21DBEBS00135";4000;50;"lucabressana";" ";;"N";"N";
"DBELE";"ODV21DBEBS00136";500;20;"simonebontempi";" ";;"N";"N";
"DBELE";"ODV21DBEBS00136";750;50;"danieledotti";" ";;"N";"N";
"DBELE";"ODV21DBEBS00136";1000;50;"simonebontempi";" ";;"N";"N";
"DBELE";"ODV21DBEBS00136";2000;20;"carlosdasilva";" ";;"N";"N";
"DBELE";"ODV21DBEBS00136";3000;27;"robertorosa";" ";;"N";"N";
"DBELE";"ODV21DBEBS00136";4000;27;"robertorosa";" ";;"N";"N";
"DBELE";"ODV21DBEBS00136";5000;20;"lucabressana";" ";;"N";"N";
"DBELE";"ODV21DBEBS00136";6000;27;"robertorosa";" ";;"N";"N";
"DBELE";"ODV21DBEBS00137";1000;50;"lucabressana";" ";;"N";"N";
"DBELE";"ODV21DBEBS00138";500;50;;" ";;"N";"N";
"DBELE";"ODV21DBEBS00138";1000;10;;" ";;"N";"N";
"DBELE";"ODV21DBEBS00138";2000;10;;" ";;"N";"N";
"DBELE";"ODV21DBEBS00138";3000;10;;" ";;"N";"N";
"DBELE";"ODV21DBEBS00138";4000;10;;" ";;"N";"N";
"DBELE";"ODV21DBEBS00138";5000;10;;" ";;"N";"N";
"DBELE";"ODV21DBEBS00138";6000;10;;" ";;"N";"N";
"DBELE";"ODV21DBEBS00138";7000;10;;" ";;"N";"N";
"DBELE";"ODV21DBEBS00138";8000;10;;" ";;"N";"N";
"DBELE";"ODV21DBEBS00138";9000;10;;" ";;"N";"N";
"DBELE";"ODV21DBEBS00138";10000;10;;" ";;"N";"N";
"DBELE";"ODV21DBEBS00138";10500;50;;" ";;"N";"N";
"DBELE";"ODV21DBEBS00138";11000;10;;" ";;"N";"N";
"DBELE";"ODV21DBEBS00138";12000;10;;" ";;"N";"N";
"DBELE";"ODV21DBEBS00138";12666;10;;" ";;"N";"N";
"DBELE";"ODV21DBEBS00138";13332;10;;" ";;"N";"N";
"DBELE";"ODV21DBEBS00138";14000;10;;" ";;"N";"N";
"DBELE";"ODV21DBEBS00138";15000;10;;" ";;"N";"N";
"DBELE";"ODV21DBEBS00138";16000;10;;" ";;"N";"N";
"DBELE";"ODV21DBEBS00138";17000;10;;" ";;"N";"N";
"DBELE";"ODV21DBEBS00138";18000;10;;" ";;"N";"N";
"DBELE";"ODV21DBEBS00138";19000;10;;" ";;"N";"N";
"DBELE";"ODV21DBEBS00138";20000;50;;" ";;"N";"N";
"DBELE";"ODV21DBEBS00138";21000;10;;" ";;"N";"N";
"DBELE";"ODV21DBEBS00138";22000;10;;" ";;"N";"N";
"DBELE";"ODV21DBEBS00138";23000;10;;" ";;"N";"N";
"DBELE";"ODV21DBEBS00138";24000;10;;" ";;"N";"N";
"DBELE";"ODV21DBEBS00138";25000;10;;" ";;"N";"N";
"DBELE";"ODV21DBEBS00138";26000;10;;" ";;"N";"N";
"DBELE";"ODV21DBEBS00138";27000;10;;" ";;"N";"N";
"DBELE";"ODV21DBEBS00138";28000;10;;" ";;"N";"N";
"DBELE";"ODV21DBEBS00138";29000;10;;" ";;"N";"N";
"DBELE";"ODV21DBEBS00138";30000;10;;" ";;"N";"N";
"DBELE";"ODV21DBEBS00138";31000;50;;" ";;"N";"N";
"DBELE";"ODV21DBEBS00138";32000;10;;" ";;"N";"N";
"DBELE";"ODV21DBEBS00138";33000;10;;" ";;"N";"N";
"DBELE";"ODV21DBEBS00138";34000;10;;" ";;"N";"N";
"DBELE";"ODV21DBEBS00138";35000;10;;" ";;"N";"N";
"DBELE";"ODV21DBEBS00138";36000;10;;" ";;"N";"N";
"DBELE";"ODV21DBEBS00138";37000;10;;" ";;"N";"N";
"DBELE";"ODV21DBEBS00138";38000;10;;" ";;"N";"N";
"DBELE";"ODV21DBEBS00138";39000;10;;" ";;"N";"N";
"DBELE";"ODV21DBEBS00138";40000;10;;" ";;"N";"N";
"DBELE";"ODV21DBEBS00138";41000;10;;" ";;"N";"N";
"DBELE";"ODV21DBEBS00138";42000;10;;" ";;"N";"N";
"DBELE";"ODV21DBEBS00138";43000;50;;" ";;"N";"N";
"DBELE";"ODV21DBEBS00138";44000;10;;" ";;"N";"N";
"DBELE";"ODV21DBEBS00138";45000;10;;" ";;"N";"N";
"DBELE";"ODV21DBEBS00138";46000;10;;" ";;"N";"N";
"DBELE";"ODV21DBEBS00138";47000;10;;" ";;"N";"N";
"DBELE";"ODV21DBEBS00138";47500;10;;" ";;"N";"N";
"DBELE";"ODV21DBEBS00138";48000;10;;" ";;"N";"N";
"DBELE";"ODV21DBEBS00138";49000;10;;" ";;"N";"N";
"DBELE";"ODV21DBEBS00138";50000;10;;" ";;"N";"N";
"DBELE";"ODV21DBEBS00138";50500;10;;" ";;"N";"N";
"DBELE";"ODV21DBEBS00138";51000;10;;" ";;"N";"N";
"DBELE";"ODV21DBEBS00138";52000;10;;" ";;"N";"N";
"DBELE";"ODV21DBEBS00138";53000;10;;" ";;"N";"N";
"DBELE";"ODV21DBEBS00138";54000;10;;" ";;"N";"N";
"DBELE";"ODV21DBEBS00138";54500;10;;" ";;"N";"N";
"DBELE";"ODV21DBEBS00138";55000;10;;" ";;"N";"N";
"DBELE";"ODV21DBEBS00138";56000;10;;" ";;"N";"N";
"DBELE";"ODV21DBEBS00138";57000;10;;" ";;"N";"N";
"DBELE";"ODV21DBEBS00138";58000;10;;" ";;"N";"N";
"DBELE";"ODV21DBEBS00138";59000;10;;" ";;"N";"N";
"DBELE";"ODV21DBEBS00138";60000;10;;" ";;"N";"N";
"DBELE";"ODV21DBEBS00138";60500;10;;" ";;"N";"N";
"DBELE";"ODV21DBEBS00138";61000;10;;" ";;"N";"N";
"DBELE";"ODV21DBEBS00138";62000;10;;" ";;"N";"N";
"DBELE";"ODV21DBEBS00138";63000;10;;" ";;"N";"N";
"DBELE";"ODV21DBEBS00138";64000;10;;" ";;"N";"N";
"DBELE";"ODV21DBEBS00138";64500;10;;" ";;"N";"N";
"DBELE";"ODV21DBEBS00138";65000;10;;" ";;"N";"N";
"DBELE";"ODV21DBEBS00138";66000;10;;" ";;"N";"N";
"DBELE";"ODV21DBEBS00138";67000;10;;" ";;"N";"N";
"DBELE";"ODV21DBEBS00138";68000;10;;" ";;"N";"N";
"DBELE";"ODV21DBEBS00138";69000;10;;" ";;"N";"N";
"DBELE";"ODV21DBEBS00138";70000;10;;" ";;"N";"N";
"DBELE";"ODV21DBEBS00138";70500;10;;" ";;"N";"N";
"DBELE";"ODV21DBEBS00138";71000;10;;" ";;"N";"N";
"DBELE";"ODV21DBEBS00138";72000;10;;" ";;"N";"N";
"DBELE";"ODV21DBEBS00138";73000;10;;" ";;"N";"N";
"DBELE";"ODV21DBEBS00138";73500;10;;" ";;"N";"N";
"DBELE";"ODV21DBEBS00138";74000;10;;" ";;"N";"N";
"DBELE";"ODV21DBEBS00138";75000;10;;" ";;"N";"N";
"DBELE";"ODV21DBEBS00138";76000;10;;" ";;"N";"N";
"DBELE";"ODV21DBEBS00138";77000;10;;" ";;"N";"N";
"DBELE";"ODV21DBEBS00138";78000;10;;" ";;"N";"N";
"DBELE";"ODV21DBEBS00138";79000;10;;" ";;"N";"N";
"DBELE";"ODV21DBEBS00138";80000;10;;" ";;"N";"N";
"DBELE";"ODV21DBEBS00138";81000;10;;" ";;"N";"N";
"DBELE";"ODV21DBEBS00138";81500;10;;" ";;"N";"N";
"DBELE";"ODV21DBEBS00138";82000;10;;" ";;"N";"N";
"DBELE";"ODV21DBEBS00138";82500;10;;" ";;"N";"N";
"DBELE";"ODV21DBEBS00138";83000;10;;" ";;"N";"N";
"DBELE";"ODV21DBEBS00138";84000;10;;" ";;"N";"N";
"DBELE";"ODV21DBEBS00138";84500;10;;" ";;"N";"N";
"DBELE";"ODV21DBEBS00138";85000;10;;" ";;"N";"N";
"DBELE";"ODV21DBEBS00138";86000;10;;" ";;"N";"N";
"DBELE";"ODV21DBEBS00138";87000;10;;" ";;"N";"N";
"DBELE";"ODV21DBEBS00138";88000;10;;" ";;"N";"N";
"DBELE";"ODV21DBEBS00138";89000;10;;" ";;"N";"N";
"DBELE";"ODV21DBEBS00138";90000;50;;" ";;"N";"N";
"DBELE";"ODV21DBEBS00138";91000;20;"lucabressana";" ";;"N";"N";
"DBELE";"ODV21DBEBS00138";93000;10;;" ";;"N";"N";
"DBELE";"ODV21DBEBS00138";94000;10;;" ";;"N";"N";
"DBELE";"ODV21DBEBS00138";95000;10;;" ";;"N";"N";
"DBELE";"ODV21DBEBS00138";96000;10;;" ";;"N";"N";
"DBELE";"ODV21DBEBS00138";97000;10;;" ";;"N";"N";
"DBELE";"ODV21DBEBS00138";98000;10;;" ";;"N";"N";
"DBELE";"ODV21DBEBS00138";99000;10;;" ";;"N";"N";
"DBELE";"ODV21DBEBS00138";100000;10;;" ";;"N";"N";
"DBELE";"ODV21DBEBS00138";101000;10;;" ";;"N";"N";
"DBELE";"ODV21DBEBS00138";102000;50;;" ";;"N";"N";
"DBELE";"ODV21DBEBS00138";102500;10;;" ";;"N";"N";
"DBELE";"ODV21DBEBS00138";103000;20;"lucabressana";" ";;"N";"N";
"DBELE";"ODV21DBEBS00138";104000;20;"lucabressana";" ";;"N";"N";
"DBELE";"ODV21DBEBS00138";105000;20;"lucabressana";" ";;"N";"N";
"DBELE";"ODV21DBEBS00138";106000;35;;" ";;"N";"N";
"DBELE";"ODV21DBEBS00138";107000;35;;" ";;"N";"N";
"DBELE";"ODV21DBEBS00138";108000;35;;" ";;"N";"N";
"DBELE";"ODV21DBEBS00138";109000;35;;" ";;"N";"N";
"DBELE";"ODV21DBEBS00138";110000;35;;" ";;"N";"N";
"DBELE";"ODV21DBEBS00138";111000;35;;" ";;"N";"N";
"DBELE";"ODV21DBEBS00138";112000;50;;" ";;"N";"N";
"DBELE";"ODV21DBEBS00138";112500;10;;" ";;"N";"N";
"DBELE";"ODV21DBEBS00138";113000;20;"lucabressana";" ";;"N";"N";
"DBELE";"ODV21DBEBS00138";114000;10;;" ";;"N";"N";
"DBELE";"ODV21DBEBS00138";115000;10;;" ";;"N";"N";
"DBELE";"ODV21DBEBS00138";116000;10;;" ";;"N";"N";
"DBELE";"ODV21DBEBS00138";117000;10;;" ";;"N";"N";
"DBELE";"ODV21DBEBS00138";118000;10;;" ";;"N";"N";
"DBELE";"ODV21DBEBS00138";119000;10;;" ";;"N";"N";
"DBELE";"ODV21DBEBS00138";120000;10;;" ";;"N";"N";
"DBELE";"ODV21DBEBS00138";121000;10;;" ";;"N";"N";
"DBELE";"ODV21DBEBS00138";122000;10;;" ";;"N";"N";
"DBELE";"ODV21DBEBS00138";123000;10;;" ";;"N";"N";
"DBELE";"ODV21DBEBS00138";124000;50;;" ";;"N";"N";
"DBELE";"ODV21DBEBS00138";124500;10;;" ";;"N";"N";
"DBELE";"ODV21DBEBS00138";125000;20;"lucabressana";" ";;"N";"N";
"DBELE";"ODV21DBEBS00138";126000;10;;" ";;"N";"N";
"DBELE";"ODV21DBEBS00138";127000;10;;" ";;"N";"N";
"DBELE";"ODV21DBEBS00138";128000;10;;" ";;"N";"N";
"DBELE";"ODV21DBEBS00138";129000;10;;" ";;"N";"N";
"DBELE";"ODV21DBEBS00138";130000;10;;" ";;"N";"N";
"DBELE";"ODV21DBEBS00138";131000;10;;" ";;"N";"N";
"DBELE";"ODV21DBEBS00138";132000;10;;" ";;"N";"N";
"DBELE";"ODV21DBEBS00138";133000;10;;" ";;"N";"N";
"DBELE";"ODV21DBEBS00138";134000;10;;" ";;"N";"N";
"DBELE";"ODV21DBEBS00138";135000;10;;" ";;"N";"N";
"DBELE";"ODV21DBEBS00138";136000;50;;" ";;"N";"N";
"DBELE";"ODV21DBEBS00138";136500;10;;" ";;"N";"N";
"DBELE";"ODV21DBEBS00138";137000;20;"lucabressana";" ";;"N";"N";
"DBELE";"ODV21DBEBS00138";139000;10;;" ";;"N";"N";
"DBELE";"ODV21DBEBS00138";140000;10;;" ";;"N";"N";
"DBELE";"ODV21DBEBS00138";141000;10;;" ";;"N";"N";
"DBELE";"ODV21DBEBS00138";142000;10;;" ";;"N";"N";
"DBELE";"ODV21DBEBS00138";143000;10;;" ";;"N";"N";
"DBELE";"ODV21DBEBS00138";144000;10;;" ";;"N";"N";
"DBELE";"ODV21DBEBS00138";145000;10;;" ";;"N";"N";
"DBELE";"ODV21DBEBS00138";146000;10;;" ";;"N";"N";
"DBELE";"ODV21DBEBS00138";147000;10;;" ";;"N";"N";
"DBELE";"ODV21DBEBS00138";148000;50;;" ";;"N";"N";
"DBELE";"ODV21DBEBS00138";148500;10;;" ";;"N";"N";
"DBELE";"ODV21DBEBS00138";149000;20;"lucabressana";" ";;"N";"N";
"DBELE";"ODV21DBEBS00138";150000;10;;" ";;"N";"N";
"DBELE";"ODV21DBEBS00138";151000;10;;" ";;"N";"N";
"DBELE";"ODV21DBEBS00138";152000;10;;" ";;"N";"N";
"DBELE";"ODV21DBEBS00138";153000;10;;" ";;"N";"N";
"DBELE";"ODV21DBEBS00138";154000;10;;" ";;"N";"N";
"DBELE";"ODV21DBEBS00138";155000;10;;" ";;"N";"N";
"DBELE";"ODV21DBEBS00138";156000;10;;" ";;"N";"N";
"DBELE";"ODV21DBEBS00138";157000;10;;" ";;"N";"N";
"DBELE";"ODV21DBEBS00138";158000;10;;" ";;"N";"N";
"DBELE";"ODV21DBEBS00138";159000;10;;" ";;"N";"N";
"DBELE";"ODV21DBEBS00138";160000;50;;" ";;"N";"N";
"DBELE";"ODV21DBEBS00138";160500;10;;" ";;"N";"N";
"DBELE";"ODV21DBEBS00138";161000;20;"lucabressana";" ";;"N";"N";
"DBELE";"ODV21DBEBS00138";162000;20;"lucabressana";" ";;"N";"N";
"DBELE";"ODV21DBEBS00138";163000;10;;" ";;"N";"N";
"DBELE";"ODV21DBEBS00138";164000;10;;" ";;"N";"N";
"DBELE";"ODV21DBEBS00138";165000;10;;" ";;"N";"N";
"DBELE";"ODV21DBEBS00138";166000;10;;" ";;"N";"N";
"DBELE";"ODV21DBEBS00138";167000;10;;" ";;"N";"N";
"DBELE";"ODV21DBEBS00138";168000;10;;" ";;"N";"N";
"DBELE";"ODV21DBEBS00138";169000;10;;" ";;"N";"N";
"DBELE";"ODV21DBEBS00138";170000;10;;" ";;"N";"N";
"DBELE";"ODV21DBEBS00138";171000;50;;" ";;"N";"N";
"DBELE";"ODV21DBEBS00138";171500;10;;" ";;"N";"N";
"DBELE";"ODV21DBEBS00138";172000;20;"lucabressana";" ";;"N";"N";
"DBELE";"ODV21DBEBS00138";173000;20;"lucabressana";" ";;"N";"N";
"DBELE";"ODV21DBEBS00138";174000;10;;" ";;"N";"N";
"DBELE";"ODV21DBEBS00138";175000;10;;" ";;"N";"N";
"DBELE";"ODV21DBEBS00138";176000;10;;" ";;"N";"N";
"DBELE";"ODV21DBEBS00138";177000;10;;" ";;"N";"N";
"DBELE";"ODV21DBEBS00138";178000;10;;" ";;"N";"N";
"DBELE";"ODV21DBEBS00138";179000;10;;" ";;"N";"N";
"DBELE";"ODV21DBEBS00138";180000;10;;" ";;"N";"N";
"DBELE";"ODV21DBEBS00138";181000;10;;" ";;"N";"N";
"DBELE";"ODV21DBEBS00138";182000;10;;" ";;"N";"N";
"DBELE";"ODV21DBEBS00138";183000;10;;" ";;"N";"N";
"DBELE";"ODV21DBEBS00139";1000;20;"pietroguarinoni";" ";;"N";"N";
"DBELE";"ODV21DBEBS00140";1000;35;"lucabressana";" ";"Per SCA202FB-230V (M6I700 con 5600) con PBIT3000";"S";"N";
"DBELE";"ODV21DBEBS00142";1000;20;"lucabressana";" ";;"N";"N";
"DBELE";"ODV21DBEBS00142";2000;20;"lucabressana";" ";;"N";"N";
"DBELE";"ODV21DBEBS00142";3000;20;"lucabressana";" ";;"N";"N";
"DBELE";"ODV21DBEBS00142";5000;20;"lucabressana";" ";;"N";"N";
"DBELE";"ODV21DBEPD00002";1000;10;;" ";;"N";"N";
"DBELE";"ODV21DBEPD00003";1000;10;;" ";;"N";"N";
"DBELE";"ODV21DBEPD00004";1000;10;;" ";;"N";"N";
"DBELE";"ODV21DBEPD00005";1000;10;;" ";;"N";"N";
"DBELE";"ODV21DBEPD00007";1000;10;;" ";;"N";"N";
"DBELE";"ODV21DBEPD00008";1000;10;;" ";;"N";"N";
"DBELE";"ODV21DBEPD00009";1000;10;;" ";;"N";"N";
"DBELE";"ODV21DBEPD00010";1000;10;;" ";;"N";"N";
"DBELE";"ODV21DBEPD00011";1000;10;;" ";;"N";"N";
"DBELE";"ODV21DBEPD00011";2000;10;;" ";;"N";"N";
"DBELE";"ODV21DBEPD00012";1000;10;;" ";;"N";"N";
"DBELE";"ODV21DBEPD00013";1000;10;;" ";;"N";"N";
"DBELE";"ODV21DBEPD00016";1000;10;;" ";;"N";"N";
"DBELE";"ODV21DBEPD00017";1000;10;;" ";;"N";"N";
"DBELE";"ODV21DBEPD00018";1000;10;;" ";;"N";"N";
"DBELE";"ODV21DBEPD00019";1000;10;;" ";;"N";"N";
"DBELE";"ODV21DBEPD00020";1000;10;;" ";;"N";"N";
"DBELE";"ODV21DBEPD00021";1000;10;;" ";;"N";"N";
"DBELE";"ODV21DBEPD00022";1000;10;;" ";;"N";"N";
"DBELE";"ODV21DBEPD00022";2000;10;;" ";;"N";"N";
"DBELE";"ODV21DBEPD00023";1000;10;;" ";;"N";"N";
"DBELE";"ODV21DBEPD00024";1000;20;"trasmettitori";" ";;"N";"N";
"DBELE";"ODV21DBEPD00025";1000;10;;" ";;"N";"N";
"DBELE";"ODV21DBEPD00025";2000;10;;" ";;"N";"N";
"DBELE";"ODV21DBEPD00025";3000;10;;" ";;"N";"N";
"DBELE";"ODV21DBEPD00025";4000;35;"StefanoVanuzzo";" ";;"N";"N";
"DBELE";"ODV21DBEPD00025";5000;10;;" ";;"N";"N";
"DBELE";"ODV21DBEPD00025";6000;10;;" ";;"N";"N";
"DBELE";"ODV21DBEPD00025";7000;10;;" ";;"N";"N";
"DBELE";"ODV21DBEPD00025";8000;10;;" ";;"N";"N";
"DBELE";"ODV21DBEPD00026";1000;35;"FedericaFavero";" ";;"N";"N";
"DBELE";"ODV21DBEPD00027";1000;10;;" ";;"N";"N";
"DBELE";"ODV21DBEPD00029";2000;35;"FedericaFavero";" ";;"N";"N";
"DBELE";"ODV21DBEPD00030";1000;99;;" ";;"N";"N";
"DBELE";"ODV21DBEPD00030";2000;99;;" ";;"N";"N";
"DBELE";"ODV21DBEPD00030";3000;99;;" ";;"N";"N";
"DBELE";"ODV21DBEPD00030";4000;99;;" ";;"N";"N";
"DBELE";"ODV21DBEPD00031";1000;10;;" ";;"N";"N";
"DBELE";"ODV21DBEPD00031";2000;10;;" ";;"N";"N";
"DBELE";"ODV21DBEPD00031";3000;10;;" ";;"N";"N";
"DBELE";"ODV21DBEPD00031";4000;10;;" ";;"N";"N";
"DBELE";"ODV21DBEPD00032";1000;50;"StefanoVanuzzo";" ";;"N";"N";
"DBELE";"ODV21DBEPD00032";2000;27;"StefanoVanuzzo";" ";;"N";"N";
"DBELE";"ODV21DBEPD00032";3000;27;"StefanoVanuzzo";" ";;"N";"N";
"DBELE";"ODV21DBEPD00032";4000;27;"StefanoVanuzzo";" ";;"N";"N";
"DBELE";"ODV21DBEPD00032";5000;27;"StefanoVanuzzo";" ";;"N";"N";
"DBELE";"ODV21DBEPD00032";6000;27;"StefanoVanuzzo";" ";;"N";"N";
"DBELE";"ODV21DBEPD00032";6500;27;"StefanoVanuzzo";" ";;"N";"N";
"DBELE";"ODV21DBEPD00032";7000;10;;" ";;"N";"N";
"DBELE";"ODV21DBEPD00032";8000;27;"StefanoVanuzzo";" ";;"N";"N";
"DBELE";"ODV21DBEPD00033";1000;35;"FedericaFavero";" ";;"N";"N";
"DBELE";"ODV21DBEPD00035";1000;10;;" ";;"N";"N";
"DBELE";"ODV21DBEPD00035";2000;10;;" ";;"N";"N";
"DBELE";"ODV21DBEPD00035";3000;10;;" ";;"N";"N";
"DBELE";"ODV21DBEPD00036";1000;10;;" ";;"N";"N";
"DBELE";"ODV21DBEPD00036";2000;10;;" ";;"N";"N";
"DBELE";"ODV21DBEPD00036";3000;10;;" ";;"N";"N";
"DBELE";"ODV21DBEPD00036";4000;10;;" ";;"N";"N";
"DBELE";"ODV21DBEPD00037";1000;10;;" ";;"N";"N";
"DBELE";"ODV21DBEPD00037";2000;10;;" ";;"N";"N";
"DBELE";"ODV21DBEPD00037";3000;10;;" ";;"N";"N";
"DBELE";"ODV21DBEPD00037";4000;10;;" ";;"N";"N";
"DBELE";"ODV21DBEPD00038";1000;35;"FedericaFavero";" ";;"N";"N";
"DBELE";"ODV21DBEPD00039";1000;35;"FedericaFavero";" ";;"N";"N";
"DBELE";"ODV21DBEPD00040";1000;35;"FedericaFavero";" ";;"N";"N";
"DBELE";"ODV21DBEPD00041";1000;10;;" ";;"N";"N";
"DBELE";"ODV21DBEPD00042";1000;10;;" ";;"N";"N";
"DBELE";"ODV21DBEPD00042";2000;10;;" ";;"N";"N";
"DBELE";"ODV21DBEPD00044";1000;35;"FedericaFavero";" ";;"N";"N";
"DBELE";"ODV21DBEPD00044";2000;35;"FedericaFavero";" ";;"N";"N";
"DBELE";"ODV21DBEPD00044";3000;35;"FedericaFavero";" ";;"N";"N";
"DBELE";"ODV21DBEPD00044";4000;35;"FedericaFavero";" ";;"N";"N";
"DBELE";"ODV21DBEPD00044";5000;35;"FedericaFavero";" ";;"N";"N";
"DBELE";"ODV21DBEPD00044";6000;35;"FedericaFavero";" ";;"N";"N";
"DBELE";"ODV21DBEPD00044";7000;35;"FedericaFavero";" ";;"N";"N";
"DBELE";"ODV21DBEPD00044";8000;35;"FedericaFavero";" ";;"N";"N";
"DBELE";"ODV21DBEPD00044";9000;35;"FedericaFavero";" ";;"N";"N";
"DBELE";"ODV21DBEPD00045";1000;45;"EnricoCiscato";" ";;"N";"N";
"DBELE";"ODV21DBEPD00046";1000;10;;" ";;"N";"N";
"DBELE";"ODV21DBEPD00047";1000;35;"FedericaFavero";" ";;"N";"N";
"DBELE";"ODV21DBEPD00047";2000;35;"FedericaFavero";" ";;"N";"N";
"DBELE";"ODV21DBEPD00048";1000;10;;" ";;"N";"N";
"DBELE";"ODV21DBEPD00049";1000;10;;" ";;"N";"N";
"DBELE";"ODV21DBEPD00049";2000;10;;" ";;"N";"N";
"DBELE";"ODV21DBEPD00051";1000;10;;" ";;"N";"N";
"DBELE";"ODV21DBEPD00051";2000;10;;" ";;"N";"N";
"DBELE";"ODV21DBEPD00052";1000;10;;" ";;"N";"N";
"DBELE";"ODV21DBEPD00052";2000;10;;" ";;"N";"N";
"DBELE";"ODV21DBEPD00053";1000;35;"FedericaFavero";" ";;"N";"N";
"DBELE";"ODV21DBEPD00053";2000;35;"FedericaFavero";" ";;"N";"N";
"DBELE";"ODV21DBEPD00053";3000;35;"FedericaFavero";" ";;"N";"N";
"DBELE";"ODV21DBEPD00053";4000;35;"FedericaFavero";" ";;"N";"N";
"DBELE";"ODV21DBEPD00053";5000;35;"FedericaFavero";" ";;"N";"N";
"DBELE";"ODV21DBEPD00053";6000;35;"FedericaFavero";" ";;"N";"N";
"DBELE";"ODV21DBEPD00054";1000;10;;" ";;"N";"N";
"DBELE";"ODV21DBEPD00056";1000;35;"FedericaFavero";" ";;"N";"N";
"DBELE";"ODV21DBEPD00056";2000;35;"FedericaFavero";" ";;"N";"N";
"DBELE";"ODV21DBEPD00056";3000;35;"FedericaFavero";" ";;"N";"N";
"DBELE";"ODV21DBEPD00057";1000;10;;" ";;"N";"N";
"DBELE";"ODV21DBEPD00059";1000;10;;" ";;"N";"N";
"DBELE";"ODV21DBEPD00059";2000;10;;" ";;"N";"N";
"DBELE";"ODV21DBEPD00060";1000;10;;" ";;"N";"N";
"DBELE";"ODV21DBEPD00061";1000;35;"FedericaFavero";" ";;"N";"N";
"DBELE";"ODV21DBEPD00062";1000;35;"FedericaFavero";" ";;"N";"N";
"DBELE";"ODV21DBEPD00062";2000;35;"FedericaFavero";" ";;"N";"N";
"DBELE";"ODV21DBEPD00062";3000;35;"FedericaFavero";" ";;"N";"N";
"DBELE";"ODV21DBEPD00062";4000;35;"FedericaFavero";" ";;"N";"N";
"DBELE";"ODV21DBEPD00063";1000;35;"FedericaFavero";" ";;"N";"N";
"DBELE";"ODV21DBEPD00063";2000;35;"FedericaFavero";" ";;"N";"N";
"DBELE";"ODV21DBEPD00063";3000;35;"FedericaFavero";" ";;"N";"N";
"DBELE";"ODV21DBEPD00064";1000;10;;" ";;"N";"N";
"DBELE";"ODV21DBEPD00065";1000;35;"FedericaFavero";" ";;"N";"N";
"DBELE";"ODV21DBEPD00065";2000;35;"FedericaFavero";" ";;"N";"N";
"DBELE";"ODV21DBEPD00066";1000;35;"FedericaFavero";" ";;"N";"N";
"DBELE";"ODV21DBEPD00067";1000;35;"FedericaFavero";" ";;"N";"N";
"DBELE";"ODV21DBEPD00067";2000;35;"FedericaFavero";" ";;"N";"N";
"DBELE";"ODV21DBEPD00067";3000;35;"FedericaFavero";" ";;"N";"N";
"DBELE";"ODV21DBEPD00067";4000;35;"FedericaFavero";" ";;"N";"N";
"DBELE";"ODV21DBEPD00067";5000;35;"FedericaFavero";" ";;"N";"N";
"DBELE";"ODV21DBEPD00067";6000;35;"FedericaFavero";" ";;"N";"N";
"DBELE";"ODV21DBEPD00067";7000;35;"FedericaFavero";" ";;"N";"N";
"DBELE";"ODV21DBEPD00067";8000;35;"FedericaFavero";" ";;"N";"N";
"DBELE";"ODV21DBEPD00067";9000;35;"FedericaFavero";" ";;"N";"N";
"DBELE";"ODV21DBEPD00067";10000;35;"FedericaFavero";" ";;"N";"N";
"DBELE";"ODV21DBEPD00067";11000;35;"FedericaFavero";" ";;"N";"N";
"DBELE";"ODV21DBEPD00068";1000;35;"FedericaFavero";" ";;"N";"N";
"DBELE";"ODV21DBEPD00068";2000;35;"FedericaFavero";" ";;"N";"N";
"DBELE";"ODV21DBEPD00068";3000;35;"FedericaFavero";" ";;"N";"N";
"DBELE";"ODV21DBEPD00069";1000;50;"StefanoVanuzzo";" ";;"N";"N";
"DBELE";"ODV21DBEPD00070";1000;35;"FedericaFavero";" ";;"N";"N";
"DBELE";"ODV21DBEPD00070";2000;35;"FedericaFavero";" ";;"N";"N";
"DBELE";"ODV21DBEPD00071";1000;35;"FedericaFavero";" ";;"N";"N";
"DBELE";"ODV21DBEPD00072";1000;35;"FedericaFavero";" ";;"N";"N";
"DBELE";"ODV21DBEPD00072";2000;35;"FedericaFavero";" ";;"N";"N";
"DBELE";"ODV21DBEPD00073";1000;50;"StefanoVanuzzo";" ";;"N";"N";
"DBELE";"ODV21DBEPD00073";2000;50;"StefanoVanuzzo";" ";;"N";"N";
"DBELE";"ODV21DBEPD00074";1000;35;"FedericaFavero";" ";;"N";"N";
"DBELE";"ODV21DBEPD00075";1000;35;"FedericaFavero";" ";;"N";"N";
"DBELE";"ODV21DBEPD00076";500;35;"FedericaFavero";" ";;"N";"N";
"DBELE";"ODV21DBEPD00076";1000;10;;" ";;"N";"N";
"DBELE";"ODV21DBEPD00076";2000;35;"FedericaFavero";" ";;"N";"N";
"DBELE";"ODV21DBEPD00076";3000;35;"FedericaFavero";" ";;"N";"N";
"DBELE";"ODV21DBEPD00078";1000;35;"FedericaFavero";" ";;"N";"N";
"DBELE";"ODV21DBEPD00078";2000;35;"FedericaFavero";" ";;"N";"N";
"DBELE";"ODV21DBEPD00079";1000;35;"FedericaFavero";" ";;"N";"N";
"DBELE";"ODV21DBEPD00079";2000;35;"FedericaFavero";" ";;"N";"N";
"DBELE";"ODV21DBEPD00080";1000;35;"FedericaFavero";" ";;"N";"N";
"DBELE";"ODV21DBEPD00080";2000;35;"FedericaFavero";" ";;"N";"N";
"DBELE";"ODV21DBEPD00080";3000;35;"FedericaFavero";" ";;"N";"N";
"DBELE";"ODV21DBEPD00080";4000;35;"FedericaFavero";" ";;"N";"N";
"DBELE";"ODV21DBEPD00080";5000;35;"FedericaFavero";" ";;"N";"N";
"DBELE";"ODV21DBEPD00081";1000;35;"FedericaFavero";" ";;"N";"N";
"DBELE";"ODV21DBEPD00081";2000;35;"FedericaFavero";" ";;"N";"N";
"DBELE";"ODV21DBEPD00082";1000;35;"FedericaFavero";" ";;"N";"N";
"DBELE";"ODV21DBEPD00082";2000;20;"StefanoVanuzzo";" ";;"N";"N";
"DBELE";"ODV21DBEPD00083";1000;35;"FedericaFavero";" ";;"N";"N";
"DBELE";"ODV21DBEPD00083";2000;35;"FedericaFavero";" ";;"N";"N";
"DBELE";"ODV21DBEPD00083";3000;35;"FedericaFavero";" ";;"N";"N";
"DBELE";"ODV21DBEPD00084";1000;35;"FedericaFavero";" ";;"N";"N";
"DBELE";"ODV21DBEPD00085";1000;50;"StefanoVanuzzo";" ";;"N";"N";
"DBELE";"ODV21DBEPD00085";2000;45;"EnricoCiscato";" ";;"N";"N";
"DBELE";"ODV21DBEPD00086";1000;50;"StefanoVanuzzo";" ";;"N";"N";
"DBELE";"ODV21DBEPD00086";2000;27;"StefanoVanuzzo";" ";;"N";"N";
"DBELE";"ODV21DBEPD00087";1000;35;"FedericaFavero";" ";;"N";"N";
"DBELE";"ODV21DBEPD00087";2000;35;"FedericaFavero";" ";;"N";"N";
"DBELE";"ODV21DBEPD00087";3000;35;"FedericaFavero";" ";;"N";"N";
"DBELE";"ODV21DBEPD00088";1000;35;"FedericaFavero";" ";;"N";"N";
"DBELE";"ODV21DBEPD00088";2000;35;"FedericaFavero";" ";;"N";"N";
"DBELE";"ODV21DBEPD00088";3000;35;"FedericaFavero";" ";;"N";"N";
"DBELE";"ODV21DBEPD00089";1000;35;"FedericaFavero";" ";;"N";"N";
"DBELE";"ODV21DBEPD00089";2000;35;"FedericaFavero";" ";;"N";"N";
"DBELE";"ODV21DBEPD00090";1000;50;"StefanoVanuzzo";" ";;"N";"N";
"DBELE";"ODV21DBEPD00091";1000;35;"FedericaFavero";" ";;"N";"N";
"DBELE";"ODV21DBEPD00091";2000;35;"FedericaFavero";" ";;"N";"N";
"DBELE";"ODV21DBEPD00091";3000;35;"FedericaFavero";" ";;"N";"N";
"DBELE";"ODV21DBEPD00091";4000;35;"FedericaFavero";" ";;"N";"N";
"DBELE";"ODV21DBEPD00092";1000;35;"FedericaFavero";" ";;"N";"N";
"DBELE";"ODV21DBEPD00093";1000;35;"FedericaFavero";" ";;"N";"N";
"DBELE";"ODV21DBEPD00094";1000;27;"StefanoVanuzzo";" ";;"N";"N";
"DBELE";"ODV21DBEPD00095";1000;35;"FedericaFavero";" ";;"N";"N";
"DBELE";"ODV21DBEPD00096";1000;35;"FedericaFavero";" ";;"N";"N";
"DBELE";"ODV21DBEPD00098";1000;35;"FedericaFavero";" ";;"N";"N";
"DBELE";"ODV21DBEPD00098";2000;35;"FedericaFavero";" ";;"N";"N";
"DBELE";"ODV21DBEPD00099";1000;35;"FedericaFavero";" ";;"N";"N";
"DBELE";"ODV21DBEPD00099";2000;35;"FedericaFavero";" ";;"N";"N";
"DBELE";"ODV21DBEPD00100";1000;35;"FedericaFavero";" ";;"N";"N";
"DBELE";"ODV21DBEPD00101";1000;35;"FedericaFavero";" ";;"N";"N";
"DBELE";"ODV21DBEPD00101";2000;35;"FedericaFavero";" ";;"N";"N";
"DBELE";"ODV21DBEPD00102";1000;35;"FedericaFavero";" ";;"N";"N";
"DBELE";"ODV21DBEPD00102";2000;35;"FedericaFavero";" ";;"N";"N";
"DBELE";"ODV21DBEPD00102";3000;35;"FedericaFavero";" ";;"N";"N";
"DBELE";"ODV21DBEPD00102";4000;35;"FedericaFavero";" ";;"N";"N";
"DBELE";"ODV21DBEPD00103";1000;50;"StefanoVanuzzo";" ";;"N";"N";
"DBELE";"ODV21DBEPD00103";2000;50;"StefanoVanuzzo";" ";;"N";"N";
"DBELE";"ODV21DBEPD00104";1000;50;"StefanoVanuzzo";" ";;"N";"N";
"DBELE";"ODV21DBEPD00105";1000;35;"FedericaFavero";" ";;"N";"N";
"DBELE";"ODV21DBEPD00106";1000;35;"FedericaFavero";" ";;"N";"N";
"DBELE";"ODV21DBEPD00106";2000;35;"FedericaFavero";" ";;"N";"N";
"DBELE";"ODV21DBEPD00107";1000;50;"StefanoVanuzzo";" ";;"N";"N";
"DBELE";"ODV21DBEPD00107";2000;50;"StefanoVanuzzo";" ";;"N";"N";
"DBELE";"ODV21DBEPD00108";1000;35;"FedericaFavero";" ";;"N";"N";
"DBELE";"ODV21DBEPD00108";2000;35;"FedericaFavero";" ";;"N";"N";
"DBELE";"ODV21DBEPD00108";3000;35;"FedericaFavero";" ";;"N";"N";
"DBELE";"ODV21DBEPD00108";4000;35;"FedericaFavero";" ";;"N";"N";
"DBELE";"ODV21DBEPD00108";5000;35;"FedericaFavero";" ";;"N";"N";
"DBELE";"ODV21DBEPD00108";6000;35;"FedericaFavero";" ";;"N";"N";
"DBELE";"ODV21DBEPD00108";7000;35;"FedericaFavero";" ";;"N";"N";
"DBELE";"ODV21DBEPD00108";8000;35;"FedericaFavero";" ";;"N";"N";
"DBELE";"ODV21DBEPD00108";9000;35;"FedericaFavero";" ";;"N";"N";
"DBELE";"ODV21DBEPD00108";10000;35;"FedericaFavero";" ";;"N";"N";
"DBELE";"ODV21DBEPD00108";11000;35;"FedericaFavero";" ";;"N";"N";
"DBELE";"ODV21DBEPD00108";12000;35;"FedericaFavero";" ";;"N";"N";
"DBELE";"ODV21DBEPD00108";13000;35;"FedericaFavero";" ";;"N";"N";
"DBELE";"ODV21DBEPD00108";14000;35;"FedericaFavero";" ";;"N";"N";
"DBELE";"ODV21DBEPD00108";15000;35;"FedericaFavero";" ";;"N";"N";
"DBELE";"ODV21DBEPD00108";16000;35;"FedericaFavero";" ";;"N";"N";
"DBELE";"ODV21DBEPD00108";17000;35;"FedericaFavero";" ";;"N";"N";
"DBELE";"ODV21DBEPD00108";18000;35;"FedericaFavero";" ";;"N";"N";
"DBELE";"ODV21DBEPD00109";1000;35;"FedericaFavero";" ";;"N";"N";
"DBELE";"ODV21DBEPD00110";1000;50;"StefanoVanuzzo";" ";;"N";"N";
"DBELE";"ODV21DBEPD00110";2000;50;"StefanoVanuzzo";" ";;"N";"N";
"DBELE";"ODV21DBEPD00110";3000;27;"StefanoVanuzzo";" ";;"N";"N";
"DBELE";"ODV21DBEPD00111";1000;10;;" ";;"N";"N";
"DBELE";"ODV21DBEPD00111";2000;50;"StefanoVanuzzo";" ";;"N";"N";
"DBELE";"ODV21DBEPD00112";1000;35;"FedericaFavero";" ";;"N";"N";
"DBELE";"ODV21DBEPD00113";1000;50;"StefanoVanuzzo";" ";;"N";"N";
"DBELE";"ODV21DBEPD00114";1000;40;"LorenzoTasca";" ";;"N";"N";
"DBELE";"ODV21DBEPD00114";1500;20;"LorenzoTasca";" ";;"N";"N";
"DBELE";"ODV21DBEPD00114";2000;27;"StefanoVanuzzo";" ";;"N";"N";
"DBELE";"ODV21DBEPD00114";3000;27;"StefanoVanuzzo";" ";;"N";"N";
"DBELE";"ODV21DBEPD00114";4000;50;"StefanoVanuzzo";" ";;"N";"N";
"DBELE";"ODV21DBEPD00114";5000;27;"StefanoVanuzzo";" ";;"N";"N";
"DBELE";"ODV21DBEPD00114";6000;50;"StefanoVanuzzo";" ";;"N";"N";
"DBELE";"ODV21DBEPD00114";7000;50;"StefanoVanuzzo";" ";;"N";"N";
"DBELE";"ODV21DBEPD00114";8000;50;"StefanoVanuzzo";" ";;"N";"N";
"DBELE";"ODV21DBEPD00114";9000;50;"StefanoVanuzzo";" ";;"N";"N";
"DBELE";"ODV21DBEPD00114";10000;50;"StefanoVanuzzo";" ";;"N";"N";
"DBELE";"ODV21DBEPD00114";11000;50;"StefanoVanuzzo";" ";;"N";"N";
"DBELE";"ODV21DBEPD00114";12000;50;"StefanoVanuzzo";" ";;"N";"N";
"DBELE";"ODV21DBEPD00114";13000;50;"StefanoVanuzzo";" ";;"N";"N";
"DBELE";"ODV21DBEPD00114";14000;50;"StefanoVanuzzo";" ";;"N";"N";
"DBELE";"ODV21DBEPD00115";1000;27;"StefanoVanuzzo";" ";;"N";"N";
"DBELE";"ODV21DBEPD00116";1000;35;"FedericaFavero";" ";;"N";"N";
"DBELE";"ODV21DBEPD00116";2000;35;"FedericaFavero";" ";;"N";"N";
"DBELE";"ODV21DBEPD00116";3000;35;"FedericaFavero";" ";;"N";"N";
"DBELE";"ODV21DBEPD00116";4000;35;"FedericaFavero";" ";;"N";"N";
"DBELE";"ODV21DBEPD00116";5000;35;"FedericaFavero";" ";;"N";"N";
"DBELE";"ODV21DBEPD00116";6000;35;"FedericaFavero";" ";;"N";"N";
"DBELE";"ODV21DBEPD00116";7000;35;"FedericaFavero";" ";;"N";"N";
"DBELE";"ODV21DBEPD00117";1000;35;"FedericaFavero";" ";;"N";"N";
"DBELE";"ODV21DBEPD00117";2000;35;"FedericaFavero";" ";;"N";"N";
"DBELE";"ODV21DBEPD00117";3000;35;"FedericaFavero";" ";;"N";"N";
"DBELE";"ODV21DBEPD00117";4000;35;"FedericaFavero";" ";;"N";"N";
"DBELE";"ODV21DBEPD00117";5000;35;"FedericaFavero";" ";;"N";"N";
"DBELE";"ODV21DBEPD00117";6000;35;"FedericaFavero";" ";;"N";"N";
"DBELE";"ODV21DBEPD00118";1000;50;"StefanoVanuzzo";" ";;"N";"N";
"DBELE";"ODV21DBEPD00118";2000;50;"StefanoVanuzzo";" ";;"N";"N";
"DBELE";"ODV21DBEPD00119";1000;50;"StefanoVanuzzo";" ";;"N";"N";
"DBELE";"ODV21DBEPD00119";2000;50;"StefanoVanuzzo";" ";;"N";"N";
"DBELE";"ODV21DBEPD00119";3000;50;"StefanoVanuzzo";" ";;"N";"N";
"DBELE";"ODV21DBEPD00119";4000;27;"StefanoVanuzzo";" ";;"N";"N";
"DBELE";"ODV21DBEPD00119";5000;27;"StefanoVanuzzo";" ";;"N";"N";
"DBELE";"ODV21DBEPD00119";6000;27;"StefanoVanuzzo";" ";;"N";"N";
"DBELE";"ODV21DBEPD00119";7000;27;"StefanoVanuzzo";" ";;"N";"N";
"DBELE";"ODV21DBEPD00119";8000;35;"StefanoVanuzzo";" ";;"N";"N";
"DBELE";"ODV21DBEPD00119";9000;35;"StefanoVanuzzo";" ";;"N";"N";
"DBELE";"ODV21DBEPD00120";1000;35;"FedericaFavero";" ";;"N";"N";
"DBELE";"ODV21DBEPD00120";2000;35;"FedericaFavero";" ";;"N";"N";
"DBELE";"ODV21DBEPD00120";3000;35;"FedericaFavero";" ";;"N";"N";
"DBELE";"ODV21DBEPD00120";4000;35;"FedericaFavero";" ";;"N";"N";
"DBELE";"ODV21DBEPD00121";1000;50;"StefanoVanuzzo";" ";;"N";"N";
"DBELE";"ODV21DBEPD00121";2000;27;"StefanoVanuzzo";" ";;"N";"N";
"DBELE";"ODV21DBEPD00121";3000;27;"StefanoVanuzzo";" ";;"N";"N";
"DBELE";"ODV21DBEPD00121";4000;27;"StefanoVanuzzo";" ";;"N";"N";
"DBELE";"ODV21DBEPD00121";5000;27;"StefanoVanuzzo";" ";;"N";"N";
"DBELE";"ODV21DBEPD00121";6000;27;"StefanoVanuzzo";" ";;"N";"N";
"DBELE";"ODV21DBEPD00122";1000;50;"StefanoVanuzzo";" ";;"N";"N";
"DBELE";"ODV21DBEPD00123";1000;50;"StefanoVanuzzo";" ";;"N";"N";
"DBELE";"ODV21DBEPD00123";2000;50;"StefanoVanuzzo";" ";;"N";"N";
"DBELE";"ODV21DBEPD00123";3000;50;"StefanoVanuzzo";" ";;"N";"N";
"DBELE";"ODV21DBEPD00123";4000;27;"StefanoVanuzzo";" ";;"N";"N";
"DBELE";"ODV21DBEPD00124";1000;50;"StefanoVanuzzo";" ";;"N";"N";
"DBELE";"ODV21DBEPD00125";1000;27;"StefanoVanuzzo";" ";;"N";"N";
"DBELE";"ODV21DBEPD00126";1000;27;"StefanoVanuzzo";" ";;"N";"N";
"DBELE";"ODV21DBEPD00126";2000;27;"StefanoVanuzzo";" ";;"N";"N";
"DBELE";"ODV21DBEPD00127";1000;35;"FedericaFavero";" ";;"N";"N";
"DBELE";"ODV21DBEPD00127";2000;35;"FedericaFavero";" ";;"N";"N";
"DBELE";"ODV21DBEPD00127";3000;35;"FedericaFavero";" ";;"N";"N";
"DBELE";"ODV21DBEPD00127";4000;35;"FedericaFavero";" ";;"N";"N";
"DBELE";"ODV21DBEPD00127";5000;35;"FedericaFavero";" ";;"N";"N";
"DBELE";"ODV21DBEPD00127";6000;35;"StefanoVanuzzo";" ";;"N";"N";
"DBELE";"ODV21DBEPD00127";7000;35;"FedericaFavero";" ";;"N";"N";
"DBELE";"ODV21DBEPD00127";8000;35;"FedericaFavero";" ";;"N";"N";
"DBELE";"ODV21DBEPD00127";9000;35;"FedericaFavero";" ";;"N";"N";
"DBELE";"ODV21DBEPD00127";10000;35;"FedericaFavero";" ";;"N";"N";
"DBELE";"ODV21DBEPD00128";1000;45;"EnricoCiscato";" ";;"N";"N";
"DBELE";"ODV21DBEPD00129";1000;35;"FedericaFavero";" ";;"N";"N";
"DBELE";"ODV21DBEPD00131";1000;45;"EnricoCiscato";" ";;"N";"N";
"DBELE";"ODV21DBEPD00132";1000;50;"StefanoVanuzzo";" ";;"N";"N";
"DBELE";"ODV21DBEPD00133";1000;35;"FedericaFavero";" ";;"N";"N";
"DBELE";"ODV21DBEPD00133";2000;35;"FedericaFavero";" ";;"N";"N";
"DBELE";"ODV21DBEPD00133";3000;35;"FedericaFavero";" ";;"N";"N";
"DBELE";"ODV21DBEPD00134";1000;35;"StefanoVanuzzo";" ";;"N";"N";
"DBELE";"ODV21DBEPD00135";1000;35;"StefanoVanuzzo";" ";;"N";"N";
"DBELE";"ODV21DBEPD00135";2000;35;"StefanoVanuzzo";" ";;"N";"N";
"DBELE";"ODV21DBEPD00135";3000;35;"StefanoVanuzzo";" ";;"N";"N";
"DBELE";"ODV21DBEPD00135";4000;35;"StefanoVanuzzo";" ";;"N";"N";
"DBELE";"ODV21DBEPD00136";1000;27;"StefanoVanuzzo";" ";;"N";"N";
"DBELE";"ODV21DBEPD00137";1000;50;"StefanoVanuzzo";" ";;"N";"N";
"DBELE";"ODV21DBEPD00138";1000;50;"StefanoVanuzzo";" ";;"N";"N";
"DBELE";"ODV21DBEPD00139";1000;50;"StefanoVanuzzo";" ";;"N";"N";
"DBELE";"ODV21DBEPD00140";1000;35;"FedericaFavero";" ";;"N";"N";
"DBELE";"ODV21DBEPD00141";1000;50;"StefanoVanuzzo";" ";;"N";"N";
"DBELE";"ODV21DBEPD00142";1000;27;"StefanoVanuzzo";" ";;"N";"N";
"DBELE";"ODV21DBEPD00142";2000;27;"StefanoVanuzzo";" ";;"N";"N";
"DBELE";"ODV21DBEPD00142";3000;27;"StefanoVanuzzo";" ";;"N";"N";
"DBELE";"ODV21DBEPD00142";4000;27;"StefanoVanuzzo";" ";;"N";"N";
"DBELE";"ODV21DBEPD00142";5000;27;"StefanoVanuzzo";" ";;"N";"N";
"DBELE";"ODV21DBEPD00142";6000;27;"StefanoVanuzzo";" ";;"N";"N";
"DBELE";"ODV21DBEPD00142";7000;27;"StefanoVanuzzo";" ";;"N";"N";
"DBELE";"ODV21DBEPD00142";8000;27;"StefanoVanuzzo";" ";;"N";"N";
"DBELE";"ODV21DBEPD00143";1000;35;"FedericaFavero";" ";;"N";"N";
"DBELE";"ODV21DBEPD00144";1000;50;"StefanoVanuzzo";" ";;"N";"N";
"DBELE";"ODV21DBEPD00144";2000;27;"StefanoVanuzzo";" ";;"N";"N";
"DBELE";"ODV21DBEPD00144";3000;50;"StefanoVanuzzo";" ";;"N";"N";
"DBELE";"ODV21DBEPD00144";4000;50;"StefanoVanuzzo";" ";;"N";"N";
"DBELE";"ODV21DBEPD00144";5000;50;"StefanoVanuzzo";" ";;"N";"N";
"DBELE";"ODV21DBEPD00144";6000;50;"StefanoVanuzzo";" ";;"N";"N";
"DBELE";"ODV21DBEPD00144";7000;50;"StefanoVanuzzo";" ";;"N";"N";
"DBELE";"ODV21DBEPD00145";1000;50;"StefanoVanuzzo";" ";;"N";"N";
"DBELE";"ODV21DBEPD00146";1000;45;"EnricoCiscato";" ";;"N";"N";
"DBELE";"ODV21DBEPD00146";2000;45;"EnricoCiscato";" ";;"N";"N";
"DBELE";"ODV21DBEPD00146";3000;45;"EnricoCiscato";" ";;"N";"N";
"DBELE";"ODV21DBEPD00146";4000;45;"EnricoCiscato";" ";;"N";"N";
"DBELE";"ODV21DBEPD00147";1000;50;"StefanoVanuzzo";" ";;"N";"N";
"DBELE";"ODV21DBEPD00147";2000;50;"StefanoVanuzzo";" ";;"N";"N";
"DBELE";"ODV21DBEPD00147";3000;50;"StefanoVanuzzo";" ";;"N";"N";
"DBELE";"ODV21DBEPD00148";1000;27;"StefanoVanuzzo";" ";;"N";"N";
"DBELE";"ODV21DBEPD00148";2000;50;"StefanoVanuzzo";" ";;"N";"N";
"DBELE";"ODV21DBEPD00148";3000;50;"StefanoVanuzzo";" ";;"N";"N";
"DBELE";"ODV21DBEPD00149";1000;50;"StefanoVanuzzo";" ";;"N";"N";
"DBELE";"ODV21DBEPD00149";2000;50;"StefanoVanuzzo";" ";;"N";"N";
"DBELE";"ODV21DBEPD00149";3000;27;"StefanoVanuzzo";" ";;"N";"N";
"DBELE";"ODV21DBEPD00150";1000;50;"StefanoVanuzzo";" ";;"N";"N";
"DBELE";"ODV21DBEPD00150";2000;27;"StefanoVanuzzo";" ";;"N";"N";
"DBELE";"ODV21DBEPD00151";1000;27;"StefanoVanuzzo";" ";;"N";"N";
"DBELE";"ODV21DBEPD00152";1000;50;"StefanoVanuzzo";" ";;"N";"N";
"DBELE";"ODV21DBEPD00152";2000;50;"StefanoVanuzzo";" ";;"N";"N";
"DBELE";"ODV21DBEPD00152";3000;50;"StefanoVanuzzo";" ";;"N";"N";
"DBELE";"ODV21DBEPD00152";4000;45;"EnricoCiscato";" ";;"N";"N";
"DBELE";"ODV21DBEPD00152";5000;27;"StefanoVanuzzo";" ";;"N";"N";
"DBELE";"ODV21DBEPD00152";6000;50;"StefanoVanuzzo";" ";;"N";"N";
"DBELE";"ODV21DBEPD00153";10000;27;"StefanoVanuzzo";" ";;"N";"N";
"DBELE";"ODV21DBEPD00153";11000;27;"StefanoVanuzzo";" ";;"N";"N";
"DBELE";"ODV21DBEPD00153";12000;27;"StefanoVanuzzo";" ";;"N";"N";
"DBELE";"ODV21DBEPD00153";13000;27;"StefanoVanuzzo";" ";;"N";"N";
"DBELE";"ODV21DBEPD00153";14000;27;"StefanoVanuzzo";" ";;"N";"N";
"DBELE";"ODV21DBEPD00154";1000;50;"StefanoVanuzzo";" ";;"N";"N";
"DBELE";"ODV21DBEPD00154";2000;27;"StefanoVanuzzo";" ";;"N";"N";
"DBELE";"ODV21DBEPD00155";1000;50;"StefanoVanuzzo";" ";;"N";"N";
"DBELE";"ODV21DBEPD00156";1000;20;"LorenzoTasca";" ";;"N";"N";
"DBELE";"ODV21DBEPD00156";2000;27;"StefanoVanuzzo";" ";;"N";"N";
"DBELE";"ODV21DBEPD00156";3000;27;"StefanoVanuzzo";" ";;"N";"N";
"DBELE";"ODV21DBEPD00156";4000;50;"StefanoVanuzzo";" ";;"N";"N";
"DBELE";"ODV21DBEPD00157";1000;50;"StefanoVanuzzo";" ";;"N";"N";
"DBELE";"ODV21DBEPD00157";2000;50;"StefanoVanuzzo";" ";;"N";"N";
"DBELE";"ODV21DBEPD00157";3000;50;"StefanoVanuzzo";" ";;"N";"N";
"DBELE";"ODV21DBEPD00157";4000;50;"StefanoVanuzzo";" ";;"N";"N";
"DBELE";"ODV21DBEPD00158";1000;40;"LorenzoTasca";" ";;"N";"N";
"DBELE";"ODV21DBEPD00158";2000;40;"LorenzoTasca";" ";;"N";"N";
"DBELE";"ODV21DBEPD00158";3000;40;"LorenzoTasca";" ";;"N";"N";
"DBELE";"ODV21DBEPD00160";1000;50;"StefanoVanuzzo";" ";;"N";"N";
"DBELE";"ODV21DBEPD00160";2000;27;"StefanoVanuzzo";" ";;"N";"N";
"DBELE";"ODV21DBEPD00160";3000;27;"StefanoVanuzzo";" ";;"N";"N";
"DBELE";"ODV21DBEPD00161";1000;50;"StefanoVanuzzo";" ";;"N";"N";
"DBELE";"ODV21DBEPD00161";2000;35;"LorenzoTasca";" ";;"N";"N";
"DBELE";"ODV21DBEPD00161";3000;27;"StefanoVanuzzo";" ";;"N";"N";
"DBELE";"ODV21DBEPD00163";1000;40;"StefanoVanuzzo";" ";;"N";"N";
"DBELE";"ODV21DBEPD00164";1000;50;"StefanoVanuzzo";" ";;"N";"N";
"DBELE";"ODV21DBEPD00164";2000;50;"StefanoVanuzzo";" ";;"N";"N";
"DBELE";"ODV21DBEPD00164";3000;35;"FedericaFavero";" ";;"N";"N";
"DBELE";"ODV21DBEPD00165";1000;27;"StefanoVanuzzo";" ";;"N";"N";
"DBELE";"ODV21DBEPD00165";2000;27;"StefanoVanuzzo";" ";;"N";"N";
"DBELE";"ODV21DBEPD00165";3000;27;"StefanoVanuzzo";" ";;"N";"N";
"DBELE";"ODV21DBEPD00165";4000;27;"StefanoVanuzzo";" ";;"N";"N";
"DBELE";"ODV21DBEPD00165";5000;27;"StefanoVanuzzo";" ";;"N";"N";
"DBELE";"ODV21DBEPD00165";6000;27;"StefanoVanuzzo";" ";;"N";"N";
"DBELE";"ODV21DBEPD00165";7000;27;"StefanoVanuzzo";" ";;"N";"N";
"DBELE";"ODV21DBEPD00166";2000;50;"StefanoVanuzzo";" ";;"N";"N";
"DBELE";"ODV21DBEPD00166";3000;50;"StefanoVanuzzo";" ";;"N";"N";
"DBELE";"ODV21DBEPD00167";1000;50;"StefanoVanuzzo";" ";;"N";"N";
"DBELE";"ODV21DBEPD00168";1000;35;"StefanoVanuzzo";" ";;"N";"N";
"DBELE";"ODV21DBEPD00168";2000;35;"StefanoVanuzzo";" ";;"N";"N";
"DBELE";"ODV21DBEPD00168";3000;35;"StefanoVanuzzo";" ";;"N";"N";
"DBELE";"ODV21DBEPD00168";4000;35;"StefanoVanuzzo";" ";;"N";"N";
"DBELE";"ODV21DBEPD00168";5000;50;"StefanoVanuzzo";" ";;"N";"N";
"DBELE";"ODV21DBEPD00168";6000;50;"StefanoVanuzzo";" ";;"N";"N";
"DBELE";"ODV21DBEPD00168";7000;35;"StefanoVanuzzo";" ";;"N";"N";
"DBELE";"ODV21DBEPD00168";8000;35;"StefanoVanuzzo";" ";;"N";"N";
"DBELE";"ODV21DBEPD00168";9000;35;"StefanoVanuzzo";" ";;"N";"N";
"DBELE";"ODV21DBEPD00168";10000;35;"StefanoVanuzzo";" ";;"N";"N";
"DBELE";"ODV21DBEPD00168";11000;35;"StefanoVanuzzo";" ";;"N";"N";
"DBELE";"ODV21DBEPD00169";1000;50;"StefanoVanuzzo";" ";;"N";"N";
"DBELE";"ODV21DBEPD00169";2000;27;"StefanoVanuzzo";" ";;"N";"N";
"DBELE";"ODV21DBEPD00169";3000;27;"StefanoVanuzzo";" ";;"N";"N";
"DBELE";"ODV21DBEPD00169";4000;27;"StefanoVanuzzo";" ";;"N";"N";
"DBELE";"ODV21DBEPD00169";5000;27;"StefanoVanuzzo";" ";;"N";"N";
"DBELE";"ODV21DBEPD00169";6000;27;"StefanoVanuzzo";" ";;"N";"N";
"DBELE";"ODV21DBEPD00169";7000;27;"StefanoVanuzzo";" ";;"N";"N";
"DBELE";"ODV21DBEPD00169";8000;27;"StefanoVanuzzo";" ";;"N";"N";
"DBELE";"ODV21DBEPD00169";9000;50;"StefanoVanuzzo";" ";;"N";"N";
"DBELE";"ODV21DBEPD00169";10000;50;"StefanoVanuzzo";" ";;"N";"N";
"DBELE";"ODV21DBEPD00170";1000;20;"LorenzoTasca";" ";;"N";"N";
"DBELE";"ODV21DBEPD00170";2000;20;"LorenzoTasca";" ";;"N";"N";
"DBELE";"ODV21DBEPD00171";1000;27;"StefanoVanuzzo";" ";;"N";"N";
"DBELE";"ODV21DBEPD00172";1000;50;"StefanoVanuzzo";" ";;"N";"N";
"DBELE";"ODV21DBEPD00174";1000;20;"LorenzoTasca";" ";;"N";"N";
"DBELE";"ODV21DBEPD00174";2000;20;"LorenzoTasca";" ";;"N";"N";
"DBELE";"ODV21DBEPD00174";3000;50;"StefanoVanuzzo";" ";;"N";"N";
"DBELE";"ODV21DBEPD00174";4000;50;"StefanoVanuzzo";" ";;"N";"N";
"DBELE";"ODV21DBEPD00175";1000;20;"LorenzoTasca";" ";;"N";"N";
"DBELE";"ODV21DBEPD00175";2000;20;"LorenzoTasca";" ";;"N";"N";
"DBELE";"ODV21DBEPD00175";3000;20;"LorenzoTasca";" ";;"N";"N";
"DBELE";"ODV21DBEPD00176";1000;50;"StefanoVanuzzo";" ";;"N";"N";
"DBELE";"ODV21DBEPD00177";1000;50;"StefanoVanuzzo";" ";;"N";"N";
"DBELE";"ODV21DBEPD00178";1000;20;"LorenzoTasca";" ";;"N";"N";
"DBELE";"ODV21DBEPD00178";2000;45;"EnricoCiscato";" ";;"N";"N";
"DBELE";"ODV21DBEPD00178";3000;50;"StefanoVanuzzo";" ";;"N";"N";
"DBELE";"ODV21DBEPD00178";4000;50;"StefanoVanuzzo";" ";;"N";"N";
"DBELE";"ODV21DBEPD00178";5000;27;"StefanoVanuzzo";" ";;"N";"N";
"DBELE";"ODV21DBEPD00178";6000;27;"StefanoVanuzzo";" ";;"N";"N";
"DBELE";"ODV21DBEPD00178";7000;27;"StefanoVanuzzo";" ";;"N";"N";
"DBELE";"ODV21DBEPD00178";8000;27;"StefanoVanuzzo";" ";;"N";"N";
"DBELE";"ODV21DBEPD00178";9000;50;"StefanoVanuzzo";" ";;"N";"N";
"DBELE";"ODV21DBEPD00179";1000;20;"LorenzoTasca";" ";;"N";"N";
"DBELE";"ODV21DBEPD00179";2000;45;"EnricoCiscato";" ";;"N";"N";
"DBELE";"ODV21DBEPD00179";3000;27;"StefanoVanuzzo";" ";;"N";"N";
"DBELE";"ODV21DBEPD00179";4000;27;"StefanoVanuzzo";" ";;"N";"N";
"DBELE";"ODV21DBEPD00179";5000;27;"StefanoVanuzzo";" ";;"N";"N";
"DBELE";"ODV21DBEPD00179";6000;27;"StefanoVanuzzo";" ";;"N";"N";
"DBELE";"ODV21DBEPD00179";7000;50;"StefanoVanuzzo";" ";;"N";"N";
"DBELE";"ODV21DBEPD00180";1000;30;"LorenzoTasca";" ";;"N";"N";
"DBELE";"ODV21DBEPD00181";1000;20;"LorenzoTasca";" ";;"N";"N";
"DBELE";"ODV21DBEPD00181";2000;50;"StefanoVanuzzo";" ";;"N";"N";
"DBELE";"ODV21DBEPD00182";1000;50;"StefanoVanuzzo";" ";;"N";"N";
"DBELE";"ODV21DBEPD00183";1000;20;"LorenzoTasca";" ";;"N";"N";
"DBELE";"ODV21DBEPD00183";2000;20;"LorenzoTasca";" ";;"N";"N";
"DBELE";"ODV21DBEPD00183";3000;20;"LorenzoTasca";" ";;"N";"N";
"DBELE";"ODV21DBEPD00183";4000;20;"LorenzoTasca";" ";;"N";"N";
"DBELE";"ODV21DBEPD00183";5000;27;"StefanoVanuzzo";" ";;"N";"N";
"DBELE";"ODV21DBEPD00183";6000;27;"StefanoVanuzzo";" ";;"N";"N";
"DBELE";"ODV21DBEPD00183";7000;27;"StefanoVanuzzo";" ";;"N";"N";
"DBELE";"ODV21DBEPD00183";8000;27;"StefanoVanuzzo";" ";;"N";"N";
"DBELE";"ODV21DBEPD00183";9000;20;"LorenzoTasca";" ";;"N";"N";
"DBELE";"ODV21DBEPD00183";10000;20;"LorenzoTasca";" ";;"N";"N";
"DBELE";"ODV21DBEPD00183";11000;20;"LorenzoTasca";" ";;"N";"N";
"DBELE";"ODV21DBEPD00183";12000;20;"LorenzoTasca";" ";;"N";"N";
"DBELE";"ODV21DBEPD00184";1000;20;"LorenzoTasca";" ";;"N";"N";
"DBELE";"ODV21DBEPD00184";2000;20;"StefanoVanuzzo";" ";;"N";"N";
"DBELE";"ODV21DBEPD00184";3000;27;"StefanoVanuzzo";" ";;"N";"N";
"DBELE";"ODV21DBEPD00184";4000;27;"StefanoVanuzzo";" ";;"N";"N";
"DBELE";"ODV21DBEPD00184";5000;27;"StefanoVanuzzo";" ";;"N";"N";
"DBELE";"ODV21DBEPD00184";6000;50;"StefanoVanuzzo";" ";;"N";"N";
"DBELE";"ODV21DBEPD00184";7000;50;"StefanoVanuzzo";" ";;"N";"N";
"DBELE";"ODV21DBEPD00185";2000;50;"StefanoVanuzzo";" ";;"N";"N";
"DBELE";"ODV21DBEPD00186";1000;50;"StefanoVanuzzo";" ";;"N";"N";
"DBELE";"ODV21DBEPD00186";2000;50;"StefanoVanuzzo";" ";;"N";"N";
"DBELE";"ODV21DBEPD00187";1000;27;"StefanoVanuzzo";" ";;"N";"N";
"DBELE";"ODV21DBEPD00187";2000;27;"StefanoVanuzzo";" ";;"N";"N";
"DBELE";"ODV21DBEPD00187";3000;27;"StefanoVanuzzo";" ";;"N";"N";
"DBELE";"ODV21DBEPD00187";4000;27;"StefanoVanuzzo";" ";;"N";"N";
"DBELE";"ODV21DBEPD00187";5000;27;"StefanoVanuzzo";" ";;"N";"N";
"DBELE";"ODV21DBEPD00188";1000;50;"StefanoVanuzzo";" ";;"N";"N";
"DBELE";"ODV21DBEPD00189";1000;27;"StefanoVanuzzo";" ";;"N";"N";
"DBELE";"ODV21DBEPD00191";1000;50;"StefanoVanuzzo";" ";;"N";"N";
"DBELE";"ODV21DBEPD00191";2000;50;"StefanoVanuzzo";" ";;"N";"N";
"DBELE";"ODV21DBEPD00193";1000;27;"StefanoVanuzzo";" ";;"N";"N";
"DBELE";"ODV21DBEPD00193";2000;45;"EnricoCiscato";" ";;"N";"N";
"DBELE";"ODV21DBEPD00195";1000;20;"LorenzoTasca";" ";;"N";"N";
"DBELE";"ODV21DBEPD00195";2000;20;"LorenzoTasca";" ";;"N";"N";
"DBELE";"ODV21DBEPD00195";3000;20;"LorenzoTasca";" ";;"N";"N";
"DBELE";"ODV21DBEPD00195";4000;20;"LorenzoTasca";" ";;"N";"N";
"DBELE";"ODV21DBEPD00195";5000;50;"StefanoVanuzzo";" ";;"N";"N";
"DBELE";"ODV21DBEPD00195";6000;50;"StefanoVanuzzo";" ";;"N";"N";
"DBELE";"ODV21DBEPD00195";7000;50;"StefanoVanuzzo";" ";;"N";"N";
"DBELE";"ODV21DBEPD00195";8000;50;"StefanoVanuzzo";" ";;"N";"N";
"DBELE";"ODV21DBEPD00195";9000;50;"StefanoVanuzzo";" ";;"N";"N";
"DBELE";"ODV21DBEPD00195";10000;50;"StefanoVanuzzo";" ";;"N";"N";
"DBELE";"ODV21DBEPD00195";11000;50;"StefanoVanuzzo";" ";;"N";"N";
"DBELE";"ODV21DBEPD00195";12000;20;"LorenzoTasca";" ";;"N";"N";
"DBELE";"ODV21DBEPD00195";13000;50;"StefanoVanuzzo";" ";;"N";"N";
"DBELE";"ODV21DBEPD00195";14000;20;"LorenzoTasca";" ";;"N";"N";
"DBELE";"ODV21DBEPD00195";15000;50;"StefanoVanuzzo";" ";;"N";"N";
"DBELE";"ODV21DBEPD00195";16000;20;"LorenzoTasca";" ";;"N";"N";
"DBELE";"ODV21DBEPD00195";17000;50;"StefanoVanuzzo";" ";;"N";"N";
"DBELE";"ODV21DBEPD00195";18000;50;"StefanoVanuzzo";" ";;"N";"N";
"DBELE";"ODV21DBEPD00195";19000;27;"StefanoVanuzzo";" ";;"N";"N";
"DBELE";"ODV21DBEPD00195";20000;27;"StefanoVanuzzo";" ";;"N";"N";
"DBELE";"ODV21DBEPD00195";21000;50;"StefanoVanuzzo";" ";;"N";"N";
"DBELE";"ODV21DBEPD00196";1000;20;"LorenzoTasca";" ";;"N";"N";
"DBELE";"ODV21DBEPD00196";2000;50;"StefanoVanuzzo";" ";;"N";"N";
"DBELE";"ODV21DBEPD00197";1000;20;"LorenzoTasca";" ";;"N";"N";
"DBELE";"ODV21DBEPD00197";2000;50;"StefanoVanuzzo";" ";;"N";"N";
"DBELE";"ODV21DBEPD00198";1000;50;"StefanoVanuzzo";" ";;"N";"N";
"DBELE";"ODV21DBEPD00199";1000;50;"StefanoVanuzzo";" ";;"N";"N";
"DBELE";"ODV21DBEPD00199";2000;27;"StefanoVanuzzo";" ";;"N";"N";
"DBELE";"ODV21DBEPD00199";3000;27;"StefanoVanuzzo";" ";;"N";"N";
"DBELE";"ODV21DBEPD00199";4000;27;"StefanoVanuzzo";" ";;"N";"N";
"DBELE";"ODV21DBEPD00199";5000;27;"StefanoVanuzzo";" ";;"N";"N";
"DBELE";"ODV21DBEPD00199";6000;27;"StefanoVanuzzo";" ";;"N";"N";
"DBELE";"ODV21DBEPD00199";7000;27;"StefanoVanuzzo";" ";;"N";"N";
"DBELE";"ODV21DBEPD00199";8000;50;"StefanoVanuzzo";" ";;"N";"N";
"DBELE";"ODV21DBEPD00199";9000;27;"StefanoVanuzzo";" ";;"N";"N";
"DBELE";"ODV21DBEPD00199";10000;27;"StefanoVanuzzo";" ";;"N";"N";
"DBELE";"ODV21DBEPD00199";11000;27;"StefanoVanuzzo";" ";;"N";"N";
"DBELE";"ODV21DBEPD00199";12000;27;"StefanoVanuzzo";" ";;"N";"N";
"DBELE";"ODV21DBEPD00200";1000;27;"StefanoVanuzzo";" ";;"N";"N";
"DBELE";"ODV21DBEPD00201";1000;20;"LorenzoTasca";" ";;"N";"N";
"DBELE";"ODV21DBEPD00201";2000;50;"StefanoVanuzzo";" ";;"N";"N";
"DBELE";"ODV21DBEPD00202";1000;35;"FedericaFavero";" ";;"N";"N";
"DBELE";"ODV21DBEPD00203";1000;50;"StefanoVanuzzo";" ";;"N";"N";
"DBELE";"ODV21DBEPD00204";1000;50;"StefanoVanuzzo";" ";;"N";"N";
"DBELE";"ODV21DBEPD00204";2000;50;"StefanoVanuzzo";" ";;"N";"N";
"DBELE";"ODV21DBEPD00204";3000;50;"StefanoVanuzzo";" ";;"N";"N";
"DBELE";"ODV21DBEPD00205";1000;50;"StefanoVanuzzo";" ";;"N";"N";
"DBELE";"ODV21DBEPD00205";2000;50;"StefanoVanuzzo";" ";;"N";"N";
"DBELE";"ODV21DBEPD00205";3000;50;"StefanoVanuzzo";" ";;"N";"N";
"DBELE";"ODV21DBEPD00205";4000;50;"StefanoVanuzzo";" ";;"N";"N";
"DBELE";"ODV21DBEPD00206";1000;50;"StefanoVanuzzo";" ";;"N";"N";
"DBELE";"ODV21DBEPD00207";1000;50;"StefanoVanuzzo";" ";;"N";"N";
"DBELE";"ODV21DBEPD00207";2000;50;"StefanoVanuzzo";" ";;"N";"N";
"DBELE";"ODV21DBEPD00207";3000;50;"StefanoVanuzzo";" ";;"N";"N";
"DBELE";"ODV21DBEPD00207";4000;50;"StefanoVanuzzo";" ";;"N";"N";
"DBELE";"ODV21DBEPD00208";1000;50;"StefanoVanuzzo";" ";;"N";"N";
"DBELE";"ODV21DBEPD00208";2000;27;"StefanoVanuzzo";" ";;"N";"N";
"DBELE";"ODV21DBEPD00208";3000;27;"StefanoVanuzzo";" ";;"N";"N";
"DBELE";"ODV21DBEPD00208";4000;27;"StefanoVanuzzo";" ";;"N";"N";
"DBELE";"ODV21DBEPD00209";1000;50;"StefanoVanuzzo";" ";;"N";"N";
"DBELE";"ODV21DBEPD00209";2000;50;"StefanoVanuzzo";" ";;"N";"N";
"DBELE";"ODV21DBEPD00209";3000;45;"EnricoCiscato";" ";;"N";"N";
"DBELE";"ODV21DBEPD00209";4000;27;"StefanoVanuzzo";" ";;"N";"N";
"DBELE";"ODV21DBEPD00209";5000;27;"StefanoVanuzzo";" ";;"N";"N";
"DBELE";"ODV21DBEPD00209";6000;45;"EnricoCiscato";" ";;"N";"N";
"DBELE";"ODV21DBEPD00209";7000;45;"EnricoCiscato";" ";;"N";"N";
"DBELE";"ODV21DBEPD00211";1000;50;"StefanoVanuzzo";" ";;"N";"N";
"DBELE";"ODV21DBEPD00211";2000;50;"StefanoVanuzzo";" ";;"N";"N";
"DBELE";"ODV21DBEPD00213";1000;27;"StefanoVanuzzo";" ";;"N";"N";
"DBELE";"ODV21DBEPD00213";2000;50;"StefanoVanuzzo";" ";;"N";"N";
"DBELE";"ODV21DBEPD00214";1000;20;"LorenzoTasca";" ";;"N";"N";
"DBELE";"ODV21DBEPD00214";2000;50;"StefanoVanuzzo";" ";;"N";"N";
"DBELE";"ODV21DBEPD00214";3000;50;"StefanoVanuzzo";" ";;"N";"N";
"DBELE";"ODV21DBEPD00215";1000;50;"StefanoVanuzzo";" ";;"N";"N";
"DBELE";"ODV21DBEPD00217";1000;27;"StefanoVanuzzo";" ";;"N";"N";
"DBELE";"ODV21DBEPD00217";2000;50;"StefanoVanuzzo";" ";;"N";"N";
"DBELE";"ODV21DBEPD00218";1000;20;"LorenzoTasca";" ";;"N";"N";
"DBELE";"ODV21DBEPD00218";2000;27;"StefanoVanuzzo";" ";;"N";"N";
"DBELE";"ODV21DBEPD00218";3000;27;"StefanoVanuzzo";" ";;"N";"N";
"DBELE";"ODV21DBEPD00218";4000;30;"LorenzoTasca";" ";;"N";"N";
"DBELE";"ODV21DBEPD00219";1000;50;"StefanoVanuzzo";" ";;"N";"N";
"DBELE";"ODV21DBEPD00220";1000;35;"FedericaFavero";" ";;"N";"N";
"DBELE";"ODV21DBEPD00221";1000;50;"StefanoVanuzzo";" ";;"N";"N";
"DBELE";"ODV21DBEPD00221";2000;50;"StefanoVanuzzo";" ";;"N";"N";
"DBELE";"ODV21DBEPD00222";1000;50;"StefanoVanuzzo";" ";;"N";"N";
"DBELE";"ODV21DBEPD00223";1000;50;"StefanoVanuzzo";" ";;"N";"N";
"DBELE";"ODV21DBEPD00224";1000;50;"StefanoVanuzzo";" ";;"N";"N";
"DBELE";"ODV21DBEPD00225";1000;50;"StefanoVanuzzo";" ";;"N";"N";
"DBELE";"ODV21DBEPD00226";1000;50;"StefanoVanuzzo";" ";;"N";"N";
"DBELE";"ODV21DBEPD00226";2000;50;"StefanoVanuzzo";" ";;"N";"N";
"DBELE";"ODV21DBEPD00226";3000;50;"StefanoVanuzzo";" ";;"N";"N";
"DBELE";"ODV21DBEPD00226";4000;50;"StefanoVanuzzo";" ";;"N";"N";
"DBELE";"ODV21DBEPD00227";1000;45;"EnricoCiscato";" ";;"N";"N";
"DBELE";"ODV21DBEPD00228";1000;35;"FedericaFavero";" ";;"N";"N";
"DBELE";"ODV21DBEPD00228";2000;35;"FedericaFavero";" ";;"N";"N";
"DBELE";"ODV21DBEPD00228";3000;35;"FedericaFavero";" ";;"N";"N";
"DBELE";"ODV21DBEPD00228";4000;35;"FedericaFavero";" ";;"N";"N";
"DBELE";"ODV21DBEPD00228";5000;35;"FedericaFavero";" ";;"N";"N";
"DBELE";"ODV21DBEPD00228";6000;35;"FedericaFavero";" ";;"N";"N";
"DBELE";"ODV21DBEPD00229";1000;50;"StefanoVanuzzo";" ";;"N";"N";
"DBELE";"ODV21DBEPD00230";1000;40;"LorenzoTasca";" ";;"N";"N";
"DBELE";"ODV21DBEPD00231";1000;50;"StefanoVanuzzo";" ";;"N";"N";
"DBELE";"ODV21DBEPD00234";1000;50;"StefanoVanuzzo";" ";;"N";"N";
"DBELE";"ODV21DBEPD00235";1000;50;"StefanoVanuzzo";" ";;"N";"N";
"DBELE";"ODV21DBEPD00236";1000;35;"FedericaFavero";" ";;"N";"N";
"DBELE";"ODV21DBEPD00237";1000;50;"StefanoVanuzzo";" ";;"N";"N";
"DBELE";"ODV21DBEPD00237";2000;50;"StefanoVanuzzo";" ";;"N";"N";
"DBELE";"ODV21DBEPD00238";1000;27;"StefanoVanuzzo";" ";;"N";"N";
"DBELE";"ODV21DBEPD00238";2000;27;"StefanoVanuzzo";" ";;"N";"N";
"DBELE";"ODV21DBEPD00239";1000;50;"StefanoVanuzzo";" ";;"N";"N";
"DBELE";"ODV21DBEPD00239";2000;27;"StefanoVanuzzo";" ";;"N";"N";
"DBELE";"ODV21DBEPD00239";3000;27;"StefanoVanuzzo";" ";;"N";"N";
"DBELE";"ODV21DBEPD00240";1000;50;"StefanoVanuzzo";" ";;"N";"N";
"DBELE";"ODV21DBEPD00241";1000;50;"StefanoVanuzzo";" ";;"N";"N";
"DBELE";"ODV21DBEPD00242";1000;50;"StefanoVanuzzo";" ";;"N";"N";
"DBELE";"ODV21DBEPD00243";1000;27;"StefanoVanuzzo";" ";;"N";"N";
"DBELE";"ODV21DBEPD00243";2000;27;"StefanoVanuzzo";" ";;"N";"N";
"DBELE";"ODV21DBEPD00243";3000;27;"StefanoVanuzzo";" ";;"N";"N";
"DBELE";"ODV21DBEPD00243";4000;27;"StefanoVanuzzo";" ";;"N";"N";
"DBELE";"ODV21DBEPD00243";5000;27;"StefanoVanuzzo";" ";;"N";"N";
"DBELE";"ODV21DBEPD00243";6000;27;"StefanoVanuzzo";" ";;"N";"N";
"DBELE";"ODV21DBEPD00244";1000;50;"StefanoVanuzzo";" ";;"N";"N";
"DBELE";"ODV21DBEPD00244";2000;50;"StefanoVanuzzo";" ";;"N";"N";
"DBELE";"ODV21DBEPD00245";1000;50;"StefanoVanuzzo";" ";;"N";"N";
"DBELE";"ODV21DBEPD00246";1000;50;"StefanoVanuzzo";" ";;"N";"N";
"DBELE";"ODV21DBEPD00246";2000;50;"StefanoVanuzzo";" ";;"N";"N";
"DBELE";"ODV21DBEPD00247";1000;50;"StefanoVanuzzo";" ";;"N";"N";
"DBELE";"ODV21DBEPD00248";1000;27;"StefanoVanuzzo";" ";;"N";"N";
"DBELE";"ODV21DBEPD00249";1000;27;"StefanoVanuzzo";" ";;"N";"N";
"DBELE";"ODV21DBEPD00250";2000;50;"StefanoVanuzzo";" ";;"N";"N";
"DBELE";"ODV21DBEPD00251";1000;50;"StefanoVanuzzo";" ";;"N";"N";
"DBELE";"ODV21DBEPD00252";1000;50;"StefanoVanuzzo";" ";;"N";"N";
"DBELE";"ODV21DBEPD00252";2000;50;"StefanoVanuzzo";" ";;"N";"N";
"DBELE";"ODV21DBEPD00253";1000;27;"StefanoVanuzzo";" ";;"N";"N";
"DBELE";"ODV21DBEPD00253";2000;10;;" ";;"N";"N";
"DBELE";"ODV21DBEPD00254";1000;50;"StefanoVanuzzo";" ";;"N";"N";
"DBELE";"ODV21DBEPD00256";1000;50;"StefanoVanuzzo";" ";;"N";"N";
"DBELE";"ODV21DBEPD00257";1000;50;"StefanoVanuzzo";" ";;"N";"N";
"DBELE";"ODV21DBEPD00258";2000;10;;" ";;"N";"N";
"DBELE";"ODV21DBEPD00259";1000;10;;" ";;"N";"N";
"DBELE";"ODV21DBEPD00260";1000;50;"StefanoVanuzzo";" ";;"N";"N";
"DBELE";"ODV21DBEPD00262";1000;50;"StefanoVanuzzo";" ";;"N";"N";
"DBELE";"ODV21DBEPD00262";2000;50;"StefanoVanuzzo";" ";;"N";"N";
"DBELE";"ODV21DBEPD00262";3000;27;"FedericaFavero";" ";;"N";"N";
"DBELE";"ODV21DBEPD00262";4000;27;"FedericaFavero";" ";;"N";"N";
"DBELE";"ODV21DBEPD00262";5000;27;"FedericaFavero";" ";;"N";"N";
"DBELE";"ODV21DBEPD00262";6000;27;"FedericaFavero";" ";;"N";"N";
"DBELE";"ODV21DBEPD00262";7000;27;"FedericaFavero";" ";;"N";"N";
"DBELE";"ODV21DBEPD00262";8000;50;"StefanoVanuzzo";" ";;"N";"N";
"DBELE";"ODV21DBEPD00263";1000;35;"FedericaFavero";" ";;"N";"N";
"DBELE";"ODV21DBEPD00264";1000;50;"StefanoVanuzzo";" ";;"N";"N";
"DBELE";"ODV21DBEPD00265";1000;50;"StefanoVanuzzo";" ";;"N";"N";
"DBELE";"ODV21DBEPD00266";1000;50;"StefanoVanuzzo";" ";;"N";"N";
"DBELE";"ODV21DBEPD00269";1000;50;"StefanoVanuzzo";" ";;"N";"N";
"DBELE";"ODV21DBEPD00269";2000;50;"StefanoVanuzzo";" ";;"N";"N";
"DBELE";"ODV21DBEPD00270";1000;50;"StefanoVanuzzo";" ";;"N";"N";
"DBELE";"ODV21DBEPD00270";2000;27;"StefanoVanuzzo";" ";;"N";"N";
"DBELE";"ODV21DBEPD00271";1000;50;"StefanoVanuzzo";" ";;"N";"N";
"DBELE";"ODV21DBEPD00271";2000;50;"StefanoVanuzzo";" ";;"N";"N";
"DBELE";"ODV21DBEPD00271";3000;30;;" ";;"N";"N";
"DBELE";"ODV21DBEPD00272";1000;27;"StefanoVanuzzo";" ";;"N";"N";
"DBELE";"ODV21DBEPD00273";1000;50;"StefanoVanuzzo";" ";;"N";"N";
"DBELE";"ODV21DBEPD00273";2000;27;"StefanoVanuzzo";" ";;"N";"N";
"DBELE";"ODV21DBEPD00274";1000;50;"StefanoVanuzzo";" ";;"N";"N";
"DBELE";"ODV21DBEPD00274";2000;27;"StefanoVanuzzo";" ";;"N";"N";
"DBELE";"ODV21DBEPD00274";3000;27;"StefanoVanuzzo";" ";;"N";"N";
"DBELE";"ODV21DBEPD00274";4000;27;"StefanoVanuzzo";" ";;"N";"N";
"DBELE";"ODV21DBEPD00274";5000;27;"StefanoVanuzzo";" ";;"N";"N";
"DBELE";"ODV21DBEPD00274";6000;27;"StefanoVanuzzo";" ";;"N";"N";
"DBELE";"ODV21DBEPD00274";7000;27;"StefanoVanuzzo";" ";;"N";"N";
"DBELE";"ODV21DBEPD00274";8000;27;"StefanoVanuzzo";" ";;"N";"N";
"DBELE";"ODV21DBEPD00275";1000;50;"StefanoVanuzzo";" ";;"N";"N";
"DBELE";"ODV21DBEPD00275";2000;30;"LorenzoTasca";" ";;"N";"N";
"DBELE";"ODV21DBEPD00275";3000;30;"LorenzoTasca";" ";;"N";"N";
"DBELE";"ODV21DBEPD00276";1000;50;"StefanoVanuzzo";" ";;"N";"N";
"DBELE";"ODV21DBEPD00276";2000;50;"StefanoVanuzzo";" ";;"N";"N";
"DBELE";"ODV21DBEPD00276";2250;27;"StefanoVanuzzo";" ";;"N";"N";
"DBELE";"ODV21DBEPD00276";2500;27;"StefanoVanuzzo";" ";;"N";"N";
"DBELE";"ODV21DBEPD00276";4000;27;"StefanoVanuzzo";" ";;"N";"N";
"DBELE";"ODV21DBEPD00277";1000;20;"LorenzoTasca";" ";;"N";"N";
"DBELE";"ODV21DBEPD00277";2000;50;"StefanoVanuzzo";" ";;"N";"N";
"DBELE";"ODV21DBEPD00278";1000;50;"StefanoVanuzzo";" ";;"N";"N";
"DBELE";"ODV21DBEPD00278";2000;50;"StefanoVanuzzo";" ";;"N";"N";
"DBELE";"ODV21DBEPD00278";3000;50;"StefanoVanuzzo";" ";;"N";"N";
"DBELE";"ODV21DBEPD00279";1000;50;"StefanoVanuzzo";" ";;"N";"N";
"DBELE";"ODV21DBEPD00279";2000;50;"StefanoVanuzzo";" ";;"N";"N";
"DBELE";"ODV21DBEPD00280";1000;20;"LorenzoTasca";" ";;"N";"N";
"DBELE";"ODV21DBEPD00280";2000;50;"StefanoVanuzzo";" ";;"N";"N";
"DBELE";"ODV21DBEPD00280";3000;50;"StefanoVanuzzo";" ";;"N";"N";
"DBELE";"ODV21DBEPD00280";4000;27;"StefanoVanuzzo";" ";;"N";"N";
"DBELE";"ODV21DBEPD00281";1000;35;"FedericaFavero";" ";;"N";"N";
"DBELE";"ODV21DBEPD00281";2000;35;"FedericaFavero";" ";;"N";"N";
"DBELE";"ODV21DBEPD00282";1000;27;"FedericaFavero";" ";;"N";"N";
"DBELE";"ODV21DBEPD00283";1000;27;"StefanoVanuzzo";" ";;"N";"N";
"DBELE";"ODV21DBEPD00284";1000;50;"StefanoVanuzzo";" ";;"N";"N";
"DBELE";"ODV21DBEPD00284";2000;10;;" ";;"N";"N";
"DBELE";"ODV21DBEPD00285";1000;20;"LorenzoTasca";" ";;"N";"N";
"DBELE";"ODV21DBEPD00285";2000;20;"LorenzoTasca";" ";;"N";"N";
"DBELE";"ODV21DBEPD00285";3000;20;"LorenzoTasca";" ";;"N";"N";
"DBELE";"ODV21DBEPD00285";4000;50;"StefanoVanuzzo";" ";;"N";"N";
"DBELE";"ODV21DBEPD00285";5000;50;"StefanoVanuzzo";" ";;"N";"N";
"DBELE";"ODV21DBEPD00285";6000;50;"StefanoVanuzzo";" ";;"N";"N";
"DBELE";"ODV21DBEPD00285";7000;50;"StefanoVanuzzo";" ";;"N";"N";
"DBELE";"ODV21DBEPD00285";8000;50;"StefanoVanuzzo";" ";;"N";"N";
"DBELE";"ODV21DBEPD00286";1000;50;"StefanoVanuzzo";" ";;"N";"N";
"DBELE";"ODV21DBEPD00286";2000;50;"StefanoVanuzzo";" ";;"N";"N";
"DBELE";"ODV21DBEPD00286";3000;50;"StefanoVanuzzo";" ";;"N";"N";
"DBELE";"ODV21DBEPD00287";1000;20;"LorenzoTasca";" ";;"N";"N";
"DBELE";"ODV21DBEPD00287";2000;50;"StefanoVanuzzo";" ";;"N";"N";
"DBELE";"ODV21DBEPD00288";1000;50;"StefanoVanuzzo";" ";;"N";"N";
"DBELE";"ODV21DBEPD00288";2000;27;"StefanoVanuzzo";" ";;"N";"N";
"DBELE";"ODV21DBEPD00288";3000;27;"StefanoVanuzzo";" ";;"N";"N";
"DBELE";"ODV21DBEPD00288";4000;27;"StefanoVanuzzo";" ";;"N";"N";
"DBELE";"ODV21DBEPD00288";5000;27;"StefanoVanuzzo";" ";;"N";"N";
"DBELE";"ODV21DBEPD00288";6000;27;"StefanoVanuzzo";" ";;"N";"N";
"DBELE";"ODV21DBEPD00288";7000;27;"StefanoVanuzzo";" ";;"N";"N";
"DBELE";"ODV21DBEPD00288";8000;27;"StefanoVanuzzo";" ";;"N";"N";
"DBELE";"ODV21DBEPD00288";9000;27;"StefanoVanuzzo";" ";;"N";"N";
"DBELE";"ODV21DBEPD00288";10000;50;"StefanoVanuzzo";" ";;"N";"N";
"DBELE";"ODV21DBEPD00288";11000;50;"StefanoVanuzzo";" ";;"N";"N";
"DBELE";"ODV21DBEPD00288";12000;27;"StefanoVanuzzo";" ";;"N";"N";
"DBELE";"ODV21DBEPD00288";13000;27;"StefanoVanuzzo";" ";;"N";"N";
"DBELE";"ODV21DBEPD00288";14000;27;"StefanoVanuzzo";" ";;"N";"N";
"DBELE";"ODV21DBEPD00288";15000;27;"StefanoVanuzzo";" ";;"N";"N";
"DBELE";"ODV21DBEPD00288";16000;27;"StefanoVanuzzo";" ";;"N";"N";
"DBELE";"ODV21DBEPD00288";17000;27;"StefanoVanuzzo";" ";;"N";"N";
"DBELE";"ODV21DBEPD00288";18000;27;"StefanoVanuzzo";" ";;"N";"N";
"DBELE";"ODV21DBEPD00288";19000;27;"StefanoVanuzzo";" ";;"N";"N";
"DBELE";"ODV21DBEPD00288";20000;27;"StefanoVanuzzo";" ";;"N";"N";
"DBELE";"ODV21DBEPD00288";21000;27;"StefanoVanuzzo";" ";;"N";"N";
"DBELE";"ODV21DBEPD00288";22000;27;"StefanoVanuzzo";" ";;"N";"N";
"DBELE";"ODV21DBEPD00288";23000;27;"StefanoVanuzzo";" ";;"N";"N";
"DBELE";"ODV21DBEPD00288";24000;27;"StefanoVanuzzo";" ";;"N";"N";
"DBELE";"ODV21DBEPD00288";25000;27;"StefanoVanuzzo";" ";;"N";"N";
"DBELE";"ODV21DBEPD00289";1000;50;"StefanoVanuzzo";" ";;"N";"N";
"DBELE";"ODV21DBEPD00290";1000;50;"StefanoVanuzzo";" ";;"N";"N";
"DBELE";"ODV21DBEPD00291";1000;50;"StefanoVanuzzo";" ";;"N";"N";
"DBELE";"ODV21DBEPD00292";1000;50;"StefanoVanuzzo";" ";;"N";"N";
"DBELE";"ODV21DBEPD00292";2000;50;"StefanoVanuzzo";" ";;"N";"N";
"DBELE";"ODV21DBEPD00292";3000;27;"StefanoVanuzzo";" ";;"N";"N";
"DBELE";"ODV21DBEPD00292";4000;27;"StefanoVanuzzo";" ";;"N";"N";
"DBELE";"ODV21DBEPD00292";5000;35;"StefanoVanuzzo";" ";;"N";"N";
"DBELE";"ODV21DBEPD00292";6000;45;"EnricoCiscato";" ";;"N";"N";
"DBELE";"ODV21DBEPD00292";7000;27;"StefanoVanuzzo";" ";;"N";"N";
"DBELE";"ODV21DBEPD00292";8000;27;"StefanoVanuzzo";" ";;"N";"N";
"DBELE";"ODV21DBEPD00292";9000;45;"EnricoCiscato";" ";;"N";"N";
"DBELE";"ODV21DBEPD00292";10000;45;"EnricoCiscato";" ";;"N";"N";
"DBELE";"ODV21DBEPD00292";11000;27;"StefanoVanuzzo";" ";;"N";"N";
"DBELE";"ODV21DBEPD00292";12000;27;"StefanoVanuzzo";" ";;"N";"N";
"DBELE";"ODV21DBEPD00292";13000;27;"StefanoVanuzzo";" ";;"N";"N";
"DBELE";"ODV21DBEPD00292";14000;27;"StefanoVanuzzo";" ";;"N";"N";
"DBELE";"ODV21DBEPD00293";500;50;"StefanoVanuzzo";" ";;"N";"N";
"DBELE";"ODV21DBEPD00293";1000;50;"StefanoVanuzzo";" ";;"N";"N";
"DBELE";"ODV21DBEPD00293";2000;27;"StefanoVanuzzo";" ";;"N";"N";
"DBELE";"ODV21DBEPD00294";1000;35;"FedericaFavero";" ";;"N";"N";
"DBELE";"ODV21DBEPD00294";2000;35;"FedericaFavero";" ";;"N";"N";
"DBELE";"ODV21DBEPD00294";3000;35;"FedericaFavero";" ";;"N";"N";
"DBELE";"ODV21DBEPD00294";4000;35;"FedericaFavero";" ";;"N";"N";
"DBELE";"ODV21DBEPD00294";5000;35;"FedericaFavero";" ";;"N";"N";
"DBELE";"ODV21DBEPD00294";6000;35;"FedericaFavero";" ";;"N";"N";
"DBELE";"ODV21DBEPD00294";7000;35;"FedericaFavero";" ";;"N";"N";
"DBELE";"ODV21DBEPD00294";8000;35;"FedericaFavero";" ";;"N";"N";
"DBELE";"ODV21DBEPD00294";8500;35;"FedericaFavero";" ";;"N";"N";
"DBELE";"ODV21DBEPD00294";10000;35;"FedericaFavero";" ";;"N";"N";
"DBELE";"ODV21DBEPD00295";1000;50;"StefanoVanuzzo";" ";;"N";"N";
"DBELE";"ODV21DBEPD00296";1000;50;"StefanoVanuzzo";" ";;"N";"N";
"DBELE";"ODV21DBEPD00296";2000;27;"StefanoVanuzzo";" ";;"N";"N";
"DBELE";"ODV21DBEPD00296";3000;35;"StefanoVanuzzo";" ";;"N";"N";
"DBELE";"ODV21DBEPD00296";4000;27;"StefanoVanuzzo";" ";;"N";"N";
"DBELE";"ODV21DBEPD00296";5000;27;"StefanoVanuzzo";" ";;"N";"N";
"DBELE";"ODV21DBEPD00296";6000;27;"StefanoVanuzzo";" ";;"N";"N";
"DBELE";"ODV21DBEPD00296";7000;27;"StefanoVanuzzo";" ";;"N";"N";
"DBELE";"ODV21DBEPD00296";8000;27;"StefanoVanuzzo";" ";;"N";"N";
"DBELE";"ODV21DBEPD00297";1000;20;"LorenzoTasca";" ";;"N";"N";
"DBELE";"ODV21DBEPD00297";2000;10;;" ";;"N";"N";
"DBELE";"ODV21DBEPD00298";1000;20;"LorenzoTasca";" ";;"N";"N";
"DBELE";"ODV21DBEPD00298";2000;50;"StefanoVanuzzo";" ";;"N";"N";
"DBELE";"ODV21DBEPD00299";1000;50;"StefanoVanuzzo";" ";;"N";"N";
"DBELE";"ODV21DBEPD00299";2000;50;"StefanoVanuzzo";" ";;"N";"N";
"DBELE";"ODV21DBEPD00299";3000;50;"StefanoVanuzzo";" ";;"N";"N";
"DBELE";"ODV21DBEPD00300";1000;50;"StefanoVanuzzo";" ";;"N";"N";
"DBELE";"ODV21DBEPD00300";2000;50;"StefanoVanuzzo";" ";;"N";"N";
"DBELE";"ODV21DBEPD00301";1000;50;"StefanoVanuzzo";" ";;"N";"N";
"DBELE";"ODV21DBEPD00303";1000;30;"LorenzoTasca";" ";;"N";"N";
"DBELE";"ODV21DBEPD00303";2000;30;"LorenzoTasca";" ";;"N";"N";
"DBELE";"ODV21DBEPD00303";3000;30;"LorenzoTasca";" ";;"N";"N";
"DBELE";"ODV21DBEPD00303";4000;30;"LorenzoTasca";" ";;"N";"N";
"DBELE";"ODV21DBEPD00303";5000;30;"LorenzoTasca";" ";;"N";"N";
"DBELE";"ODV21DBEPD00303";6000;30;"LorenzoTasca";" ";;"N";"N";
"DBELE";"ODV21DBEPD00303";7000;30;"LorenzoTasca";" ";;"N";"N";
"DBELE";"ODV21DBEPD00304";1000;27;"FedericaFavero";" ";;"N";"N";
"DBELE";"ODV21DBEPD00305";1000;50;"StefanoVanuzzo";" ";;"N";"N";
"DBELE";"ODV21DBEPD00305";2000;50;"StefanoVanuzzo";" ";;"N";"N";
"DBELE";"ODV21DBEPD00306";1000;20;"LorenzoTasca";" ";;"N";"N";
"DBELE";"ODV21DBEPD00306";2000;50;"StefanoVanuzzo";" ";;"N";"N";
"DBELE";"ODV21DBEPD00307";2000;50;"StefanoVanuzzo";" ";;"N";"N";
"DBELE";"ODV21DBEPD00308";1000;50;"StefanoVanuzzo";" ";;"N";"N";
"DBELE";"ODV21DBEPD00309";1000;50;"StefanoVanuzzo";" ";;"N";"N";
"DBELE";"ODV21DBEPD00310";1000;50;"StefanoVanuzzo";" ";;"N";"N";
"DBELE";"ODV21DBEPD00310";2000;50;"StefanoVanuzzo";" ";;"N";"N";
"DBELE";"ODV21DBEPD00310";3000;50;"StefanoVanuzzo";" ";;"N";"N";
"DBELE";"ODV21DBEPD00310";4000;50;"StefanoVanuzzo";" ";;"N";"N";
"DBELE";"ODV21DBEPD00310";5000;50;"StefanoVanuzzo";" ";;"N";"N";
"DBELE";"ODV21DBEPD00311";1000;27;"FedericaFavero";" ";;"N";"N";
"DBELE";"ODV21DBEPD00312";1000;27;"FedericaFavero";" ";;"N";"N";
"DBELE";"ODV21DBEPD00313";1000;50;"StefanoVanuzzo";" ";;"N";"N";
"DBELE";"ODV21DBEPD00313";2000;50;"StefanoVanuzzo";" ";;"N";"N";
"DBELE";"ODV21DBEPD00313";3000;45;"EnricoCiscato";" ";;"N";"N";
"DBELE";"ODV21DBEPD00313";4000;27;"StefanoVanuzzo";" ";;"N";"N";
"DBELE";"ODV21DBEPD00314";1000;30;"LorenzoTasca";" ";;"N";"N";
"DBELE";"ODV21DBEPD00314";2000;30;"LorenzoTasca";" ";;"N";"N";
"DBELE";"ODV21DBEPD00314";3000;30;"LorenzoTasca";" ";;"N";"N";
"DBELE";"ODV21DBEPD00314";4000;30;"LorenzoTasca";" ";;"N";"N";
"DBELE";"ODV21DBEPD00315";1000;27;"FedericaFavero";" ";;"N";"N";
"DBELE";"ODV21DBEPD00316";1000;50;"StefanoVanuzzo";" ";;"N";"N";
"DBELE";"ODV21DBEPD00317";1000;20;"LorenzoTasca";" ";;"N";"N";
"DBELE";"ODV21DBEPD00317";2000;50;"StefanoVanuzzo";" ";;"N";"N";
"DBELE";"ODV21DBEPD00318";1000;50;"StefanoVanuzzo";" ";;"N";"N";
"DBELE";"ODV21DBEPD00318";2000;27;"StefanoVanuzzo";" ";;"N";"N";
"DBELE";"ODV21DBEPD00320";1000;50;"StefanoVanuzzo";" ";;"N";"N";
"DBELE";"ODV21DBEPD00321";1000;30;"LorenzoTasca";" ";;"N";"N";
"DBELE";"ODV21DBEPD00322";1000;20;"LorenzoTasca";" ";;"N";"N";
"DBELE";"ODV21DBEPD00322";2000;20;"LorenzoTasca";" ";;"N";"N";
"DBELE";"ODV21DBEPD00322";3000;50;"StefanoVanuzzo";" ";;"N";"N";
"DBELE";"ODV21DBEPD00322";4000;50;"StefanoVanuzzo";" ";;"N";"N";
"DBELE";"ODV21DBEPD00324";1000;50;"StefanoVanuzzo";" ";;"N";"N";
"DBELE";"ODV21DBEPD00325";1000;50;"StefanoVanuzzo";" ";;"N";"N";
"DBELE";"ODV21DBEPD00325";2000;50;"StefanoVanuzzo";" ";;"N";"N";
"DBELE";"ODV21DBEPD00325";3000;27;"StefanoVanuzzo";" ";;"N";"N";
"DBELE";"ODV21DBEPD00326";1000;20;"LorenzoTasca";" ";;"N";"N";
"DBELE";"ODV21DBEPD00326";2000;50;"StefanoVanuzzo";" ";;"N";"N";
"DBELE";"ODV21DBEPD00327";1000;27;"StefanoVanuzzo";" ";;"N";"N";
"DBELE";"ODV21DBEPD00327";2000;27;"StefanoVanuzzo";" ";;"N";"N";
"DBELE";"ODV21DBEPD00327";3000;20;"LorenzoTasca";" ";;"N";"N";
"DBELE";"ODV21DBEPD00327";4000;20;"LorenzoTasca";" ";;"N";"N";
"DBELE";"ODV21DBEPD00327";5000;50;"StefanoVanuzzo";" ";;"N";"N";
"DBELE";"ODV21DBEPD00327";6000;50;"StefanoVanuzzo";" ";;"N";"N";
"DBELE";"ODV21DBEPD00328";1000;35;"FedericaFavero";" ";;"N";"N";
"DBELE";"ODV21DBEPD00329";1000;50;"StefanoVanuzzo";" ";;"N";"N";
"DBELE";"ODV21DBEPD00330";1000;20;"LorenzoTasca";" ";;"N";"N";
"DBELE";"ODV21DBEPD00330";2000;50;"StefanoVanuzzo";" ";;"N";"N";
"DBELE";"ODV21DBEPD00331";1000;50;"StefanoVanuzzo";" ";;"N";"N";
"DBELE";"ODV21DBEPD00331";2000;50;"StefanoVanuzzo";" ";;"N";"N";
"DBELE";"ODV21DBEPD00331";3000;50;"StefanoVanuzzo";" ";;"N";"N";
"DBELE";"ODV21DBEPD00332";1000;50;"StefanoVanuzzo";" ";;"N";"N";
"DBELE";"ODV21DBEPD00333";1000;50;"StefanoVanuzzo";" ";;"N";"N";
"DBELE";"ODV21DBEPD00334";1000;50;"StefanoVanuzzo";" ";;"N";"N";
"DBELE";"ODV21DBEPD00334";2000;50;"StefanoVanuzzo";" ";;"N";"N";
"DBELE";"ODV21DBEPD00335";1000;20;"LorenzoTasca";" ";;"N";"N";
"DBELE";"ODV21DBEPD00335";2000;50;"StefanoVanuzzo";" ";;"N";"N";
"DBELE";"ODV21DBEPD00336";500;50;"StefanoVanuzzo";" ";;"N";"N";
"DBELE";"ODV21DBEPD00336";1000;50;"StefanoVanuzzo";" ";;"N";"N";
"DBELE";"ODV21DBEPD00336";2000;27;"StefanoVanuzzo";" ";;"N";"N";
"DBELE";"ODV21DBEPD00339";1000;50;"StefanoVanuzzo";" ";;"N";"N";
"DBELE";"ODV21DBEPD00340";1000;50;"StefanoVanuzzo";" ";;"N";"N";
"DBELE";"ODV21DBEPD00340";2000;45;"EnricoCiscato";" ";;"N";"N";
"DBELE";"ODV21DBEPD00340";3000;27;"StefanoVanuzzo";" ";;"N";"N";
"DBELE";"ODV21DBEPD00340";4000;50;"StefanoVanuzzo";" ";;"N";"N";
"DBELE";"ODV21DBEPD00341";1000;27;"StefanoVanuzzo";" ";;"N";"N";
"DBELE";"ODV21DBEPD00341";2000;50;"StefanoVanuzzo";" ";;"N";"N";
"DBELE";"ODV21DBEPD00342";1000;50;"StefanoVanuzzo";" ";;"N";"N";
"DBELE";"ODV21DBEPD00342";2000;50;"StefanoVanuzzo";" ";;"N";"N";
"DBELE";"ODV21DBEPD00343";1000;50;"StefanoVanuzzo";" ";;"N";"N";
"DBELE";"ODV21DBEPD00344";1000;50;"StefanoVanuzzo";" ";;"N";"N";
"DBELE";"ODV21DBEPD00345";1000;50;"StefanoVanuzzo";" ";;"N";"N";
"DBELE";"ODV21DBEPD00346";1000;50;"StefanoVanuzzo";" ";;"N";"N";
"DBELE";"ODV21DBEPD00346";2000;50;"StefanoVanuzzo";" ";;"N";"N";
"DBELE";"ODV21DBEPD00346";3000;50;"StefanoVanuzzo";" ";;"N";"N";
"DBELE";"ODV21DBEPD00346";4000;50;"StefanoVanuzzo";" ";;"N";"N";
"DBELE";"ODV21DBEPD00346";4500;50;"StefanoVanuzzo";" ";;"N";"N";
"DBELE";"ODV21DBEPD00346";6000;50;"StefanoVanuzzo";" ";;"N";"N";
"DBELE";"ODV21DBEPD00346";7000;50;"StefanoVanuzzo";" ";;"N";"N";
"DBELE";"ODV21DBEPD00346";8000;50;"StefanoVanuzzo";" ";;"N";"N";
"DBELE";"ODV21DBEPD00346";9000;50;"StefanoVanuzzo";" ";;"N";"N";
"DBELE";"ODV21DBEPD00347";1000;50;"StefanoVanuzzo";" ";;"N";"N";
"DBELE";"ODV21DBEPD00347";2000;50;"StefanoVanuzzo";" ";;"N";"N";
"DBELE";"ODV21DBEPD00348";1000;27;"FedericaFavero";" ";;"N";"N";
"DBELE";"ODV21DBEPD00349";1000;50;"StefanoVanuzzo";" ";;"N";"N";
"DBELE";"ODV21DBEPD00349";2000;27;"StefanoVanuzzo";" ";;"N";"N";
"DBELE";"ODV21DBEPD00349";3000;27;"StefanoVanuzzo";" ";;"N";"N";
"DBELE";"ODV21DBEPD00349";4000;27;"StefanoVanuzzo";" ";;"N";"N";
"DBELE";"ODV21DBEPD00349";5000;27;"StefanoVanuzzo";" ";;"N";"N";
"DBELE";"ODV21DBEPD00349";6000;27;"StefanoVanuzzo";" ";;"N";"N";
"DBELE";"ODV21DBEPD00350";1000;50;"StefanoVanuzzo";" ";;"N";"N";
"DBELE";"ODV21DBEPD00351";1000;27;"FedericaFavero";" ";;"N";"N";
"DBELE";"ODV21DBEPD00351";2000;27;"FedericaFavero";" ";;"N";"N";
"DBELE";"ODV21DBEPD00352";1000;27;"StefanoVanuzzo";" ";;"N";"N";
"DBELE";"ODV21DBEPD00352";2000;27;"StefanoVanuzzo";" ";;"N";"N";
"DBELE";"ODV21DBEPD00352";3000;27;"StefanoVanuzzo";" ";;"N";"N";
"DBELE";"ODV21DBEPD00352";4000;27;"StefanoVanuzzo";" ";;"N";"N";
"DBELE";"ODV21DBEPD00352";5000;27;"StefanoVanuzzo";" ";;"N";"N";
"DBELE";"ODV21DBEPD00352";6000;27;"StefanoVanuzzo";" ";;"N";"N";
"DBELE";"ODV21DBEPD00352";8000;50;"StefanoVanuzzo";" ";;"N";"N";
"DBELE";"ODV21DBEPD00352";9000;27;"StefanoVanuzzo";" ";;"N";"N";
"DBELE";"ODV21DBEPD00352";10000;50;"StefanoVanuzzo";" ";;"N";"N";
"DBELE";"ODV21DBEPD00352";11000;27;"StefanoVanuzzo";" ";;"N";"N";
"DBELE";"ODV21DBEPD00352";12000;27;"StefanoVanuzzo";" ";;"N";"N";
"DBELE";"ODV21DBEPD00352";13000;27;"StefanoVanuzzo";" ";;"N";"N";
"DBELE";"ODV21DBEPD00352";14000;27;"StefanoVanuzzo";" ";;"N";"N";
"DBELE";"ODV21DBEPD00352";15000;20;"LorenzoTasca";" ";;"N";"N";
"DBELE";"ODV21DBEPD00352";16000;27;"StefanoVanuzzo";" ";;"N";"N";
"DBELE";"ODV21DBEPD00352";17000;27;"StefanoVanuzzo";" ";;"N";"N";
"DBELE";"ODV21DBEPD00352";18000;50;"StefanoVanuzzo";" ";;"N";"N";
"DBELE";"ODV21DBEPD00353";1000;50;"StefanoVanuzzo";" ";;"N";"N";
"DBELE";"ODV21DBEPD00353";2000;27;"StefanoVanuzzo";" ";;"N";"N";
"DBELE";"ODV21DBEPD00354";1000;50;"StefanoVanuzzo";" ";;"N";"N";
"DBELE";"ODV21DBEPD00355";1000;27;"FedericaFavero";" ";;"N";"N";
"DBELE";"ODV21DBEPD00355";2000;27;"FedericaFavero";" ";;"N";"N";
"DBELE";"ODV21DBEPD00355";3000;27;"FedericaFavero";" ";;"N";"N";
"DBELE";"ODV21DBEPD00355";4000;27;"FedericaFavero";" ";;"N";"N";
"DBELE";"ODV21DBEPD00355";5000;27;"FedericaFavero";" ";;"N";"N";
"DBELE";"ODV21DBEPD00355";6000;27;"FedericaFavero";" ";;"N";"N";
"DBELE";"ODV21DBEPD00355";7000;27;"FedericaFavero";" ";;"N";"N";
"DBELE";"ODV21DBEPD00356";1000;35;"FedericaFavero";" ";;"N";"N";
"DBELE";"ODV21DBEPD00356";2000;35;"FedericaFavero";" ";;"N";"N";
"DBELE";"ODV21DBEPD00356";3000;35;"FedericaFavero";" ";;"N";"N";
"DBELE";"ODV21DBEPD00356";4000;35;"FedericaFavero";" ";;"N";"N";
"DBELE";"ODV21DBEPD00356";5000;35;"FedericaFavero";" ";;"N";"N";
"DBELE";"ODV21DBEPD00356";6000;35;"FedericaFavero";" ";;"N";"N";
"DBELE";"ODV21DBEPD00356";7000;35;"FedericaFavero";" ";;"N";"N";
"DBELE";"ODV21DBEPD00357";1000;50;"StefanoVanuzzo";" ";;"N";"N";
"DBELE";"ODV21DBEPD00357";2000;27;"StefanoVanuzzo";" ";;"N";"N";
"DBELE";"ODV21DBEPD00357";3000;27;"StefanoVanuzzo";" ";;"N";"N";
"DBELE";"ODV21DBEPD00357";4000;27;"StefanoVanuzzo";" ";;"N";"N";
"DBELE";"ODV21DBEPD00358";1000;20;"LorenzoTasca";" ";;"N";"N";
"DBELE";"ODV21DBEPD00359";1000;50;"StefanoVanuzzo";" ";;"N";"N";
"DBELE";"ODV21DBEPD00359";2000;27;"StefanoVanuzzo";" ";;"N";"N";
"DBELE";"ODV21DBEPD00360";1000;50;"StefanoVanuzzo";" ";;"N";"N";
"DBELE";"ODV21DBEPD00360";2000;27;"StefanoVanuzzo";" ";;"N";"N";
"DBELE";"ODV21DBEPD00360";3000;27;"StefanoVanuzzo";" ";;"N";"N";
"DBELE";"ODV21DBEPD00360";4000;27;"StefanoVanuzzo";" ";;"N";"N";
"DBELE";"ODV21DBEPD00360";5000;27;"StefanoVanuzzo";" ";;"N";"N";
"DBELE";"ODV21DBEPD00360";6000;27;"StefanoVanuzzo";" ";;"N";"N";
"DBELE";"ODV21DBEPD00360";7000;27;"StefanoVanuzzo";" ";;"N";"N";
"DBELE";"ODV21DBEPD00360";8000;27;"StefanoVanuzzo";" ";;"N";"N";
"DBELE";"ODV21DBEPD00361";1000;50;"StefanoVanuzzo";" ";;"N";"N";
"DBELE";"ODV21DBEPD00362";1000;20;"LorenzoTasca";" ";;"N";"N";
"DBELE";"ODV21DBEPD00362";2000;27;"StefanoVanuzzo";" ";;"N";"N";
"DBELE";"ODV21DBEPD00362";3000;50;"StefanoVanuzzo";" ";;"N";"N";
"DBELE";"ODV21DBEPD00363";1000;50;"StefanoVanuzzo";" ";;"N";"N";
"DBELE";"ODV21DBEPD00363";2000;27;"StefanoVanuzzo";" ";;"N";"N";
"DBELE";"ODV21DBEPD00364";1000;50;"StefanoVanuzzo";" ";;"N";"N";
"DBELE";"ODV21DBEPD00365";1000;27;"FedericaFavero";" ";;"N";"N";
"DBELE";"ODV21DBEPD00366";1000;50;"StefanoVanuzzo";" ";;"N";"N";
"DBELE";"ODV21DBEPD00366";2000;50;"StefanoVanuzzo";" ";;"N";"N";
"DBELE";"ODV21DBEPD00367";1000;50;"StefanoVanuzzo";" ";;"N";"N";
"DBELE";"ODV21DBEPD00367";2000;50;"StefanoVanuzzo";" ";;"N";"N";
"DBELE";"ODV21DBEPD00367";3000;20;"LorenzoTasca";" ";;"N";"N";
"DBELE";"ODV21DBEPD00367";4000;50;"StefanoVanuzzo";" ";;"N";"N";
"DBELE";"ODV21DBEPD00368";1000;50;"StefanoVanuzzo";" ";;"N";"N";
"DBELE";"ODV21DBEPD00369";1000;27;"StefanoVanuzzo";" ";;"N";"N";
"DBELE";"ODV21DBEPD00370";1000;20;"LorenzoTasca";" ";;"N";"N";
"DBELE";"ODV21DBEPD00370";2000;45;"EnricoCiscato";" ";;"N";"N";
"DBELE";"ODV21DBEPD00370";3000;45;"EnricoCiscato";" ";;"N";"N";
"DBELE";"ODV21DBEPD00371";1000;50;"StefanoVanuzzo";" ";;"N";"N";
"DBELE";"ODV21DBEPD00372";1000;50;"StefanoVanuzzo";" ";;"N";"N";
"DBELE";"ODV21DBEPD00373";1000;50;"StefanoVanuzzo";" ";;"N";"N";
"DBELE";"ODV21DBEPD00373";2000;50;"StefanoVanuzzo";" ";;"N";"N";
"DBELE";"ODV21DBEPD00374";1000;27;"FedericaFavero";" ";;"N";"N";
"DBELE";"ODV21DBEPD00374";2000;27;"FedericaFavero";" ";;"N";"N";
"DBELE";"ODV21DBEPD00375";1000;50;"StefanoVanuzzo";" ";;"N";"N";
"DBELE";"ODV21DBEPD00376";1000;50;"StefanoVanuzzo";" ";;"N";"N";
"DBELE";"ODV21DBEPD00376";2000;50;"StefanoVanuzzo";" ";;"N";"N";
"DBELE";"ODV21DBEPD00377";1000;50;"StefanoVanuzzo";" ";;"N";"N";
"DBELE";"ODV21DBEPD00377";2000;27;"StefanoVanuzzo";" ";;"N";"N";
"DBELE";"ODV21DBEPD00377";3000;27;"StefanoVanuzzo";" ";;"N";"N";
"DBELE";"ODV21DBEPD00377";4000;27;"StefanoVanuzzo";" ";;"N";"N";
"DBELE";"ODV21DBEPD00377";5000;27;"StefanoVanuzzo";" ";;"N";"N";
"DBELE";"ODV21DBEPD00377";6000;27;"StefanoVanuzzo";" ";;"N";"N";
"DBELE";"ODV21DBEPD00377";7000;27;"StefanoVanuzzo";" ";;"N";"N";
"DBELE";"ODV21DBEPD00377";8000;27;"StefanoVanuzzo";" ";;"N";"N";
"DBELE";"ODV21DBEPD00378";1000;50;"StefanoVanuzzo";" ";;"N";"N";
"DBELE";"ODV21DBEPD00379";1000;50;"StefanoVanuzzo";" ";;"N";"N";
"DBELE";"ODV21DBEPD00379";2000;50;"StefanoVanuzzo";" ";;"N";"N";
"DBELE";"ODV21DBEPD00380";1000;50;"StefanoVanuzzo";" ";;"N";"N";
"DBELE";"ODV21DBEPD00381";1000;50;"StefanoVanuzzo";" ";;"N";"N";
"DBELE";"ODV21DBEPD00382";1000;50;"StefanoVanuzzo";" ";;"N";"N";
"DBELE";"ODV21DBEPD00383";1000;50;"StefanoVanuzzo";" ";;"N";"N";
"DBELE";"ODV21DBEPD00384";1000;50;"StefanoVanuzzo";" ";;"N";"N";
"DBELE";"ODV21DBEPD00384";2000;27;"StefanoVanuzzo";" ";;"N";"N";
"DBELE";"ODV21DBEPD00384";3000;50;"StefanoVanuzzo";" ";;"N";"N";
"DBELE";"ODV21DBEPD00384";4000;27;"StefanoVanuzzo";" ";;"N";"N";
"DBELE";"ODV21DBEPD00384";5000;27;"StefanoVanuzzo";" ";;"N";"N";
"DBELE";"ODV21DBEPD00384";6000;27;"StefanoVanuzzo";" ";;"N";"N";
"DBELE";"ODV21DBEPD00385";1000;50;"StefanoVanuzzo";" ";;"N";"N";
"DBELE";"ODV21DBEPD00386";1000;30;"LorenzoTasca";" ";;"N";"N";
"DBELE";"ODV21DBEPD00388";1000;27;"FedericaFavero";" ";;"N";"N";
"DBELE";"ODV21DBEPD00388";2000;27;"FedericaFavero";" ";;"N";"N";
"DBELE";"ODV21DBEPD00388";3000;27;"FedericaFavero";" ";;"N";"N";
"DBELE";"ODV21DBEPD00388";4000;27;"FedericaFavero";" ";;"N";"N";
"DBELE";"ODV21DBEPD00388";5000;27;"FedericaFavero";" ";;"N";"N";
"DBELE";"ODV21DBEPD00388";6000;27;"FedericaFavero";" ";;"N";"N";
"DBELE";"ODV21DBEPD00389";1000;50;"StefanoVanuzzo";" ";;"N";"N";
"DBELE";"ODV21DBEPD00389";2000;50;"StefanoVanuzzo";" ";;"N";"N";
"DBELE";"ODV21DBEPD00390";1000;27;"FedericaFavero";" ";;"N";"N";
"DBELE";"ODV21DBEPD00391";1000;50;"StefanoVanuzzo";" ";;"N";"N";
"DBELE";"ODV21DBEPD00391";2000;27;"StefanoVanuzzo";" ";;"N";"N";
"DBELE";"ODV21DBEPD00392";1000;50;"StefanoVanuzzo";" ";;"N";"N";
"DBELE";"ODV21DBEPD00393";1000;50;"StefanoVanuzzo";" ";;"N";"N";
"DBELE";"ODV21DBEPD00393";2000;27;"StefanoVanuzzo";" ";;"N";"N";
"DBELE";"ODV21DBEPD00393";3000;27;"StefanoVanuzzo";" ";;"N";"N";
"DBELE";"ODV21DBEPD00394";1000;50;"StefanoVanuzzo";" ";;"N";"N";
"DBELE";"ODV21DBEPD00394";2000;50;"StefanoVanuzzo";" ";;"N";"N";
"DBELE";"ODV21DBEPD00394";3000;30;"LorenzoTasca";" ";;"N";"N";
"DBELE";"ODV21DBEPD00394";3500;50;"StefanoVanuzzo";" ";;"N";"N";
"DBELE";"ODV21DBEPD00394";4000;27;"StefanoVanuzzo";" ";;"N";"N";
"DBELE";"ODV21DBEPD00394";4250;10;;" ";;"N";"N";
"DBELE";"ODV21DBEPD00394";4500;50;"StefanoVanuzzo";" ";;"N";"N";
"DBELE";"ODV21DBEPD00394";6000;50;"StefanoVanuzzo";" ";;"N";"N";
"DBELE";"ODV21DBEPD00394";7000;50;"StefanoVanuzzo";" ";;"N";"N";
"DBELE";"ODV21DBEPD00394";8000;27;"StefanoVanuzzo";" ";;"N";"N";
"DBELE";"ODV21DBEPD00394";9000;50;"StefanoVanuzzo";" ";;"N";"N";
"DBELE";"ODV21DBEPD00395";1000;50;"StefanoVanuzzo";" ";;"N";"N";
"DBELE";"ODV21DBEPD00395";2000;50;"StefanoVanuzzo";" ";;"N";"N";
"DBELE";"ODV21DBEPD00396";1000;50;"StefanoVanuzzo";" ";;"N";"N";
"DBELE";"ODV21DBEPD00397";1000;50;"StefanoVanuzzo";" ";;"N";"N";
"DBELE";"ODV21DBEPD00397";2000;50;"StefanoVanuzzo";" ";;"N";"N";
"DBELE";"ODV21DBEPD00398";1000;50;"StefanoVanuzzo";" ";;"N";"N";
"DBELE";"ODV21DBEPD00399";1000;50;"StefanoVanuzzo";" ";;"N";"N";
"DBELE";"ODV21DBEPD00400";1000;50;"StefanoVanuzzo";" ";;"N";"N";
"DBELE";"ODV21DBEPD00401";1000;50;"StefanoVanuzzo";" ";;"N";"N";
"DBELE";"ODV21DBEPD00402";1000;50;"StefanoVanuzzo";" ";;"N";"N";
"DBELE";"ODV21DBEPD00402";2000;50;"StefanoVanuzzo";" ";;"N";"N";
"DBELE";"ODV21DBEPD00402";3000;27;"StefanoVanuzzo";" ";;"N";"N";
"DBELE";"ODV21DBEPD00403";1000;50;"StefanoVanuzzo";" ";;"N";"N";
"DBELE";"ODV21DBEPD00404";1000;50;"StefanoVanuzzo";" ";;"N";"N";
"DBELE";"ODV21DBEPD00405";1000;50;"StefanoVanuzzo";" ";;"N";"N";
"DBELE";"ODV21DBEPD00405";2000;50;"StefanoVanuzzo";" ";;"N";"N";
"DBELE";"ODV21DBEPD00405";3000;50;"StefanoVanuzzo";" ";;"N";"N";
"DBELE";"ODV21DBEPD00405";4000;50;"StefanoVanuzzo";" ";;"N";"N";
"DBELE";"ODV21DBEPD00405";5000;50;"StefanoVanuzzo";" ";;"N";"N";
"DBELE";"ODV21DBEPD00406";1000;20;"LorenzoTasca";" ";;"N";"N";
"DBELE";"ODV21DBEPD00406";2000;50;"StefanoVanuzzo";" ";;"N";"N";
"DBELE";"ODV21DBEPD00407";1000;27;"StefanoVanuzzo";" ";;"N";"N";
"DBELE";"ODV21DBEPD00407";2000;27;"StefanoVanuzzo";" ";;"N";"N";
"DBELE";"ODV21DBEPD00407";3000;27;"StefanoVanuzzo";" ";;"N";"N";
"DBELE";"ODV21DBEPD00407";4000;27;"StefanoVanuzzo";" ";;"N";"N";
"DBELE";"ODV21DBEPD00407";5000;10;;" ";;"N";"N";
"DBELE";"ODV21DBEPD00408";1000;27;"StefanoVanuzzo";" ";;"N";"N";
"DBELE";"ODV21DBEPD00408";2000;50;"StefanoVanuzzo";" ";;"N";"N";
"DBELE";"ODV21DBEPD00409";1000;30;"LorenzoTasca";" ";;"N";"N";
"DBELE";"ODV21DBEPD00410";1000;50;"StefanoVanuzzo";" ";;"N";"N";
"DBELE";"ODV21DBEPD00411";1000;50;"StefanoVanuzzo";" ";;"N";"N";
"DBELE";"ODV21DBEPD00411";2000;50;"StefanoVanuzzo";" ";;"N";"N";
"DBELE";"ODV21DBEPD00411";3000;27;"StefanoVanuzzo";" ";;"N";"N";
"DBELE";"ODV21DBEPD00412";1000;50;"StefanoVanuzzo";" ";;"N";"N";
"DBELE";"ODV21DBEPD00413";1000;50;"StefanoVanuzzo";" ";;"N";"N";
"DBELE";"ODV21DBEPD00413";2000;50;"StefanoVanuzzo";" ";;"N";"N";
"DBELE";"ODV21DBEPD00414";1000;27;"StefanoVanuzzo";" ";;"N";"N";
"DBELE";"ODV21DBEPD00414";2000;50;"StefanoVanuzzo";" ";;"N";"N";
"DBELE";"ODV21DBEPD00414";3000;50;"StefanoVanuzzo";" ";;"N";"N";
"DBELE";"ODV21DBEPD00414";4000;50;"StefanoVanuzzo";" ";;"N";"N";
"DBELE";"ODV21DBEPD00415";1000;50;"StefanoVanuzzo";" ";;"N";"N";
"DBELE";"ODV21DBEPD00415";2000;50;"StefanoVanuzzo";" ";;"N";"N";
"DBELE";"ODV21DBEPD00416";1000;50;"StefanoVanuzzo";" ";;"N";"N";
"DBELE";"ODV21DBEPD00417";1000;50;"StefanoVanuzzo";" ";;"N";"N";
"DBELE";"ODV21DBEPD00418";1000;50;"StefanoVanuzzo";" ";;"N";"N";
"DBELE";"ODV21DBEPD00418";2000;27;"StefanoVanuzzo";" ";;"N";"N";
"DBELE";"ODV21DBEPD00418";3000;27;"StefanoVanuzzo";" ";;"N";"N";
"DBELE";"ODV21DBEPD00418";4000;27;"StefanoVanuzzo";" ";;"N";"N";
"DBELE";"ODV21DBEPD00419";1000;20;"LorenzoTasca";" ";;"N";"N";
"DBELE";"ODV21DBEPD00419";2000;50;"StefanoVanuzzo";" ";;"N";"N";
"DBELE";"ODV21DBEPD00419";3000;50;"StefanoVanuzzo";" ";;"N";"N";
"DBELE";"ODV21DBEPD00419";4000;27;"StefanoVanuzzo";" ";;"N";"N";
"DBELE";"ODV21DBEPD00419";5000;50;"StefanoVanuzzo";" ";;"N";"N";
"DBELE";"ODV21DBEPD00419";6000;10;;" ";;"N";"N";
"DBELE";"ODV21DBEPD00420";1000;50;"StefanoVanuzzo";" ";;"N";"N";
"DBELE";"ODV21DBEPD00420";2000;50;"StefanoVanuzzo";" ";;"N";"N";
"DBELE";"ODV21DBEPD00424";1000;50;"StefanoVanuzzo";" ";;"N";"N";
"DBELE";"ODV21DBEPD00424";2000;27;"StefanoVanuzzo";" ";;"N";"N";
"DBELE";"ODV21DBEPD00425";1000;50;"StefanoVanuzzo";" ";;"N";"N";
"DBELE";"ODV21DBEPD00425";2000;50;"StefanoVanuzzo";" ";;"N";"N";
"DBELE";"ODV21DBEPD00426";1000;50;"StefanoVanuzzo";" ";;"N";"N";
"DBELE";"ODV21DBEPD00427";1000;50;"StefanoVanuzzo";" ";;"N";"N";
"DBELE";"ODV21DBEPD00428";1000;27;"FedericaFavero";" ";;"N";"N";
"DBELE";"ODV21DBEPD00428";2000;27;"FedericaFavero";" ";;"N";"N";
"DBELE";"ODV21DBEPD00429";1000;50;"StefanoVanuzzo";" ";;"N";"N";
"DBELE";"ODV21DBEPD00429";2000;50;"StefanoVanuzzo";" ";;"N";"N";
"DBELE";"ODV21DBEPD00430";1000;27;"FedericaFavero";" ";;"N";"N";
"DBELE";"ODV21DBEPD00430";2000;27;"FedericaFavero";" ";;"N";"N";
"DBELE";"ODV21DBEPD00430";3000;27;"FedericaFavero";" ";;"N";"N";
"DBELE";"ODV21DBEPD00431";1000;50;"StefanoVanuzzo";" ";;"N";"N";
"DBELE";"ODV21DBEPD00432";2000;20;"LorenzoTasca";" ";;"N";"N";
"DBELE";"ODV21DBEPD00432";3000;50;"StefanoVanuzzo";" ";;"N";"N";
"DBELE";"ODV21DBEPD00433";1000;50;"StefanoVanuzzo";" ";;"N";"N";
"DBELE";"ODV21DBEPD00433";2000;50;"StefanoVanuzzo";" ";;"N";"N";
"DBELE";"ODV21DBEPD00433";3000;50;"StefanoVanuzzo";" ";;"N";"N";
"DBELE";"ODV21DBEPD00433";4000;27;"StefanoVanuzzo";" ";;"N";"N";
"DBELE";"ODV21DBEPD00433";5000;27;"StefanoVanuzzo";" ";;"N";"N";
"DBELE";"ODV21DBEPD00433";6000;45;"EnricoCiscato";" ";;"N";"N";
"DBELE";"ODV21DBEPD00434";2000;50;"StefanoVanuzzo";" ";;"N";"N";
"DBELE";"ODV21DBEPD00435";1000;50;"StefanoVanuzzo";" ";;"N";"N";
"DBELE";"ODV21DBEPD00435";2000;45;"EnricoCiscato";" ";;"N";"N";
"DBELE";"ODV21DBEPD00435";3000;27;"StefanoVanuzzo";" ";;"N";"N";
"DBELE";"ODV21DBEPD00435";4000;45;"EnricoCiscato";" ";;"N";"N";
"DBELE";"ODV21DBEPD00435";5000;45;"EnricoCiscato";" ";;"N";"N";
"DBELE";"ODV21DBEPD00435";6000;27;"StefanoVanuzzo";" ";;"N";"N";
"DBELE";"ODV21DBEPD00435";7000;27;"StefanoVanuzzo";" ";;"N";"N";
"DBELE";"ODV21DBEPD00435";8000;50;"StefanoVanuzzo";" ";;"N";"N";
"DBELE";"ODV21DBEPD00436";1000;50;"StefanoVanuzzo";" ";;"N";"N";
"DBELE";"ODV21DBEPD00438";1000;50;"StefanoVanuzzo";" ";;"N";"N";
"DBELE";"ODV21DBEPD00439";1000;50;"StefanoVanuzzo";" ";;"N";"N";
"DBELE";"ODV21DBEPD00439";2000;45;"EnricoCiscato";" ";;"N";"N";
"DBELE";"ODV21DBEPD00440";1000;20;"LorenzoTasca";" ";;"N";"N";
"DBELE";"ODV21DBEPD00440";2000;50;"StefanoVanuzzo";" ";;"N";"N";
"DBELE";"ODV21DBEPD00441";1000;50;"StefanoVanuzzo";" ";;"N";"N";
"DBELE";"ODV21DBEPD00441";2000;45;"EnricoCiscato";" ";;"N";"N";
"DBELE";"ODV21DBEPD00441";3000;27;"StefanoVanuzzo";" ";;"N";"N";
"DBELE";"ODV21DBEPD00441";4000;27;"StefanoVanuzzo";" ";;"N";"N";
"DBELE";"ODV21DBEPD00441";6000;27;"StefanoVanuzzo";" ";;"N";"N";
"DBELE";"ODV21DBEPD00441";7000;45;"EnricoCiscato";" ";;"N";"N";
"DBELE";"ODV21DBEPD00441";8000;45;"EnricoCiscato";" ";;"N";"N";
"DBELE";"ODV21DBEPD00441";9000;45;"EnricoCiscato";" ";;"N";"N";
"DBELE";"ODV21DBEPD00441";10000;27;"StefanoVanuzzo";" ";;"N";"N";
"DBELE";"ODV21DBEPD00441";11000;27;"StefanoVanuzzo";" ";;"N";"N";
"DBELE";"ODV21DBEPD00441";12000;27;"StefanoVanuzzo";" ";;"N";"N";
"DBELE";"ODV21DBEPD00442";1000;35;"FedericaFavero";" ";;"N";"N";
"DBELE";"ODV21DBEPD00443";1000;50;"StefanoVanuzzo";" ";;"N";"N";
"DBELE";"ODV21DBEPD00443";2000;27;"StefanoVanuzzo";" ";;"N";"N";
"DBELE";"ODV21DBEPD00443";3000;27;"StefanoVanuzzo";" ";;"N";"N";
"DBELE";"ODV21DBEPD00443";4000;27;"StefanoVanuzzo";" ";;"N";"N";
"DBELE";"ODV21DBEPD00443";5000;50;"StefanoVanuzzo";" ";;"N";"N";
"DBELE";"ODV21DBEPD00443";6000;27;"StefanoVanuzzo";" ";;"N";"N";
"DBELE";"ODV21DBEPD00443";7000;50;"StefanoVanuzzo";" ";;"N";"N";
"DBELE";"ODV21DBEPD00443";8000;50;"StefanoVanuzzo";" ";;"N";"N";
"DBELE";"ODV21DBEPD00443";9000;27;"StefanoVanuzzo";" ";;"N";"N";
"DBELE";"ODV21DBEPD00443";10000;27;"StefanoVanuzzo";" ";;"N";"N";
"DBELE";"ODV21DBEPD00443";11000;27;"StefanoVanuzzo";" ";;"N";"N";
"DBELE";"ODV21DBEPD00443";12000;30;"LorenzoTasca";" ";;"N";"N";
"DBELE";"ODV21DBEPD00443";13000;10;;" ";;"N";"N";
"DBELE";"ODV21DBEPD00443";14000;10;;" ";;"N";"N";
"DBELE";"ODV21DBEPD00443";15000;10;;" ";;"N";"N";
"DBELE";"ODV21DBEPD00443";17000;10;;" ";;"N";"N";
"DBELE";"ODV21DBEPD00443";18000;10;;" ";;"N";"N";
"DBELE";"ODV21DBEPD00443";19000;10;;" ";;"N";"N";
"DBELE";"ODV21DBEPD00444";1000;50;"StefanoVanuzzo";" ";;"N";"N";
"DBELE";"ODV21DBEPD00444";2000;50;"StefanoVanuzzo";" ";;"N";"N";
"DBELE";"ODV21DBEPD00445";1000;27;"StefanoVanuzzo";" ";;"N";"N";
"DBELE";"ODV21DBEPD00445";2000;27;"StefanoVanuzzo";" ";;"N";"N";
"DBELE";"ODV21DBEPD00445";3000;27;"StefanoVanuzzo";" ";;"N";"N";
"DBELE";"ODV21DBEPD00445";4000;27;"StefanoVanuzzo";" ";;"N";"N";
"DBELE";"ODV21DBEPD00445";5000;27;"StefanoVanuzzo";" ";;"N";"N";
"DBELE";"ODV21DBEPD00446";1000;20;"LorenzoTasca";" ";;"N";"N";
"DBELE";"ODV21DBEPD00446";2000;50;"StefanoVanuzzo";" ";;"N";"N";
"DBELE";"ODV21DBEPD00447";1000;45;"EnricoCiscato";" ";;"N";"N";
"DBELE";"ODV21DBEPD00448";2000;35;"FedericaFavero";" ";;"N";"N";
"DBELE";"ODV21DBEPD00448";3000;35;"FedericaFavero";" ";;"N";"N";
"DBELE";"ODV21DBEPD00449";1000;20;"LorenzoTasca";" ";;"N";"N";
"DBELE";"ODV21DBEPD00450";1000;20;"LorenzoTasca";" ";;"N";"N";
"DBELE";"ODV21DBEPD00450";2000;10;;" ";;"N";"N";
"DBELE";"ODV21DBEPD00451";1000;50;"FedericaFavero";" ";;"N";"N";
"DBELE";"ODV21DBEPD00452";1000;20;"LorenzoTasca";" ";;"N";"N";
"DBELE";"ODV21DBEPD00453";1000;50;"StefanoVanuzzo";" ";;"N";"N";
"DBELE";"ODV21DBEPD00453";2000;27;"StefanoVanuzzo";" ";;"N";"N";
"DBELE";"ODV21DBEPD00453";3000;27;"StefanoVanuzzo";" ";;"N";"N";
"DBELE";"ODV21DBEPD00453";4000;27;"StefanoVanuzzo";" ";;"N";"N";
"DBELE";"ODV21DBEPD00453";5000;45;"EnricoCiscato";" ";;"N";"N";
"DBELE";"ODV21DBEPD00453";6000;45;"EnricoCiscato";" ";;"N";"N";
"DBELE";"ODV21DBEPD00453";7000;27;"StefanoVanuzzo";" ";;"N";"N";
"DBELE";"ODV21DBEPD00453";8000;10;;" ";;"N";"N";
"DBELE";"ODV21DBEPD00453";9000;27;"StefanoVanuzzo";" ";;"N";"N";
"DBELE";"ODV21DBEPD00453";10000;27;"StefanoVanuzzo";" ";;"N";"N";
"DBELE";"ODV21DBEPD00454";2000;50;"StefanoVanuzzo";" ";;"N";"N";
"DBELE";"ODV21DBEPD00455";1000;50;"StefanoVanuzzo";" ";;"N";"N";
"DBELE";"ODV21DBEPD00457";1000;50;"StefanoVanuzzo";" ";;"N";"N";
"DBELE";"ODV21DBEPD00459";1000;20;"LorenzoTasca";" ";;"N";"N";
"DBELE";"ODV21DBEPD00459";2000;35;"StefanoVanuzzo";" ";;"N";"N";
"DBELE";"ODV21DBEPD00459";3000;27;"StefanoVanuzzo";" ";;"N";"N";
"DBELE";"ODV21DBEPD00459";4000;50;"StefanoVanuzzo";" ";;"N";"N";
"DBELE";"ODV21DBEPD00460";1000;50;"StefanoVanuzzo";" ";;"N";"N";
"DBELE";"ODV21DBEPD00461";1000;20;"LorenzoTasca";" ";;"N";"N";
"DBELE";"ODV21DBEPD00461";2000;50;"StefanoVanuzzo";" ";;"N";"N";
"DBELE";"ODV22DBEBS00001";1000;20;"lucabressana";" ";"2X Ch. 29 ATSC 1.0";"S";"N";
"DBELE";"ODV22DBEBS00002";1000;10;;" ";;"N";"N";
"DBELE";"ODV22DBEBS00003";1000;27;"robertorosa";" ";;"N";"N";
"DBELE";"ODV22DBEBS00003";2000;27;"robertorosa";" ";;"N";"N";
"DBELE";"ODV22DBEBS00005";1000;20;"danieledotti";" ";;"N";"N";
"DBELE";"ODV22DBEBS00005";2000;27;"robertorosa";" ";;"N";"N";
"DBELE";"ODV22DBEBS00007";1000;50;"lucabressana";" ";;"N";"N";
"DBELE";"ODV22DBEBS00007";2000;50;"lucabressana";" ";;"N";"N";
"DBELE";"ODV22DBEBS00008";1000;27;"robertorosa";" ";;"N";"N";
"DBELE";"ODV22DBEBS00009";1000;10;;" ";;"N";"N";
"DBELE";"ODV22DBEBS00009";2000;10;;" ";;"N";"N";
"DBELE";"ODV22DBEBS00009";3000;10;;" ";;"N";"N";
"DBELE";"ODV22DBEBS00010";1000;20;"danieledotti";" ";;"N";"N";
"DBELE";"ODV22DBEBS00010";2000;20;"danieledotti";" ";;"N";"N";
"DBELE";"ODV22DBEBS00010";3000;20;"robertorosa";" ";;"N";"N";
"DBELE";"ODV22DBEBS00010";4000;20;"robertorosa";" ";;"N";"N";
"DBELE";"ODV22DBEBS00011";1000;10;;" ";;"N";"N";
"DBELE";"ODV22DBEBS00012";1000;20;"lucabressana";" ";"Ch. 12A";"S";"N";
"DBELE";"ODV22DBEBS00012";2000;27;"robertorosa";" ";;"N";"N";
"DBELE";"ODV22DBEBS00012";3000;20;"LorenzoTasca";" ";;"N";"N";
"DBELE";"ODV22DBEBS00012";4000;50;"StefanoVanuzzo";" ";;"N";"N";
"DBELE";"ODV22DBEBS00013";1000;20;"danieledotti";" ";;"N";"N";
"DBELE";"ODV22DBEBS00013";2000;20;"danieledotti";" ";;"N";"N";
"DBELE";"ODV22DBEBS00014";1000;20;"danieledotti";" ";"Ch. 11D";"S";"N";
"DBELE";"ODV22DBEBS00015";1000;10;;" ";;"N";"N";
"DBELE";"ODV22DBEBS00015";2000;10;;" ";;"N";"N";
"DBELE";"ODV22DBEBS00015";3000;10;;" ";;"N";"N";
"DBELE";"ODV22DBEBS00016";1000;10;;" ";;"N";"N";
"DBELE";"ODV22DBEBS00017";1000;10;;" ";;"N";"N";
"DBELE";"ODV22DBEBS00018";1000;20;"danieledotti";" ";;"N";"N";
"DBELE";"ODV22DBEBS00018";2000;20;"danieledotti";" ";;"N";"N";
"DBELE";"ODV22DBEBS00018";3000;20;"danieledotti";" ";;"N";"N";
"DBELE";"ODV22DBEBS00019";1000;10;;" ";;"N";"N";
"DBELE";"ODV22DBEBS00020";1000;20;"lucabressana";" ";;"N";"N";
"DBELE";"ODV22DBEBS00021";1000;20;"lucabressana";" ";;"N";"N";
"DBELE";"ODV22DBEBS00021";2000;20;"lucabressana";" ";;"N";"N";
"DBELE";"ODV22DBEBS00021";3000;20;"lucabressana";" ";;"N";"N";
"DBELE";"ODV22DBEBS00021";4000;27;"robertorosa";" ";;"N";"N";
"DBELE";"ODV22DBEBS00021";5000;27;"robertorosa";" ";;"N";"N";
"DBELE";"ODV22DBEBS00021";6000;27;"robertorosa";" ";;"N";"N";
"DBELE";"ODV22DBEBS00021";6500;35;"danieledotti";" ";;"N";"N";
"DBELE";"ODV22DBEBS00021";7000;20;"lucabressana";" ";;"N";"N";
"DBELE";"ODV22DBEBS00021";7500;20;"lucabressana";" ";;"N";"N";
"DBELE";"ODV22DBEBS00021";8000;10;;" ";;"N";"N";
"DBELE";"ODV22DBEBS00021";9000;20;"lucabressana";" ";;"N";"N";
"DBELE";"ODV22DBEBS00021";10000;27;"robertorosa";" ";;"N";"N";
"DBELE";"ODV22DBEBS00021";11000;27;"robertorosa";" ";;"N";"N";
"DBELE";"ODV22DBEBS00021";12000;27;"robertorosa";" ";;"N";"N";
"DBELE";"ODV22DBEBS00022";1000;10;;" ";;"N";"N";
"DBELE";"ODV22DBEBS00023";1000;50;;" ";;"N";"N";
"DBELE";"ODV22DBEBS00023";1500;10;;" ";;"N";"N";
"DBELE";"ODV22DBEBS00023";2000;20;"lucabressana";" ";;"N";"N";
"DBELE";"ODV22DBEBS00023";3000;20;"lucabressana";" ";;"N";"N";
"DBELE";"ODV22DBEBS00023";4000;35;;" ";;"N";"N";
"DBELE";"ODV22DBEBS00023";5000;35;;" ";;"N";"N";
"DBELE";"ODV22DBEBS00023";6000;35;;" ";;"N";"N";
"DBELE";"ODV22DBEBS00023";7000;35;;" ";;"N";"N";
"DBELE";"ODV22DBEBS00023";8000;35;;" ";;"N";"N";
"DBELE";"ODV22DBEBS00023";9000;35;;" ";;"N";"N";
"DBELE";"ODV22DBEBS00023";10000;35;;" ";;"N";"N";
"DBELE";"ODV22DBEBS00023";11000;35;;" ";;"N";"N";
"DBELE";"ODV22DBEBS00023";12000;50;;" ";;"N";"N";
"DBELE";"ODV22DBEBS00023";12500;10;;" ";;"N";"N";
"DBELE";"ODV22DBEBS00023";13000;35;;" ";;"N";"N";
"DBELE";"ODV22DBEBS00023";14000;20;"lucabressana";" ";;"N";"N";
"DBELE";"ODV22DBEBS00023";15000;35;;" ";;"N";"N";
"DBELE";"ODV22DBEBS00023";16000;35;;" ";;"N";"N";
"DBELE";"ODV22DBEBS00023";17000;35;;" ";;"N";"N";
"DBELE";"ODV22DBEBS00023";18000;35;;" ";;"N";"N";
"DBELE";"ODV22DBEBS00023";19000;35;;" ";;"N";"N";
"DBELE";"ODV22DBEBS00023";20000;35;;" ";;"N";"N";
"DBELE";"ODV22DBEBS00023";21000;35;;" ";;"N";"N";
"DBELE";"ODV22DBEBS00023";22000;50;;" ";;"N";"N";
"DBELE";"ODV22DBEBS00023";22500;10;;" ";;"N";"N";
"DBELE";"ODV22DBEBS00023";23000;20;"lucabressana";" ";;"N";"N";
"DBELE";"ODV22DBEBS00023";24000;20;"lucabressana";" ";;"N";"N";
"DBELE";"ODV22DBEBS00023";25000;35;;" ";;"N";"N";
"DBELE";"ODV22DBEBS00023";26000;35;;" ";;"N";"N";
"DBELE";"ODV22DBEBS00023";27000;35;;" ";;"N";"N";
"DBELE";"ODV22DBEBS00023";28000;35;;" ";;"N";"N";
"DBELE";"ODV22DBEBS00023";29000;35;;" ";;"N";"N";
"DBELE";"ODV22DBEBS00023";30000;35;;" ";;"N";"N";
"DBELE";"ODV22DBEBS00023";31000;35;;" ";;"N";"N";
"DBELE";"ODV22DBEBS00023";32000;50;;" ";;"N";"N";
"DBELE";"ODV22DBEBS00023";32500;10;;" ";;"N";"N";
"DBELE";"ODV22DBEBS00023";33000;20;"lucabressana";" ";;"N";"N";
"DBELE";"ODV22DBEBS00023";34000;20;"lucabressana";" ";;"N";"N";
"DBELE";"ODV22DBEBS00023";35000;35;;" ";;"N";"N";
"DBELE";"ODV22DBEBS00023";36000;35;;" ";;"N";"N";
"DBELE";"ODV22DBEBS00023";36500;35;;" ";;"N";"N";
"DBELE";"ODV22DBEBS00023";37000;35;;" ";;"N";"N";
"DBELE";"ODV22DBEBS00023";38000;35;;" ";;"N";"N";
"DBELE";"ODV22DBEBS00023";39000;35;;" ";;"N";"N";
"DBELE";"ODV22DBEBS00023";40000;35;;" ";;"N";"N";
"DBELE";"ODV22DBEBS00023";41000;35;;" ";;"N";"N";
"DBELE";"ODV22DBEBS00023";42000;35;;" ";;"N";"N";
"DBELE";"ODV22DBEBS00023";43000;35;;" ";;"N";"N";
"DBELE";"ODV22DBEBS00023";44000;50;;" ";;"N";"N";
"DBELE";"ODV22DBEBS00023";44500;10;;" ";;"N";"N";
"DBELE";"ODV22DBEBS00023";45000;20;"lucabressana";" ";;"N";"N";
"DBELE";"ODV22DBEBS00023";46000;20;"lucabressana";" ";;"N";"N";
"DBELE";"ODV22DBEBS00023";47000;35;;" ";;"N";"N";
"DBELE";"ODV22DBEBS00023";48000;35;;" ";;"N";"N";
"DBELE";"ODV22DBEBS00023";49000;35;;" ";;"N";"N";
"DBELE";"ODV22DBEBS00023";50000;35;;" ";;"N";"N";
"DBELE";"ODV22DBEBS00023";51000;35;;" ";;"N";"N";
"DBELE";"ODV22DBEBS00023";52000;35;;" ";;"N";"N";
"DBELE";"ODV22DBEBS00023";53000;35;;" ";;"N";"N";
"DBELE";"ODV22DBEBS00023";54000;35;;" ";;"N";"N";
"DBELE";"ODV22DBEBS00023";55000;50;;" ";;"N";"N";
"DBELE";"ODV22DBEBS00023";56000;20;"lucabressana";" ";;"N";"N";
"DBELE";"ODV22DBEBS00023";57000;20;"lucabressana";" ";;"N";"N";
"DBELE";"ODV22DBEBS00023";58000;35;;" ";;"N";"N";
"DBELE";"ODV22DBEBS00023";59000;35;;" ";;"N";"N";
"DBELE";"ODV22DBEBS00023";60000;35;;" ";;"N";"N";
"DBELE";"ODV22DBEBS00023";61000;35;;" ";;"N";"N";
"DBELE";"ODV22DBEBS00023";62000;35;;" ";;"N";"N";
"DBELE";"ODV22DBEBS00023";63000;35;;" ";;"N";"N";
"DBELE";"ODV22DBEBS00023";64000;35;;" ";;"N";"N";
"DBELE";"ODV22DBEBS00023";65000;35;;" ";;"N";"N";
"DBELE";"ODV22DBEBS00023";66000;35;;" ";;"N";"N";
"DBELE";"ODV22DBEBS00023";67000;35;;" ";;"N";"N";
"DBELE";"ODV22DBEBS00023";68000;35;;" ";;"N";"N";
"DBELE";"ODV22DBEBS00023";69000;35;;" ";;"N";"N";
"DBELE";"ODV22DBEBS00023";70000;35;;" ";;"N";"N";
"DBELE";"ODV22DBEBS00023";71000;50;;" ";;"N";"N";
"DBELE";"ODV22DBEBS00023";72000;50;;" ";;"N";"N";
"DBELE";"ODV22DBEBS00023";73000;35;;" ";;"N";"N";
"DBELE";"ODV22DBEBS00023";74000;35;;" ";;"N";"N";
"DBELE";"ODV22DBEBS00023";75000;35;;" ";;"N";"N";
"DBELE";"ODV22DBEBS00023";76000;35;;" ";;"N";"N";
"DBELE";"ODV22DBEBS00023";77000;35;;" ";;"N";"N";
"DBELE";"ODV22DBEBS00023";78000;35;;" ";;"N";"N";
"DBELE";"ODV22DBEBS00023";79000;35;;" ";;"N";"N";
"DBELE";"ODV22DBEBS00023";80000;35;;" ";;"N";"N";
"DBELE";"ODV22DBEBS00023";81000;50;;" ";;"N";"N";
"DBELE";"ODV22DBEBS00023";82000;50;;" ";;"N";"N";
"DBELE";"ODV22DBEBS00023";83000;35;;" ";;"N";"N";
"DBELE";"ODV22DBEBS00023";84000;35;;" ";;"N";"N";
"DBELE";"ODV22DBEBS00023";85000;35;;" ";;"N";"N";
"DBELE";"ODV22DBEBS00023";86000;35;;" ";;"N";"N";
"DBELE";"ODV22DBEBS00023";86500;35;"EnricoCiscato";" ";;"N";"N";
"DBELE";"ODV22DBEBS00023";87000;35;;" ";;"N";"N";
"DBELE";"ODV22DBEBS00023";88000;35;;" ";;"N";"N";
"DBELE";"ODV22DBEBS00023";89000;35;;" ";;"N";"N";
"DBELE";"ODV22DBEBS00023";90000;50;;" ";;"N";"N";
"DBELE";"ODV22DBEBS00023";91000;50;;" ";;"N";"N";
"DBELE";"ODV22DBEBS00023";92000;35;;" ";;"N";"N";
"DBELE";"ODV22DBEBS00023";93000;35;;" ";;"N";"N";
"DBELE";"ODV22DBEBS00023";94000;35;;" ";;"N";"N";
"DBELE";"ODV22DBEBS00023";95000;35;;" ";;"N";"N";
"DBELE";"ODV22DBEBS00023";96000;35;;" ";;"N";"N";
"DBELE";"ODV22DBEBS00023";97000;35;;" ";;"N";"N";
"DBELE";"ODV22DBEBS00023";98000;35;;" ";;"N";"N";
"DBELE";"ODV22DBEBS00023";99000;35;;" ";;"N";"N";
"DBELE";"ODV22DBEBS00023";100000;35;;" ";;"N";"N";
"DBELE";"ODV22DBEBS00023";101000;50;;" ";;"N";"N";
"DBELE";"ODV22DBEBS00023";102000;50;;" ";;"N";"N";
"DBELE";"ODV22DBEBS00023";103000;35;;" ";;"N";"N";
"DBELE";"ODV22DBEBS00023";104000;35;;" ";;"N";"N";
"DBELE";"ODV22DBEBS00023";105000;35;;" ";;"N";"N";
"DBELE";"ODV22DBEBS00023";106000;35;;" ";;"N";"N";
"DBELE";"ODV22DBEBS00023";107000;35;;" ";;"N";"N";
"DBELE";"ODV22DBEBS00023";108000;35;;" ";;"N";"N";
"DBELE";"ODV22DBEBS00023";109000;35;;" ";;"N";"N";
"DBELE";"ODV22DBEBS00023";110000;35;;" ";;"N";"N";
"DBELE";"ODV22DBEBS00023";111000;35;;" ";;"N";"N";
"DBELE";"ODV22DBEBS00023";112000;35;;" ";;"N";"N";
"DBELE";"ODV22DBEBS00023";113000;50;;" ";;"N";"N";
"DBELE";"ODV22DBEBS00023";114000;50;;" ";;"N";"N";
"DBELE";"ODV22DBEBS00023";115000;35;;" ";;"N";"N";
"DBELE";"ODV22DBEBS00023";116000;35;;" ";;"N";"N";
"DBELE";"ODV22DBEBS00023";117000;35;;" ";;"N";"N";
"DBELE";"ODV22DBEBS00023";118000;35;;" ";;"N";"N";
"DBELE";"ODV22DBEBS00023";119000;35;;" ";;"N";"N";
"DBELE";"ODV22DBEBS00023";120000;35;;" ";;"N";"N";
"DBELE";"ODV22DBEBS00023";121000;35;;" ";;"N";"N";
"DBELE";"ODV22DBEBS00023";122000;35;;" ";;"N";"N";
"DBELE";"ODV22DBEBS00023";123000;35;;" ";;"N";"N";
"DBELE";"ODV22DBEBS00023";124000;50;;" ";;"N";"N";
"DBELE";"ODV22DBEBS00023";125000;50;;" ";;"N";"N";
"DBELE";"ODV22DBEBS00023";126000;35;;" ";;"N";"N";
"DBELE";"ODV22DBEBS00023";127000;35;;" ";;"N";"N";
"DBELE";"ODV22DBEBS00023";128000;35;;" ";;"N";"N";
"DBELE";"ODV22DBEBS00023";129000;35;;" ";;"N";"N";
"DBELE";"ODV22DBEBS00023";130000;35;;" ";;"N";"N";
"DBELE";"ODV22DBEBS00023";131000;35;;" ";;"N";"N";
"DBELE";"ODV22DBEBS00023";132000;35;;" ";;"N";"N";
"DBELE";"ODV22DBEBS00023";133000;35;;" ";;"N";"N";
"DBELE";"ODV22DBEBS00023";134000;35;;" ";;"N";"N";
"DBELE";"ODV22DBEBS00023";135000;35;;" ";;"N";"N";
"DBELE";"ODV22DBEBS00023";136000;35;;" ";;"N";"N";
"DBELE";"ODV22DBEBS00023";137000;50;;" ";;"N";"N";
"DBELE";"ODV22DBEBS00023";138000;50;;" ";;"N";"N";
"DBELE";"ODV22DBEBS00023";139000;35;;" ";;"N";"N";
"DBELE";"ODV22DBEBS00023";140000;35;;" ";;"N";"N";
"DBELE";"ODV22DBEBS00023";141000;35;;" ";;"N";"N";
"DBELE";"ODV22DBEBS00023";142000;35;;" ";;"N";"N";
"DBELE";"ODV22DBEBS00023";143000;35;;" ";;"N";"N";
"DBELE";"ODV22DBEBS00023";144000;35;;" ";;"N";"N";
"DBELE";"ODV22DBEBS00023";145000;35;;" ";;"N";"N";
"DBELE";"ODV22DBEBS00023";146000;35;;" ";;"N";"N";
"DBELE";"ODV22DBEBS00023";147000;35;;" ";;"N";"N";
"DBELE";"ODV22DBEBS00023";148000;35;;" ";;"N";"N";
"DBELE";"ODV22DBEBS00023";149000;35;;" ";;"N";"N";
"DBELE";"ODV22DBEBS00023";150000;50;;" ";;"N";"N";
"DBELE";"ODV22DBEBS00023";151000;50;;" ";;"N";"N";
"DBELE";"ODV22DBEBS00023";152000;35;;" ";;"N";"N";
"DBELE";"ODV22DBEBS00023";153000;35;;" ";;"N";"N";
"DBELE";"ODV22DBEBS00023";154000;35;;" ";;"N";"N";
"DBELE";"ODV22DBEBS00023";155000;35;;" ";;"N";"N";
"DBELE";"ODV22DBEBS00023";156000;35;;" ";;"N";"N";
"DBELE";"ODV22DBEBS00023";157000;35;;" ";;"N";"N";
"DBELE";"ODV22DBEBS00023";158000;35;;" ";;"N";"N";
"DBELE";"ODV22DBEBS00023";159000;35;;" ";;"N";"N";
"DBELE";"ODV22DBEBS00023";160000;50;;" ";;"N";"N";
"DBELE";"ODV22DBEBS00023";161000;50;;" ";;"N";"N";
"DBELE";"ODV22DBEBS00023";162000;35;;" ";;"N";"N";
"DBELE";"ODV22DBEBS00023";163000;35;;" ";;"N";"N";
"DBELE";"ODV22DBEBS00023";164000;35;;" ";;"N";"N";
"DBELE";"ODV22DBEBS00023";165000;35;;" ";;"N";"N";
"DBELE";"ODV22DBEBS00023";166000;35;;" ";;"N";"N";
"DBELE";"ODV22DBEBS00023";167000;35;;" ";;"N";"N";
"DBELE";"ODV22DBEBS00023";168000;35;;" ";;"N";"N";
"DBELE";"ODV22DBEBS00023";169000;35;;" ";;"N";"N";
"DBELE";"ODV22DBEBS00023";170000;35;;" ";;"N";"N";
"DBELE";"ODV22DBEBS00023";171000;50;;" ";;"N";"N";
"DBELE";"ODV22DBEBS00023";172000;50;;" ";;"N";"N";
"DBELE";"ODV22DBEBS00023";173000;35;;" ";;"N";"N";
"DBELE";"ODV22DBEBS00023";174000;35;;" ";;"N";"N";
"DBELE";"ODV22DBEBS00023";175000;35;;" ";;"N";"N";
"DBELE";"ODV22DBEBS00023";176000;35;;" ";;"N";"N";
"DBELE";"ODV22DBEBS00023";177000;35;;" ";;"N";"N";
"DBELE";"ODV22DBEBS00023";178000;35;;" ";;"N";"N";
"DBELE";"ODV22DBEBS00023";179000;35;;" ";;"N";"N";
"DBELE";"ODV22DBEBS00023";180000;35;;" ";;"N";"N";
"DBELE";"ODV22DBEBS00023";181000;35;;" ";;"N";"N";
"DBELE";"ODV22DBEBS00023";182000;35;;" ";;"N";"N";
"DBELE";"ODV22DBEBS00023";183000;50;;" ";;"N";"N";
"DBELE";"ODV22DBEBS00023";184000;50;;" ";;"N";"N";
"DBELE";"ODV22DBEBS00023";185000;35;;" ";;"N";"N";
"DBELE";"ODV22DBEBS00023";186000;35;;" ";;"N";"N";
"DBELE";"ODV22DBEBS00023";187000;35;;" ";;"N";"N";
"DBELE";"ODV22DBEBS00023";188000;35;;" ";;"N";"N";
"DBELE";"ODV22DBEBS00023";189000;35;;" ";;"N";"N";
"DBELE";"ODV22DBEBS00023";190000;35;;" ";;"N";"N";
"DBELE";"ODV22DBEBS00023";191000;35;;" ";;"N";"N";
"DBELE";"ODV22DBEBS00023";192000;35;;" ";;"N";"N";
"DBELE";"ODV22DBEBS00024";1000;10;;" ";;"N";"N";
"DBELE";"ODV22DBEBS00026";1000;50;"lucabressana";" ";;"N";"N";
"DBELE";"ODV22DBEBS00027";1000;20;"simonebontempi";" ";;"N";"N";
"DBELE";"ODV22DBEBS00027";2000;35;"robertorosa";" ";;"N";"N";
"DBELE";"ODV22DBEBS00027";2500;10;;" ";;"N";"N";
"DBELE";"ODV22DBEBS00027";3000;27;"robertorosa";" ";;"N";"N";
"DBELE";"ODV22DBEBS00028";1000;50;"simonebontempi";" ";"Cliente: MEDIOS Y SERVICIOS INTEGRADOS - rif. ord. ODV22DBEBS00028

Ch. non indicato - DVB-T/NTSC";"S";"N";
"DBELE";"ODV22DBEBS00029";1000;10;;" ";;"N";"N";
"DBELE";"ODV22DBEBS00030";1000;27;"robertorosa";" ";;"N";"N";
"DBELE";"ODV22DBEBS00030";2000;27;"robertorosa";" ";;"N";"N";
"DBELE";"ODV22DBEBS00033";1000;20;"lucabressana";" ";"Cliente: ADVICOM - rif. ODV22DBEBS00033

Ch. 29 ISDB-Tb - M-NTSC - 220V 1P";"S";"N";
"DBELE";"ODV22DBEBS00034";1000;20;"lucabressana";" ";;"N";"N";
"DBELE";"ODV22DBEBS00035";1000;50;"lucabressana";" ";;"N";"N";
"DBELE";"ODV22DBEBS00035";2000;50;"lucabressana";" ";;"N";"N";
"DBELE";"ODV22DBEBS00035";2500;27;"robertorosa";" ";;"N";"N";
"DBELE";"ODV22DBEBS00035";3000;27;"robertorosa";" ";;"N";"N";
"DBELE";"ODV22DBEBS00035";4000;27;"robertorosa";" ";;"N";"N";
"DBELE";"ODV22DBEBS00035";5000;27;"robertorosa";" ";;"N";"N";
"DBELE";"ODV22DBEBS00035";6000;27;"robertorosa";" ";;"N";"N";
"DBELE";"ODV22DBEBS00036";1000;27;"robertorosa";" ";;"N";"N";
"DBELE";"ODV22DBEBS00037";1000;50;;" ";;"N";"N";
"DBELE";"ODV22DBEBS00037";2000;50;;" ";;"N";"N";
"DBELE";"ODV22DBEBS00037";3000;35;;" ";;"N";"N";
"DBELE";"ODV22DBEBS00037";4000;35;;" ";;"N";"N";
"DBELE";"ODV22DBEBS00037";5000;35;;" ";;"N";"N";
"DBELE";"ODV22DBEBS00037";6000;35;;" ";;"N";"N";
"DBELE";"ODV22DBEBS00037";7000;35;;" ";;"N";"N";
"DBELE";"ODV22DBEBS00037";8000;35;;" ";;"N";"N";
"DBELE";"ODV22DBEBS00037";9000;35;;" ";;"N";"N";
"DBELE";"ODV22DBEBS00037";10000;35;;" ";;"N";"N";
"DBELE";"ODV22DBEBS00037";11000;35;;" ";;"N";"N";
"DBELE";"ODV22DBEBS00037";12000;35;;" ";;"N";"N";
"DBELE";"ODV22DBEBS00037";13000;50;;" ";;"N";"N";
"DBELE";"ODV22DBEBS00037";13333;50;;" ";;"N";"N";
"DBELE";"ODV22DBEBS00037";13666;35;;" ";;"N";"N";
"DBELE";"ODV22DBEBS00037";14000;35;;" ";;"N";"N";
"DBELE";"ODV22DBEBS00037";15000;35;;" ";;"N";"N";
"DBELE";"ODV22DBEBS00037";16000;35;;" ";;"N";"N";
"DBELE";"ODV22DBEBS00037";17000;35;;" ";;"N";"N";
"DBELE";"ODV22DBEBS00037";18000;35;;" ";;"N";"N";
"DBELE";"ODV22DBEBS00037";19000;35;;" ";;"N";"N";
"DBELE";"ODV22DBEBS00037";20000;35;;" ";;"N";"N";
"DBELE";"ODV22DBEBS00037";21000;35;;" ";;"N";"N";
"DBELE";"ODV22DBEBS00037";22000;50;;" ";;"N";"N";
"DBELE";"ODV22DBEBS00037";23000;50;;" ";;"N";"N";
"DBELE";"ODV22DBEBS00037";24000;30;"EnricoCiscato";" ";;"N";"N";
"DBELE";"ODV22DBEBS00037";25000;30;"EnricoCiscato";" ";;"N";"N";
"DBELE";"ODV22DBEBS00037";26000;30;"EnricoCiscato";" ";;"N";"N";
"DBELE";"ODV22DBEBS00037";27000;30;"EnricoCiscato";" ";;"N";"N";
"DBELE";"ODV22DBEBS00037";28000;30;"EnricoCiscato";" ";;"N";"N";
"DBELE";"ODV22DBEBS00037";29000;30;"EnricoCiscato";" ";;"N";"N";
"DBELE";"ODV22DBEBS00037";30000;30;"EnricoCiscato";" ";;"N";"N";
"DBELE";"ODV22DBEBS00037";31000;30;"EnricoCiscato";" ";;"N";"N";
"DBELE";"ODV22DBEBS00038";1000;20;"lucabressana";" ";"Cliente: A-MEDIA AS - rif. ODV22DBEBS00038

7x ch. 11A";"S";"N";
"DBELE";"ODV22DBEBS00038";2000;20;"lucabressana";" ";;"N";"N";
"DBELE";"ODV22DBEBS00038";3000;27;"robertorosa";" ";;"N";"N";
"DBELE";"ODV22DBEBS00038";4000;27;"StefanoVanuzzo";" ";;"N";"N";
"DBELE";"ODV22DBEBS00038";6000;27;"StefanoVanuzzo";" ";;"N";"N";
"DBELE";"ODV22DBEBS00038";7000;27;"StefanoVanuzzo";" ";;"N";"N";
"DBELE";"ODV22DBEBS00038";8000;27;"StefanoVanuzzo";" ";;"N";"N";
"DBELE";"ODV22DBEBS00038";9000;27;"StefanoVanuzzo";" ";;"N";"N";
"DBELE";"ODV22DBEBS00038";10000;27;"StefanoVanuzzo";" ";;"N";"N";
"DBELE";"ODV22DBEBS00038";11000;27;"StefanoVanuzzo";" ";;"N";"N";
"DBELE";"ODV22DBEBS00038";12000;27;"StefanoVanuzzo";" ";;"N";"N";
"DBELE";"ODV22DBEBS00038";13000;10;;" ";;"N";"N";
"DBELE";"ODV22DBEBS00039";1000;20;"danieledotti";" ";;"N";"N";
"DBELE";"ODV22DBEBS00040";1000;20;"danieledotti";" ";;"N";"N";
"DBELE";"ODV22DBEBS00041";1000;10;;" ";"per KFG NEXT 3000";"S";"N";
"DBELE";"ODV22DBEBS00042";1000;35;"federicomodonesi";" ";;"N";"N";
"DBELE";"ODV22DBEBS00043";1000;20;"lucabressana";" ";"Ch. 2x 10A + 1x 13E";"S";"N";
"DBELE";"ODV22DBEBS00044";500;35;"federicomodonesi";" ";;"N";"N";
"DBELE";"ODV22DBEBS00044";2000;35;"carlosdasilva";" ";;"N";"N";
"DBELE";"ODV22DBEBS00045";1000;20;"lucabressana";" ";"Ch. 6B";"S";"N";
"DBELE";"ODV22DBEBS00045";2000;20;"lucabressana";" ";"Ch. 6";"S";"N";
"DBELE";"ODV22DBEBS00046";1000;50;"lucabressana";" ";;"N";"N";
"DBELE";"ODV22DBEBS00046";2000;50;"lucabressana";" ";;"N";"N";
"DBELE";"ODV22DBEBS00047";2000;20;"danieledotti";" ";"Ch. 28 NTSC/ATSC 1.0 - M-1011-0150";"S";"N";
"DBELE";"ODV22DBEBS00048";1000;50;"lucabressana";" ";"Ch. 23 ATSC 1.0 - 220 V 1P";"S";"N";
"DBELE";"ODV22DBEBS00049";1000;10;;" ";;"N";"N";
"DBELE";"ODV22DBEBS00050";1000;20;"danieledotti";" ";;"N";"N";
"DBELE";"ODV22DBEBS00051";1000;20;"lucabressana";" ";"Ch. 6 PAL B/G DVB-T2

240VAC 1P";"S";"N";
"DBELE";"ODV22DBEBS00052";1000;50;"lucabressana";" ";"Ch. 36 PAL B/G DVB-T2

380VAC";"S";"N";
"DBELE";"ODV22DBEBS00053";1000;20;"danieledotti";" ";;"N";"N";
"DBELE";"ODV22DBEBS00053";2000;20;"danieledotti";" ";;"N";"N";
"DBELE";"ODV22DBEBS00053";3000;20;"danieledotti";" ";;"N";"N";
"DBELE";"ODV22DBEBS00053";4000;27;"robertorosa";" ";;"N";"N";
"DBELE";"ODV22DBEBS00054";1000;20;"simonebontempi";" ";;"N";"N";
"DBELE";"ODV22DBEBS00054";2000;27;"robertorosa";" ";;"N";"N";
"DBELE";"ODV22DBEBS00055";1000;27;"robertorosa";" ";;"N";"N";
"DBELE";"ODV22DBEBS00056";1000;27;"robertorosa";" ";;"N";"N";
"DBELE";"ODV22DBEBS00058";1000;35;"federicomodonesi";" ";;"N";"N";
"DBELE";"ODV22DBEBS00059";1000;10;;" ";;"N";"N";
"DBELE";"ODV22DBEBS00059";2000;10;;" ";;"N";"N";
"DBELE";"ODV22DBEBS00059";3000;10;;" ";;"N";"N";
"DBELE";"ODV22DBEBS00059";4000;10;;" ";;"N";"N";
"DBELE";"ODV22DBEBS00059";5000;10;;" ";;"N";"N";
"DBELE";"ODV22DBEBS00059";6000;10;;" ";;"N";"N";
"DBELE";"ODV22DBEBS00060";1000;20;"pietroguarinoni";" ";;"N";"N";
"DBELE";"ODV22DBEBS00060";2000;20;"pietroguarinoni";" ";;"N";"N";
"DBELE";"ODV22DBEBS00060";3000;20;"pietroguarinoni";" ";;"N";"N";
"DBELE";"ODV22DBEBS00061";1000;20;"lucabressana";" ";;"N";"N";
"DBELE";"ODV22DBEBS00061";2000;20;"lucabressana";" ";;"N";"N";
"DBELE";"ODV22DBEBS00061";3000;27;"EnricoCiscato";" ";;"N";"N";
"DBELE";"ODV22DBEBS00061";4000;27;"EnricoCiscato";" ";;"N";"N";
"DBELE";"ODV22DBEBS00061";5000;35;"EnricoCiscato";" ";;"N";"N";
"DBELE";"ODV22DBEBS00061";6000;30;"EnricoCiscato";" ";;"N";"N";
"DBELE";"ODV22DBEBS00061";7000;30;"EnricoCiscato";" ";;"N";"N";
"DBELE";"ODV22DBEBS00061";8000;35;"EnricoCiscato";" ";;"N";"N";
"DBELE";"ODV22DBEBS00061";9000;35;"EnricoCiscato";" ";;"N";"N";
"DBELE";"ODV22DBEBS00061";10000;35;"EnricoCiscato";" ";;"N";"N";
"DBELE";"ODV22DBEBS00061";11000;35;"EnricoCiscato";" ";;"N";"N";
"DBELE";"ODV22DBEBS00061";12000;50;;" ";;"N";"N";
"DBELE";"ODV22DBEBS00061";13000;20;"lucabressana";" ";;"N";"N";
"DBELE";"ODV22DBEBS00061";14000;27;"EnricoCiscato";" ";;"N";"N";
"DBELE";"ODV22DBEBS00061";15000;35;"EnricoCiscato";" ";;"N";"N";
"DBELE";"ODV22DBEBS00061";16000;35;"EnricoCiscato";" ";;"N";"N";
"DBELE";"ODV22DBEBS00061";17000;35;"EnricoCiscato";" ";;"N";"N";
"DBELE";"ODV22DBEBS00061";18000;35;"EnricoCiscato";" ";;"N";"N";
"DBELE";"ODV22DBEBS00061";19000;35;"EnricoCiscato";" ";;"N";"N";
"DBELE";"ODV22DBEBS00061";20000;35;"EnricoCiscato";" ";;"N";"N";
"DBELE";"ODV22DBEBS00061";21000;35;"EnricoCiscato";" ";;"N";"N";
"DBELE";"ODV22DBEBS00061";22000;35;"EnricoCiscato";" ";;"N";"N";
"DBELE";"ODV22DBEBS00061";23000;35;"EnricoCiscato";" ";;"N";"N";
"DBELE";"ODV22DBEBS00061";24000;50;;" ";;"N";"N";
"DBELE";"ODV22DBEBS00061";25000;20;"lucabressana";" ";;"N";"N";
"DBELE";"ODV22DBEBS00061";26000;35;"EnricoCiscato";" ";;"N";"N";
"DBELE";"ODV22DBEBS00061";27000;35;"EnricoCiscato";" ";;"N";"N";
"DBELE";"ODV22DBEBS00061";28000;35;"EnricoCiscato";" ";;"N";"N";
"DBELE";"ODV22DBEBS00061";29000;35;"EnricoCiscato";" ";;"N";"N";
"DBELE";"ODV22DBEBS00061";30000;35;"EnricoCiscato";" ";;"N";"N";
"DBELE";"ODV22DBEBS00061";31000;35;"EnricoCiscato";" ";;"N";"N";
"DBELE";"ODV22DBEBS00061";32000;35;"EnricoCiscato";" ";;"N";"N";
"DBELE";"ODV22DBEBS00061";33000;35;"EnricoCiscato";" ";;"N";"N";
"DBELE";"ODV22DBEBS00061";34000;35;"EnricoCiscato";" ";;"N";"N";
"DBELE";"ODV22DBEBS00061";35000;35;"EnricoCiscato";" ";;"N";"N";
"DBELE";"ODV22DBEBS00061";36000;50;;" ";;"N";"N";
"DBELE";"ODV22DBEBS00061";36500;50;"federicomodonesi";" ";;"N";"N";
"DBELE";"ODV22DBEBS00061";37000;20;"lucabressana";" ";;"N";"N";
"DBELE";"ODV22DBEBS00061";38000;20;"lucabressana";" ";;"N";"N";
"DBELE";"ODV22DBEBS00061";39000;35;"EnricoCiscato";" ";;"N";"N";
"DBELE";"ODV22DBEBS00061";40000;35;"EnricoCiscato";" ";;"N";"N";
"DBELE";"ODV22DBEBS00061";41000;35;"EnricoCiscato";" ";;"N";"N";
"DBELE";"ODV22DBEBS00061";42000;35;"EnricoCiscato";" ";;"N";"N";
"DBELE";"ODV22DBEBS00061";43000;35;"EnricoCiscato";" ";;"N";"N";
"DBELE";"ODV22DBEBS00061";44000;35;"EnricoCiscato";" ";;"N";"N";
"DBELE";"ODV22DBEBS00061";45000;35;"EnricoCiscato";" ";;"N";"N";
"DBELE";"ODV22DBEBS00061";46000;35;"EnricoCiscato";" ";;"N";"N";
"DBELE";"ODV22DBEBS00061";47000;35;"EnricoCiscato";" ";;"N";"N";
"DBELE";"ODV22DBEBS00061";48000;50;;" ";;"N";"N";
"DBELE";"ODV22DBEBS00061";49000;20;"lucabressana";" ";;"N";"N";
"DBELE";"ODV22DBEBS00061";50000;20;"lucabressana";" ";;"N";"N";
"DBELE";"ODV22DBEBS00061";51000;35;"EnricoCiscato";" ";;"N";"N";
"DBELE";"ODV22DBEBS00061";52000;35;"EnricoCiscato";" ";;"N";"N";
"DBELE";"ODV22DBEBS00061";53000;35;"EnricoCiscato";" ";;"N";"N";
"DBELE";"ODV22DBEBS00061";54000;35;"EnricoCiscato";" ";;"N";"N";
"DBELE";"ODV22DBEBS00061";55000;35;"EnricoCiscato";" ";;"N";"N";
"DBELE";"ODV22DBEBS00061";56000;35;"EnricoCiscato";" ";;"N";"N";
"DBELE";"ODV22DBEBS00061";57000;35;"EnricoCiscato";" ";;"N";"N";
"DBELE";"ODV22DBEBS00061";58000;35;"EnricoCiscato";" ";;"N";"N";
"DBELE";"ODV22DBEBS00061";59000;35;"EnricoCiscato";" ";;"N";"N";
"DBELE";"ODV22DBEBS00061";59500;45;"EnricoCiscato";" ";;"N";"N";
"DBELE";"ODV22DBEBS00061";60000;50;;" ";;"N";"N";
"DBELE";"ODV22DBEBS00061";60500;50;"federicomodonesi";" ";;"N";"N";
"DBELE";"ODV22DBEBS00061";61000;20;"lucabressana";" ";;"N";"N";
"DBELE";"ODV22DBEBS00061";62000;20;"lucabressana";" ";;"N";"N";
"DBELE";"ODV22DBEBS00061";63000;35;"EnricoCiscato";" ";;"N";"N";
"DBELE";"ODV22DBEBS00061";64000;35;"EnricoCiscato";" ";;"N";"N";
"DBELE";"ODV22DBEBS00061";65000;35;"EnricoCiscato";" ";;"N";"N";
"DBELE";"ODV22DBEBS00061";66000;35;"EnricoCiscato";" ";;"N";"N";
"DBELE";"ODV22DBEBS00061";67000;35;"EnricoCiscato";" ";;"N";"N";
"DBELE";"ODV22DBEBS00061";68000;35;"EnricoCiscato";" ";;"N";"N";
"DBELE";"ODV22DBEBS00061";69000;35;"EnricoCiscato";" ";;"N";"N";
"DBELE";"ODV22DBEBS00061";70000;35;"EnricoCiscato";" ";;"N";"N";
"DBELE";"ODV22DBEBS00061";71000;35;"EnricoCiscato";" ";;"N";"N";
"DBELE";"ODV22DBEBS00061";72000;35;"EnricoCiscato";" ";;"N";"N";
"DBELE";"ODV22DBEBS00061";73000;50;;" ";;"N";"N";
"DBELE";"ODV22DBEBS00061";74000;20;"lucabressana";" ";;"N";"N";
"DBELE";"ODV22DBEBS00061";75000;20;"lucabressana";" ";;"N";"N";
"DBELE";"ODV22DBEBS00061";76000;35;"EnricoCiscato";" ";;"N";"N";
"DBELE";"ODV22DBEBS00061";77000;35;"EnricoCiscato";" ";;"N";"N";
"DBELE";"ODV22DBEBS00061";78000;35;"EnricoCiscato";" ";;"N";"N";
"DBELE";"ODV22DBEBS00061";79000;35;"EnricoCiscato";" ";;"N";"N";
"DBELE";"ODV22DBEBS00061";80000;35;"EnricoCiscato";" ";;"N";"N";
"DBELE";"ODV22DBEBS00061";81000;35;"EnricoCiscato";" ";;"N";"N";
"DBELE";"ODV22DBEBS00061";82000;35;"EnricoCiscato";" ";;"N";"N";
"DBELE";"ODV22DBEBS00061";83000;35;"EnricoCiscato";" ";;"N";"N";
"DBELE";"ODV22DBEBS00061";84000;35;"EnricoCiscato";" ";;"N";"N";
"DBELE";"ODV22DBEBS00061";85000;35;"EnricoCiscato";" ";;"N";"N";
"DBELE";"ODV22DBEBS00061";86000;50;;" ";;"N";"N";
"DBELE";"ODV22DBEBS00061";87000;20;"lucabressana";" ";;"N";"N";
"DBELE";"ODV22DBEBS00061";88000;20;"lucabressana";" ";;"N";"N";
"DBELE";"ODV22DBEBS00061";89000;35;"EnricoCiscato";" ";;"N";"N";
"DBELE";"ODV22DBEBS00061";90000;35;"EnricoCiscato";" ";;"N";"N";
"DBELE";"ODV22DBEBS00061";91000;35;"EnricoCiscato";" ";;"N";"N";
"DBELE";"ODV22DBEBS00061";92000;35;"EnricoCiscato";" ";;"N";"N";
"DBELE";"ODV22DBEBS00061";93000;35;"EnricoCiscato";" ";;"N";"N";
"DBELE";"ODV22DBEBS00061";94000;35;"EnricoCiscato";" ";;"N";"N";
"DBELE";"ODV22DBEBS00061";95000;35;"EnricoCiscato";" ";;"N";"N";
"DBELE";"ODV22DBEBS00061";96000;35;"EnricoCiscato";" ";;"N";"N";
"DBELE";"ODV22DBEBS00061";97000;35;"EnricoCiscato";" ";;"N";"N";
"DBELE";"ODV22DBEBS00061";98000;35;"EnricoCiscato";" ";;"N";"N";
"DBELE";"ODV22DBEBS00061";99000;50;;" ";;"N";"N";
"DBELE";"ODV22DBEBS00061";100000;20;"lucabressana";" ";;"N";"N";
"DBELE";"ODV22DBEBS00061";101000;20;"lucabressana";" ";;"N";"N";
"DBELE";"ODV22DBEBS00061";102000;35;"EnricoCiscato";" ";;"N";"N";
"DBELE";"ODV22DBEBS00061";103000;35;"EnricoCiscato";" ";;"N";"N";
"DBELE";"ODV22DBEBS00061";104000;35;"EnricoCiscato";" ";;"N";"N";
"DBELE";"ODV22DBEBS00061";105000;35;"EnricoCiscato";" ";;"N";"N";
"DBELE";"ODV22DBEBS00061";106000;35;"EnricoCiscato";" ";;"N";"N";
"DBELE";"ODV22DBEBS00061";107000;35;"EnricoCiscato";" ";;"N";"N";
"DBELE";"ODV22DBEBS00061";108000;35;"EnricoCiscato";" ";;"N";"N";
"DBELE";"ODV22DBEBS00061";109000;35;"EnricoCiscato";" ";;"N";"N";
"DBELE";"ODV22DBEBS00061";110000;35;"EnricoCiscato";" ";;"N";"N";
"DBELE";"ODV22DBEBS00061";111000;35;"EnricoCiscato";" ";;"N";"N";
"DBELE";"ODV22DBEBS00061";112000;50;;" ";;"N";"N";
"DBELE";"ODV22DBEBS00061";113000;20;"lucabressana";" ";;"N";"N";
"DBELE";"ODV22DBEBS00061";114000;20;"lucabressana";" ";;"N";"N";
"DBELE";"ODV22DBEBS00061";115000;35;"EnricoCiscato";" ";;"N";"N";
"DBELE";"ODV22DBEBS00061";116000;35;"EnricoCiscato";" ";;"N";"N";
"DBELE";"ODV22DBEBS00061";117000;35;"EnricoCiscato";" ";;"N";"N";
"DBELE";"ODV22DBEBS00061";118000;35;"EnricoCiscato";" ";;"N";"N";
"DBELE";"ODV22DBEBS00061";119000;35;"EnricoCiscato";" ";;"N";"N";
"DBELE";"ODV22DBEBS00061";120000;35;"EnricoCiscato";" ";;"N";"N";
"DBELE";"ODV22DBEBS00061";121000;35;"EnricoCiscato";" ";;"N";"N";
"DBELE";"ODV22DBEBS00061";122000;35;"EnricoCiscato";" ";;"N";"N";
"DBELE";"ODV22DBEBS00061";123000;35;"EnricoCiscato";" ";;"N";"N";
"DBELE";"ODV22DBEBS00061";124000;35;"EnricoCiscato";" ";;"N";"N";
"DBELE";"ODV22DBEBS00061";125000;50;;" ";;"N";"N";
"DBELE";"ODV22DBEBS00061";126000;20;"lucabressana";" ";;"N";"N";
"DBELE";"ODV22DBEBS00061";127000;20;"lucabressana";" ";;"N";"N";
"DBELE";"ODV22DBEBS00061";128000;35;"EnricoCiscato";" ";;"N";"N";
"DBELE";"ODV22DBEBS00061";129000;35;"EnricoCiscato";" ";;"N";"N";
"DBELE";"ODV22DBEBS00061";130000;35;"EnricoCiscato";" ";;"N";"N";
"DBELE";"ODV22DBEBS00061";131000;35;"EnricoCiscato";" ";;"N";"N";
"DBELE";"ODV22DBEBS00061";132000;35;"EnricoCiscato";" ";;"N";"N";
"DBELE";"ODV22DBEBS00061";133000;35;"EnricoCiscato";" ";;"N";"N";
"DBELE";"ODV22DBEBS00061";134000;35;"EnricoCiscato";" ";;"N";"N";
"DBELE";"ODV22DBEBS00061";135000;35;"EnricoCiscato";" ";;"N";"N";
"DBELE";"ODV22DBEBS00061";136000;35;"EnricoCiscato";" ";;"N";"N";
"DBELE";"ODV22DBEBS00061";137000;35;"EnricoCiscato";" ";;"N";"N";
"DBELE";"ODV22DBEBS00061";138000;50;;" ";;"N";"N";
"DBELE";"ODV22DBEBS00061";139000;20;"lucabressana";" ";;"N";"N";
"DBELE";"ODV22DBEBS00061";140000;20;"lucabressana";" ";;"N";"N";
"DBELE";"ODV22DBEBS00061";141000;35;"EnricoCiscato";" ";;"N";"N";
"DBELE";"ODV22DBEBS00061";142000;35;"EnricoCiscato";" ";;"N";"N";
"DBELE";"ODV22DBEBS00061";143000;35;"EnricoCiscato";" ";;"N";"N";
"DBELE";"ODV22DBEBS00061";144000;35;"EnricoCiscato";" ";;"N";"N";
"DBELE";"ODV22DBEBS00061";145000;35;"EnricoCiscato";" ";;"N";"N";
"DBELE";"ODV22DBEBS00061";146000;35;"EnricoCiscato";" ";;"N";"N";
"DBELE";"ODV22DBEBS00061";147000;35;"EnricoCiscato";" ";;"N";"N";
"DBELE";"ODV22DBEBS00061";148000;35;"EnricoCiscato";" ";;"N";"N";
"DBELE";"ODV22DBEBS00061";149000;35;"EnricoCiscato";" ";;"N";"N";
"DBELE";"ODV22DBEBS00061";150000;35;"EnricoCiscato";" ";;"N";"N";
"DBELE";"ODV22DBEBS00061";151000;50;;" ";;"N";"N";
"DBELE";"ODV22DBEBS00061";152000;20;"lucabressana";" ";;"N";"N";
"DBELE";"ODV22DBEBS00061";153000;20;"lucabressana";" ";;"N";"N";
"DBELE";"ODV22DBEBS00061";154000;35;"EnricoCiscato";" ";;"N";"N";
"DBELE";"ODV22DBEBS00061";155000;35;"EnricoCiscato";" ";;"N";"N";
"DBELE";"ODV22DBEBS00061";156000;35;"EnricoCiscato";" ";;"N";"N";
"DBELE";"ODV22DBEBS00061";157000;35;"EnricoCiscato";" ";;"N";"N";
"DBELE";"ODV22DBEBS00061";158000;35;"EnricoCiscato";" ";;"N";"N";
"DBELE";"ODV22DBEBS00061";159000;35;"EnricoCiscato";" ";;"N";"N";
"DBELE";"ODV22DBEBS00061";160000;35;"EnricoCiscato";" ";;"N";"N";
"DBELE";"ODV22DBEBS00061";161000;35;"EnricoCiscato";" ";;"N";"N";
"DBELE";"ODV22DBEBS00061";162000;50;;" ";;"N";"N";
"DBELE";"ODV22DBEBS00061";163000;20;"lucabressana";" ";;"N";"N";
"DBELE";"ODV22DBEBS00061";164000;20;"lucabressana";" ";;"N";"N";
"DBELE";"ODV22DBEBS00061";165000;35;"EnricoCiscato";" ";;"N";"N";
"DBELE";"ODV22DBEBS00061";166000;35;"EnricoCiscato";" ";;"N";"N";
"DBELE";"ODV22DBEBS00061";167000;35;"EnricoCiscato";" ";;"N";"N";
"DBELE";"ODV22DBEBS00061";168000;35;"EnricoCiscato";" ";;"N";"N";
"DBELE";"ODV22DBEBS00061";169000;35;"EnricoCiscato";" ";;"N";"N";
"DBELE";"ODV22DBEBS00061";170000;35;"EnricoCiscato";" ";;"N";"N";
"DBELE";"ODV22DBEBS00061";171000;35;"EnricoCiscato";" ";;"N";"N";
"DBELE";"ODV22DBEBS00061";172000;35;"EnricoCiscato";" ";;"N";"N";
"DBELE";"ODV22DBEBS00061";173000;35;"EnricoCiscato";" ";;"N";"N";
"DBELE";"ODV22DBEBS00061";174000;35;"EnricoCiscato";" ";;"N";"N";
"DBELE";"ODV22DBEBS00061";175000;50;;" ";;"N";"N";
"DBELE";"ODV22DBEBS00061";176000;20;"lucabressana";" ";;"N";"N";
"DBELE";"ODV22DBEBS00061";177000;20;"lucabressana";" ";;"N";"N";
"DBELE";"ODV22DBEBS00061";178000;35;"EnricoCiscato";" ";;"N";"N";
"DBELE";"ODV22DBEBS00061";179000;35;"EnricoCiscato";" ";;"N";"N";
"DBELE";"ODV22DBEBS00061";180000;35;"EnricoCiscato";" ";;"N";"N";
"DBELE";"ODV22DBEBS00061";181000;35;"EnricoCiscato";" ";;"N";"N";
"DBELE";"ODV22DBEBS00061";182000;35;"EnricoCiscato";" ";;"N";"N";
"DBELE";"ODV22DBEBS00061";183000;35;"EnricoCiscato";" ";;"N";"N";
"DBELE";"ODV22DBEBS00061";184000;35;"EnricoCiscato";" ";;"N";"N";
"DBELE";"ODV22DBEBS00061";185000;35;"EnricoCiscato";" ";;"N";"N";
"DBELE";"ODV22DBEBS00061";186000;35;"EnricoCiscato";" ";;"N";"N";
"DBELE";"ODV22DBEBS00061";187000;35;"EnricoCiscato";" ";;"N";"N";
"DBELE";"ODV22DBEBS00061";189000;20;"lucabressana";" ";;"N";"N";
"DBELE";"ODV22DBEBS00061";190000;20;"lucabressana";" ";;"N";"N";
"DBELE";"ODV22DBEBS00061";202000;20;"lucabressana";" ";;"N";"N";
"DBELE";"ODV22DBEBS00061";203000;20;"lucabressana";" ";;"N";"N";
"DBELE";"ODV22DBEBS00062";1000;50;"lucabressana";" ";;"N";"N";
"DBELE";"ODV22DBEBS00064";1000;20;"simonebontempi";" ";"Per SFTDAB600";"S";"N";
"DBELE";"ODV22DBEBS00064";2000;20;"simonebontempi";" ";"Per SFTDAB600";"S";"N";
"DBELE";"ODV22DBEBS00068";1000;10;;" ";;"N";"N";
"DBELE";"ODV22DBEBS00069";1000;35;"simonebontempi";" ";;"N";"N";
"DBELE";"ODV22DBEBS00070";1000;50;"lucabressana";" ";;"N";"N";
"DBELE";"ODV22DBEBS00070";2000;27;"EnricoCiscato";" ";;"N";"N";
"DBELE";"ODV22DBEBS00070";3000;27;"EnricoCiscato";" ";;"N";"N";
"DBELE";"ODV22DBEBS00070";4000;27;"EnricoCiscato";" ";;"N";"N";
"DBELE";"ODV22DBEBS00070";5000;27;"EnricoCiscato";" ";;"N";"N";
"DBELE";"ODV22DBEBS00070";6000;27;"EnricoCiscato";" ";;"N";"N";
"DBELE";"ODV22DBEBS00070";7000;27;"EnricoCiscato";" ";;"N";"N";
"DBELE";"ODV22DBEBS00070";8000;27;"EnricoCiscato";" ";;"N";"N";
"DBELE";"ODV22DBEBS00070";9000;27;"EnricoCiscato";" ";;"N";"N";
"DBELE";"ODV22DBEBS00070";10000;27;"EnricoCiscato";" ";;"N";"N";
"DBELE";"ODV22DBEBS00070";11000;20;"LorenzoTasca";" ";;"N";"N";
"DBELE";"ODV22DBEBS00070";12000;35;"EnricoCiscato";" ";;"N";"N";
"DBELE";"ODV22DBEBS00070";13000;35;"EnricoCiscato";" ";;"N";"N";
"DBELE";"ODV22DBEBS00070";14000;35;"EnricoCiscato";" ";;"N";"N";
"DBELE";"ODV22DBEBS00070";15000;35;"EnricoCiscato";" ";;"N";"N";
"DBELE";"ODV22DBEBS00070";16000;35;"EnricoCiscato";" ";;"N";"N";
"DBELE";"ODV22DBEBS00070";17000;35;"EnricoCiscato";" ";;"N";"N";
"DBELE";"ODV22DBEBS00070";18000;35;"EnricoCiscato";" ";;"N";"N";
"DBELE";"ODV22DBEBS00070";19000;50;"StefanoVanuzzo";" ";;"N";"N";
"DBELE";"ODV22DBEBS00072";1000;20;"danieledotti";" ";;"N";"N";
"DBELE";"ODV22DBEBS00073";1000;20;"lucabressana";" ";"Ch. 9C";"S";"N";
"DBELE";"ODV22DBEBS00074";1000;20;"simonebontempi";" ";"Per SFTDAB600_ARKX_C";"S";"N";
"DBELE";"ODV22DBEBS00074";2000;20;"simonebontempi";" ";"Per SFTDAB600_ARKX_C";"S";"N";
"DBELE";"ODV22DBEBS00075";1000;20;"danieledotti";" ";"1x VEDETTA
1x SELVAPIANA
1x SAN ZENO DI MONTAGNA";"S";"N";
"DBELE";"ODV22DBEBS00076";1000;20;"danieledotti";" ";"Vedi file allegato per matricola 2042-58972";"S";"N";"#L:\laboratorio\03_MATRICOLE E COLLAUDO APPARATI\Fogli di Layout e Collaudo\PT Alita Praya Mitra\2042-58972_L_C (PT Alita Praya Mitra).pdf#"
"DBELE";"ODV22DBEBS00076";2000;20;"danieledotti";" ";"Vedi file allegato per matricola 2042-58972";"S";"N";"#L:\laboratorio\03_MATRICOLE E COLLAUDO APPARATI\Fogli di Layout e Collaudo\PT Alita Praya Mitra\2042-58972_L_C (PT Alita Praya Mitra).pdf#"
"DBELE";"ODV22DBEBS00077";1000;20;"lucabressana";" ";"Per SCA102UB ARK6 - S/N 1218-49751 con 888A";"S";"N";"#L:\laboratorio\03_MATRICOLE E COLLAUDO APPARATI\Fogli di Layout e Collaudo\MEDIOS Y SERVICIOS INTEGRADOS\1223-50695 e 1223-50696_L ( MEDIOS Y SERVICIOS INTEGRADOS ).pdf#"
"DBELE";"ODV22DBEBS00077";2000;27;;" ";;"N";"N";
"DBELE";"ODV22DBEBS00077";3000;27;;" ";;"N";"N";
"DBELE";"ODV22DBEBS00077";4000;20;"pietroguarinoni";" ";;"N";"N";
"DBELE";"ODV22DBEBS00077";5000;20;"simonebontempi";" ";;"N";"N";
"DBELE";"ODV22DBEBS00077";6000;20;"simonebontempi";" ";;"N";"N";
"DBELE";"ODV22DBEBS00080";1000;20;"danieledotti";" ";"Per TX 2104-59056";"S";"N";"#L:\laboratorio\03_MATRICOLE E COLLAUDO APPARATI\Fogli di Layout e Collaudo\NEA RADIO\2104-59506_L_C (Nea Radio).PDF#"
"DBELE";"ODV22DBEBS00080";2000;20;"simonebontempi";" ";"Per TX 2125-60961";"S";"N";"#L:\laboratorio\03_MATRICOLE E COLLAUDO APPARATI\Fogli di Layout e Collaudo\2125-60961_L_C (Nea Radio).pdf#"
"DBELE";"ODV22DBEBS00080";3000;20;"lucabressana";" ";"Per TX 1628-56869";"S";"N";
"DBELE";"ODV22DBEBS00080";4000;20;"ManuelVega";" ";"Per TX 1628-56869 - SDT401TB";"S";"N";
"DBELE";"ODV22DBEBS00081";1000;20;"robertorosa";" ";;"N";"N";
"DBELE";"ODV22DBEBS00082";1000;27;"robertorosa";" ";;"N";"N";
"DBELE";"ODV22DBEBS00082";2000;20;"simonebontempi";" ";"Per ARKX050U_X0D 1807-57423";"S";"N";"#L:\laboratorio\03_MATRICOLE E COLLAUDO APPARATI\Fogli di Layout e Collaudo\Ecuatronix\1811-57437_L ( Ecuatronix ).pdf#"
"DBELE";"ODV22DBEBS00083";1000;10;;" ";;"N";"N";
"DBELE";"ODV22DBEBS00084";1000;10;;" ";;"N";"N";
"DBELE";"ODV22DBEBS00084";2000;20;"lucabressana";" ";"Standard: ISDB-T - con opzione ReMux

Postazione: PICA-MATILLA - ch. 36
Postazione: PISAGUA - ch. 38
Postazione: MARIA ELENA - ch. 26
Postazione: MEJILLONES - ch. 36
Postazione: SAN PEDRO DE ATACAMA - ch. 22
Postazione: ALTO DE CARMEN - ch. 31
Postazione: PAIGUANO - ch. 43
Postazione: TULAHEN - ch. 32
Postazione: CONTULMO - ch. 30
Postazione: CABURGUA - ch. 30
Postazione: TROVOLHUE - ch. 32
Postazione: PUERTO OCTAY - ch. 31
Postazione: QUEYLEN - ch. 31";"S";"N";
"DBELE";"ODV22DBEBS00084";3000;20;"lucabressana";" ";"Standard: ISDB-T - con opzione ReMux

Postazione: CANELA - ch. 30
Postazione: GUATULAME-CHANARAL ALTO - ch. 35
Postazione: LA HIGUERA - CHUNGUNGO - ch. 31
Postazione: CURARREHUE - ch. 30
Postazione: LICAN RAY - ch. 40";"S";"N";
"DBELE";"ODV22DBEBS00085";1000;10;;" ";;"N";"N";
"DBELE";"ODV22DBEBS00088";1000;20;"lucabressana";" ";"ISDB-T con opzione ReMux- ch. 30";"S";"N";
"DBELE";"ODV22DBEBS00088";2000;27;"robertorosa";" ";;"N";"N";
"DBELE";"ODV22DBEBS00088";3000;27;"robertorosa";" ";;"N";"N";
"DBELE";"ODV22DBEBS00088";4000;27;"robertorosa";" ";;"N";"N";
"DBELE";"ODV22DBEBS00088";5000;50;;" ";;"N";"N";
"DBELE";"ODV22DBEBS00088";6000;27;"robertorosa";" ";;"N";"N";
"DBELE";"ODV22DBEBS00088";7000;20;"simonebontempi";" ";;"N";"N";
"DBELE";"ODV22DBEBS00088";7500;20;"lucabressana";" ";;"N";"N";
"DBELE";"ODV22DBEBS00088";8000;20;"lucabressana";" ";;"N";"N";
"DBELE";"ODV22DBEBS00088";9000;27;"robertorosa";" ";;"N";"N";
"DBELE";"ODV22DBEBS00089";1000;50;"lucabressana";" ";"ch. 38 DVB-T2";"S";"N";
"DBELE";"ODV22DBEBS00089";2000;50;"lucabressana";" ";"ch. 38 DVB-T2";"S";"N";
"DBELE";"ODV22DBEBS00090";1000;20;"lucabressana";" ";"1x ch. 33, 1x ch. 36 - 230V 1P

PAL B/G - DVB-T2";"S";"N";
"DBELE";"ODV22DBEBS00090";2000;27;"EnricoCiscato";" ";;"N";"N";
"DBELE";"ODV22DBEBS00090";3000;27;"EnricoCiscato";" ";;"N";"N";
"DBELE";"ODV22DBEBS00090";4000;27;"EnricoCiscato";" ";;"N";"N";
"DBELE";"ODV22DBEBS00090";5000;27;"EnricoCiscato";" ";;"N";"N";
"DBELE";"ODV22DBEBS00090";6000;27;"EnricoCiscato";" ";;"N";"N";
"DBELE";"ODV22DBEBS00090";7000;27;"EnricoCiscato";" ";;"N";"N";
"DBELE";"ODV22DBEBS00090";8000;27;"EnricoCiscato";" ";;"N";"N";
"DBELE";"ODV22DBEBS00090";9000;27;"EnricoCiscato";" ";;"N";"N";
"DBELE";"ODV22DBEBS00090";10000;27;"EnricoCiscato";" ";;"N";"N";
"DBELE";"ODV22DBEBS00091";1000;20;"lucabressana";" ";"PSB 3

1x BORVE
1x BRUERNISH
1x BURGAR HILL
1x CASTLE BAY
1x DALIBURGH
1x KILBRIDE
1x PIEROWAL
1x FITFUL HEAD
1x WEISDALE
1x VOE
1x BALTASOUND

1x SPARE";"S";"N";
"DBELE";"ODV22DBEBS00092";1000;20;"danieledotti";" ";;"N";"N";
"DBELE";"ODV22DBEBS00093";1000;50;"lucabressana";" ";"Ch. 21 DVB-T";"S";"N";
"DBELE";"ODV22DBEBS00094";1000;35;"simonebontempi";" ";;"N";"N";
"DBELE";"ODV22DBEBS00096";1000;50;"lucabressana";" ";"2x ch.33
2x ch.35
2x ch.41
2x ch.43
2x ch.45

Ultimo canale da definire

DVB-T/T2 8 MHz";"S";"N";
"DBELE";"ODV22DBEBS00096";2000;50;"lucabressana";" ";;"N";"N";
"DBELE";"ODV22DBEBS00096";2500;27;"robertorosa";" ";;"N";"N";
"DBELE";"ODV22DBEBS00096";3000;27;"robertorosa";" ";;"N";"N";
"DBELE";"ODV22DBEBS00096";4000;27;"EnricoCiscato";" ";;"N";"N";
"DBELE";"ODV22DBEBS00096";5000;27;"EnricoCiscato";" ";;"N";"N";
"DBELE";"ODV22DBEBS00096";6000;27;"EnricoCiscato";" ";;"N";"N";
"DBELE";"ODV22DBEBS00096";7000;27;"EnricoCiscato";" ";;"N";"N";
"DBELE";"ODV22DBEBS00096";8000;35;"EnricoCiscato";" ";;"N";"N";
"DBELE";"ODV22DBEBS00096";9000;27;"EnricoCiscato";" ";;"N";"N";
"DBELE";"ODV22DBEBS00096";10000;27;"EnricoCiscato";" ";;"N";"N";
"DBELE";"ODV22DBEBS00096";11000;27;"EnricoCiscato";" ";;"N";"N";
"DBELE";"ODV22DBEBS00096";12000;27;"EnricoCiscato";" ";;"N";"N";
"DBELE";"ODV22DBEBS00096";13000;27;"EnricoCiscato";" ";;"N";"N";
"DBELE";"ODV22DBEBS00097";1000;50;"danieledotti";" ";;"N";"N";
"DBELE";"ODV22DBEBS00100";1000;20;"carlosdasilva";" ";;"N";"N";
"DBELE";"ODV22DBEBS00101";1000;20;"lucabressana";" ";"per SDT501UB_ARK6_X2_B8A - S/N 1645-57033";"S";"N";
"DBELE";"ODV22DBEBS00101";2000;20;"lucabressana";" ";;"N";"N";
"DBELE";"ODV22DBEBS00103";1000;20;"lucabressana";" ";"Postazione: SPARE DB1 - ch. 30
Postazione: SPARE DB2 - ch. 30";"S";"N";
"DBELE";"ODV22DBEBS00103";2000;27;"robertorosa";" ";;"N";"N";
"DBELE";"ODV22DBEBS00103";3000;25;"robertorosa";" ";;"N";"N";
"DBELE";"ODV22DBEBS00104";1000;50;"lucabressana";" ";"Ch. 8A - DAB/DAB";"S";"N";
"DBELE";"ODV22DBEBS00104";2000;27;"robertorosa";" ";;"N";"N";
"DBELE";"ODV22DBEBS00104";3000;27;"robertorosa";" ";;"N";"N";
"DBELE";"ODV22DBEBS00105";1000;20;"simonebontempi";" ";"Per S/N 1302-52650 (SCA302UB) - CH. 45 PAL B/G DVB-T/T2";"S";"N";
"DBELE";"ODV22DBEBS00106";1000;20;"simonebontempi";" ";"1pz per 1821-57491
1pz per 1821-57492";"S";"N";
"DBELE";"ODV22DBEBS00107";1000;20;"lucabressana";" ";"s/n. 1430-55703 - SDT200UA-ARK6_X2
s/n. 1430-55693 - SDT200UA-ARK6_X2
s/n. 1321-53867 - SDT200UA-ARK6_X2";"S";"N";
"DBELE";"ODV22DBEBS00107";2000;20;"lucabressana";" ";"Per SCA501UB_ARK_8600 - S/N 1428-55617";"S";"N";"#L:\laboratorio\03_MATRICOLE E COLLAUDO APPARATI\Fogli di Layout e Collaudo\Nusa Infotech\1432-55747_L ( Nusa Infotech ).PDF#"
"DBELE";"ODV22DBEBS00107";3000;20;"lucabressana";" ";"s/n.1233-51499 - per SDT201UB-ARK6_X2_C
s/n.1326-54095 - per SDT201UB-ARK6_X2_C";"S";"N";
"DBELE";"ODV22DBEBS00107";4000;20;"lucabressana";" ";"s/n. 1236-51649 - per SCA501UB_B8A
s/n. 1236-51650 - per SCA501UB_B8A";"S";"N";
"DBELE";"ODV22DBEBS00109";1000;27;"robertorosa";" ";;"N";"N";
"DBELE";"ODV22DBEBS00109";2000;20;"simonebontempi";" ";;"N";"N";
"DBELE";"ODV22DBEBS00109";3000;20;"simonebontempi";" ";;"N";"N";
"DBELE";"ODV22DBEBS00110";1000;20;"lucabressana";" ";"Ch. 28  - 37 -  39 -  47 -  49 (sesto canale da definire)";"S";"N";
"DBELE";"ODV22DBEBS00110";2000;20;"lucabressana";" ";;"N";"N";
"DBELE";"ODV22DBEBS00110";3000;27;"robertorosa";" ";;"N";"N";
"DBELE";"ODV22DBEBS00110";4000;27;"robertorosa";" ";;"N";"N";
"DBELE";"ODV22DBEBS00110";5000;27;"StefanoVanuzzo";" ";;"N";"N";
"DBELE";"ODV22DBEBS00110";6000;35;"federicomodonesi";" ";;"N";"N";
"DBELE";"ODV22DBEBS00110";7000;35;"federicomodonesi";" ";;"N";"N";
"DBELE";"ODV22DBEBS00110";8000;35;"federicomodonesi";" ";;"N";"N";
"DBELE";"ODV22DBEBS00110";9000;27;"StefanoVanuzzo";" ";;"N";"N";
"DBELE";"ODV22DBEBS00110";10000;27;"StefanoVanuzzo";" ";;"N";"N";
"DBELE";"ODV22DBEBS00110";11000;27;"StefanoVanuzzo";" ";;"N";"N";
"DBELE";"ODV22DBEBS00110";12000;27;"StefanoVanuzzo";" ";;"N";"N";
"DBELE";"ODV22DBEBS00110";13000;27;"StefanoVanuzzo";" ";;"N";"N";
"DBELE";"ODV22DBEBS00110";14000;27;"robertorosa";" ";;"N";"N";
"DBELE";"ODV22DBEBS00110";15000;27;"StefanoVanuzzo";" ";;"N";"N";
"DBELE";"ODV22DBEBS00110";16000;27;"StefanoVanuzzo";" ";;"N";"N";
"DBELE";"ODV22DBEBS00110";17000;27;"StefanoVanuzzo";" ";;"N";"N";
"DBELE";"ODV22DBEBS00110";18000;10;;" ";;"N";"N";
"DBELE";"ODV22DBEBS00110";19000;10;;" ";;"N";"N";
"DBELE";"ODV22DBEBS00111";1000;20;"lucabressana";" ";"Per amplificatore SCA202FB - S/N 1218-49741

M6I700 con 5600";"S";"N";"#L:\laboratorio\03_MATRICOLE E COLLAUDO APPARATI\Fogli di Layout e Collaudo\MEDIOS Y SERVICIOS INTEGRADOS\1223-50261_L ( MEDIOS Y SERVICIOS INTEGRADOS - Driver A ).pdf#"
"DBELE";"ODV22DBEBS00112";1000;20;"simonebontempi";" ";"1323-54021 - 1326-54093";"S";"N";
"DBELE";"ODV22DBEBS00113";1000;27;"danieledotti";" ";;"N";"N";
"DBELE";"ODV22DBEBS00114";1000;20;"lucabressana";" ";;"N";"N";
"DBELE";"ODV22DBEBS00115";1000;20;"lucabressana";" ";"Ch. 48 ISDB-Tb - con opzione ReMux";"S";"N";
"DBELE";"ODV22DBEBS00116";1000;27;"federicomodonesi";" ";;"N";"N";
"DBELE";"ODV22DBEBS00118";1000;20;"simonebontempi";" ";"Per ARKX050U";"S";"N";
"DBELE";"ODV22DBEBS00119";1000;20;"simonebontempi";" ";"Per SFK701U - S/N 2013-58626
DTMB

Per SFT701U 1+1";"S";"N";"#L:\laboratorio\03_MATRICOLE E COLLAUDO APPARATI\Fogli di Layout e Collaudo\BTL\2022-58737_58738_58629_L ( BTL - TX A + TX B ).pdf#"
"DBELE";"ODV22DBEBS00119";2000;20;"simonebontempi";" ";;"N";"N";
"DBELE";"ODV22DBEBS00122";1000;10;;" ";;"N";"N";
"DBELE";"ODV22DBEBS00122";2000;10;;" ";;"N";"N";
"DBELE";"ODV22DBEBS00122";3000;10;;" ";;"N";"N";
"DBELE";"ODV22DBEBS00122";4000;10;;" ";;"N";"N";
"DBELE";"ODV22DBEBS00123";1000;10;;" ";;"N";"N";
"DBELE";"ODV22DBEBS00124";1500;50;"federicomodonesi";" ";;"N";"N";
"DBELE";"ODV22DBEBS00124";2000;20;"lucabressana";" ";;"N";"N";
"DBELE";"ODV22DBEBS00124";3000;20;"lucabressana";" ";;"N";"N";
"DBELE";"ODV22DBEBS00124";13500;50;"federicomodonesi";" ";;"N";"N";
"DBELE";"ODV22DBEBS00124";14000;20;"lucabressana";" ";;"N";"N";
"DBELE";"ODV22DBEBS00124";15000;20;"lucabressana";" ";;"N";"N";
"DBELE";"ODV22DBEBS00124";26000;50;;" ";;"N";"N";
"DBELE";"ODV22DBEBS00124";27000;27;"StefanoVanuzzo";" ";;"N";"N";
"DBELE";"ODV22DBEBS00124";28000;27;"StefanoVanuzzo";" ";;"N";"N";
"DBELE";"ODV22DBEBS00124";29000;27;"StefanoVanuzzo";" ";;"N";"N";
"DBELE";"ODV22DBEBS00124";30000;27;"StefanoVanuzzo";" ";;"N";"N";
"DBELE";"ODV22DBEBS00124";31000;27;"StefanoVanuzzo";" ";;"N";"N";
"DBELE";"ODV22DBEBS00124";32000;27;"StefanoVanuzzo";" ";;"N";"N";
"DBELE";"ODV22DBEBS00124";33000;27;"StefanoVanuzzo";" ";;"N";"N";
"DBELE";"ODV22DBEBS00124";34000;27;"StefanoVanuzzo";" ";;"N";"N";
"DBELE";"ODV22DBEBS00124";35000;27;"StefanoVanuzzo";" ";;"N";"N";
"DBELE";"ODV22DBEBS00124";36000;27;"StefanoVanuzzo";" ";;"N";"N";
"DBELE";"ODV22DBEBS00124";37000;27;"StefanoVanuzzo";" ";;"N";"N";
"DBELE";"ODV22DBEBS00124";38000;27;"StefanoVanuzzo";" ";;"N";"N";
"DBELE";"ODV22DBEBS00124";39000;50;;" ";;"N";"N";
"DBELE";"ODV22DBEBS00124";40000;27;"StefanoVanuzzo";" ";;"N";"N";
"DBELE";"ODV22DBEBS00124";41000;27;"StefanoVanuzzo";" ";;"N";"N";
"DBELE";"ODV22DBEBS00124";42000;27;"StefanoVanuzzo";" ";;"N";"N";
"DBELE";"ODV22DBEBS00124";43000;27;"StefanoVanuzzo";" ";;"N";"N";
"DBELE";"ODV22DBEBS00124";44000;27;"StefanoVanuzzo";" ";;"N";"N";
"DBELE";"ODV22DBEBS00124";45000;27;"StefanoVanuzzo";" ";;"N";"N";
"DBELE";"ODV22DBEBS00124";46000;27;"StefanoVanuzzo";" ";;"N";"N";
"DBELE";"ODV22DBEBS00124";47000;27;"StefanoVanuzzo";" ";;"N";"N";
"DBELE";"ODV22DBEBS00124";48000;27;"StefanoVanuzzo";" ";;"N";"N";
"DBELE";"ODV22DBEBS00124";49000;27;"StefanoVanuzzo";" ";;"N";"N";
"DBELE";"ODV22DBEBS00124";50000;27;"StefanoVanuzzo";" ";;"N";"N";
"DBELE";"ODV22DBEBS00124";51000;27;"StefanoVanuzzo";" ";;"N";"N";
"DBELE";"ODV22DBEBS00124";52000;50;;" ";;"N";"N";
"DBELE";"ODV22DBEBS00124";53000;27;"StefanoVanuzzo";" ";;"N";"N";
"DBELE";"ODV22DBEBS00124";54000;27;"StefanoVanuzzo";" ";;"N";"N";
"DBELE";"ODV22DBEBS00124";55000;27;"StefanoVanuzzo";" ";;"N";"N";
"DBELE";"ODV22DBEBS00124";56000;27;"StefanoVanuzzo";" ";;"N";"N";
"DBELE";"ODV22DBEBS00124";57000;27;"StefanoVanuzzo";" ";;"N";"N";
"DBELE";"ODV22DBEBS00124";58000;27;"StefanoVanuzzo";" ";;"N";"N";
"DBELE";"ODV22DBEBS00124";59000;27;"StefanoVanuzzo";" ";;"N";"N";
"DBELE";"ODV22DBEBS00124";60000;27;"StefanoVanuzzo";" ";;"N";"N";
"DBELE";"ODV22DBEBS00124";61000;27;"StefanoVanuzzo";" ";;"N";"N";
"DBELE";"ODV22DBEBS00124";62000;27;"StefanoVanuzzo";" ";;"N";"N";
"DBELE";"ODV22DBEBS00124";63000;50;;" ";;"N";"N";
"DBELE";"ODV22DBEBS00125";1000;20;"simonebontempi";" ";"Per amplificatore SCA102UB - S/N 1225-50843";"S";"N";
"DBELE";"ODV22DBEPD00001";1000;50;"StefanoVanuzzo";" ";;"N";"N";
"DBELE";"ODV22DBEPD00002";1000;27;"StefanoVanuzzo";" ";;"N";"N";
"DBELE";"ODV22DBEPD00002";2000;27;"StefanoVanuzzo";" ";;"N";"N";
"DBELE";"ODV22DBEPD00002";3000;27;"StefanoVanuzzo";" ";;"N";"N";
"DBELE";"ODV22DBEPD00002";4000;45;"EnricoCiscato";" ";;"N";"N";
"DBELE";"ODV22DBEPD00003";1000;45;"EnricoCiscato";" ";;"N";"N";
"DBELE";"ODV22DBEPD00005";1000;50;"StefanoVanuzzo";" ";;"N";"N";
"DBELE";"ODV22DBEPD00005";2000;27;"StefanoVanuzzo";" ";;"N";"N";
"DBELE";"ODV22DBEPD00005";3000;27;"StefanoVanuzzo";" ";;"N";"N";
"DBELE";"ODV22DBEPD00005";4000;45;"EnricoCiscato";" ";;"N";"N";
"DBELE";"ODV22DBEPD00005";5000;27;"StefanoVanuzzo";" ";;"N";"N";
"DBELE";"ODV22DBEPD00005";6000;27;"StefanoVanuzzo";" ";;"N";"N";
"DBELE";"ODV22DBEPD00005";7000;27;"StefanoVanuzzo";" ";;"N";"N";
"DBELE";"ODV22DBEPD00005";8000;45;"EnricoCiscato";" ";;"N";"N";
"DBELE";"ODV22DBEPD00005";9000;27;"StefanoVanuzzo";" ";;"N";"N";
"DBELE";"ODV22DBEPD00006";2000;35;"FedericaFavero";" ";;"N";"N";
"DBELE";"ODV22DBEPD00007";1000;35;"FedericaFavero";" ";;"N";"N";
"DBELE";"ODV22DBEPD00008";1000;50;"StefanoVanuzzo";" ";;"N";"N";
"DBELE";"ODV22DBEPD00008";2000;50;"StefanoVanuzzo";" ";;"N";"N";
"DBELE";"ODV22DBEPD00008";3000;45;"EnricoCiscato";" ";;"N";"N";
"DBELE";"ODV22DBEPD00008";4000;50;"StefanoVanuzzo";" ";;"N";"N";
"DBELE";"ODV22DBEPD00008";5000;50;"StefanoVanuzzo";" ";;"N";"N";
"DBELE";"ODV22DBEPD00008";6000;45;"EnricoCiscato";" ";;"N";"N";
"DBELE";"ODV22DBEPD00008";7000;20;"LorenzoTasca";" ";;"N";"N";
"DBELE";"ODV22DBEPD00008";8000;27;"StefanoVanuzzo";" ";;"N";"N";
"DBELE";"ODV22DBEPD00008";9000;45;"EnricoCiscato";" ";;"N";"N";
"DBELE";"ODV22DBEPD00008";10000;45;"EnricoCiscato";" ";;"N";"N";
"DBELE";"ODV22DBEPD00008";11000;20;"LorenzoTasca";" ";;"N";"N";
"DBELE";"ODV22DBEPD00009";1000;50;"StefanoVanuzzo";" ";;"N";"N";
"DBELE";"ODV22DBEPD00010";1000;45;"EnricoCiscato";" ";;"N";"N";
"DBELE";"ODV22DBEPD00010";2000;10;;" ";;"N";"N";
"DBELE";"ODV22DBEPD00011";1000;45;"EnricoCiscato";" ";;"N";"N";
"DBELE";"ODV22DBEPD00011";2000;50;"StefanoVanuzzo";" ";;"N";"N";
"DBELE";"ODV22DBEPD00011";3000;99;"EnricoCiscato";" ";;"N";"N";
"DBELE";"ODV22DBEPD00013";1000;50;"StefanoVanuzzo";" ";;"N";"N";
"DBELE";"ODV22DBEPD00014";1000;50;"StefanoVanuzzo";" ";;"N";"N";
"DBELE";"ODV22DBEPD00015";1000;27;"StefanoVanuzzo";" ";;"N";"N";
"DBELE";"ODV22DBEPD00015";2000;45;"EnricoCiscato";" ";;"N";"N";
"DBELE";"ODV22DBEPD00016";1000;50;"StefanoVanuzzo";" ";;"N";"N";
"DBELE";"ODV22DBEPD00017";1000;50;"StefanoVanuzzo";" ";;"N";"N";
"DBELE";"ODV22DBEPD00018";1000;27;"StefanoVanuzzo";" ";;"N";"N";
"DBELE";"ODV22DBEPD00018";2000;50;"StefanoVanuzzo";" ";;"N";"N";
"DBELE";"ODV22DBEPD00018";3000;50;"StefanoVanuzzo";" ";;"N";"N";
"DBELE";"ODV22DBEPD00018";5000;27;"StefanoVanuzzo";" ";;"N";"N";
"DBELE";"ODV22DBEPD00019";1000;35;"StefanoVanuzzo";" ";;"N";"N";
"DBELE";"ODV22DBEPD00020";1000;20;"LorenzoTasca";" ";;"N";"N";
"DBELE";"ODV22DBEPD00020";2000;27;"StefanoVanuzzo";" ";;"N";"N";
"DBELE";"ODV22DBEPD00020";3000;27;"StefanoVanuzzo";" ";;"N";"N";
"DBELE";"ODV22DBEPD00020";4000;35;"StefanoVanuzzo";" ";;"N";"N";
"DBELE";"ODV22DBEPD00020";5000;50;"StefanoVanuzzo";" ";;"N";"N";
"DBELE";"ODV22DBEPD00021";1000;20;"LorenzoTasca";" ";;"N";"N";
"DBELE";"ODV22DBEPD00021";2000;27;"StefanoVanuzzo";" ";;"N";"N";
"DBELE";"ODV22DBEPD00021";3000;27;"StefanoVanuzzo";" ";;"N";"N";
"DBELE";"ODV22DBEPD00021";4000;27;"StefanoVanuzzo";" ";;"N";"N";
"DBELE";"ODV22DBEPD00021";5000;27;"StefanoVanuzzo";" ";;"N";"N";
"DBELE";"ODV22DBEPD00021";6000;50;"StefanoVanuzzo";" ";;"N";"N";
"DBELE";"ODV22DBEPD00022";1000;45;"EnricoCiscato";" ";;"N";"N";
"DBELE";"ODV22DBEPD00023";1000;10;;" ";;"N";"N";
"DBELE";"ODV22DBEPD00023";2000;50;"StefanoVanuzzo";" ";;"N";"N";
"DBELE";"ODV22DBEPD00025";1000;10;;" ";;"N";"N";
"DBELE";"ODV22DBEPD00025";2000;10;;" ";;"N";"N";
"DBELE";"ODV22DBEPD00026";1000;27;"StefanoVanuzzo";" ";;"N";"N";
"DBELE";"ODV22DBEPD00026";2000;27;"StefanoVanuzzo";" ";;"N";"N";
"DBELE";"ODV22DBEPD00026";3000;27;"StefanoVanuzzo";" ";;"N";"N";
"DBELE";"ODV22DBEPD00026";4000;27;"StefanoVanuzzo";" ";;"N";"N";
"DBELE";"ODV22DBEPD00026";5000;50;"StefanoVanuzzo";" ";;"N";"N";
"DBELE";"ODV22DBEPD00027";1000;20;"LorenzoTasca";" ";;"N";"N";
"DBELE";"ODV22DBEPD00027";2000;27;"StefanoVanuzzo";" ";;"N";"N";
"DBELE";"ODV22DBEPD00027";3000;27;"StefanoVanuzzo";" ";;"N";"N";
"DBELE";"ODV22DBEPD00027";4000;27;"StefanoVanuzzo";" ";;"N";"N";
"DBELE";"ODV22DBEPD00027";5000;27;"StefanoVanuzzo";" ";;"N";"N";
"DBELE";"ODV22DBEPD00027";6000;50;"StefanoVanuzzo";" ";;"N";"N";
"DBELE";"ODV22DBEPD00027";7000;50;"StefanoVanuzzo";" ";;"N";"N";
"DBELE";"ODV22DBEPD00027";8000;50;"StefanoVanuzzo";" ";;"N";"N";
"DBELE";"ODV22DBEPD00027";9000;50;"StefanoVanuzzo";" ";;"N";"N";
"DBELE";"ODV22DBEPD00027";10000;27;"StefanoVanuzzo";" ";;"N";"N";
"DBELE";"ODV22DBEPD00027";11000;27;"StefanoVanuzzo";" ";;"N";"N";
"DBELE";"ODV22DBEPD00027";12000;27;"StefanoVanuzzo";" ";;"N";"N";
"DBELE";"ODV22DBEPD00027";13000;27;"StefanoVanuzzo";" ";;"N";"N";
"DBELE";"ODV22DBEPD00027";14000;27;"StefanoVanuzzo";" ";;"N";"N";
"DBELE";"ODV22DBEPD00027";15000;27;"StefanoVanuzzo";" ";;"N";"N";
"DBELE";"ODV22DBEPD00027";16000;27;"StefanoVanuzzo";" ";;"N";"N";
"DBELE";"ODV22DBEPD00027";17000;27;"StefanoVanuzzo";" ";;"N";"N";
"DBELE";"ODV22DBEPD00027";18000;27;"StefanoVanuzzo";" ";;"N";"N";
"DBELE";"ODV22DBEPD00027";19000;27;"StefanoVanuzzo";" ";;"N";"N";
"DBELE";"ODV22DBEPD00027";20000;27;"StefanoVanuzzo";" ";;"N";"N";
"DBELE";"ODV22DBEPD00027";21000;27;"StefanoVanuzzo";" ";;"N";"N";
"DBELE";"ODV22DBEPD00027";22000;27;"StefanoVanuzzo";" ";;"N";"N";
"DBELE";"ODV22DBEPD00027";23000;27;"StefanoVanuzzo";" ";;"N";"N";
"DBELE";"ODV22DBEPD00027";24000;50;"StefanoVanuzzo";" ";;"N";"N";
"DBELE";"ODV22DBEPD00028";1000;50;"StefanoVanuzzo";" ";;"N";"N";
"DBELE";"ODV22DBEPD00028";2000;50;"StefanoVanuzzo";" ";;"N";"N";
"DBELE";"ODV22DBEPD00029";1000;20;"LorenzoTasca";" ";;"N";"N";
"DBELE";"ODV22DBEPD00029";2000;27;"StefanoVanuzzo";" ";;"N";"N";
"DBELE";"ODV22DBEPD00029";3000;20;"LorenzoTasca";" ";;"N";"N";
"DBELE";"ODV22DBEPD00029";4000;35;"StefanoVanuzzo";" ";;"N";"N";
"DBELE";"ODV22DBEPD00029";5000;27;"StefanoVanuzzo";" ";;"N";"N";
"DBELE";"ODV22DBEPD00029";6000;35;"StefanoVanuzzo";" ";;"N";"N";
"DBELE";"ODV22DBEPD00029";7000;50;"StefanoVanuzzo";" ";;"N";"N";
"DBELE";"ODV22DBEPD00029";8000;50;"StefanoVanuzzo";" ";;"N";"N";
"DBELE";"ODV22DBEPD00030";1000;50;"StefanoVanuzzo";" ";;"N";"N";
"DBELE";"ODV22DBEPD00030";2000;50;"StefanoVanuzzo";" ";;"N";"N";
"DBELE";"ODV22DBEPD00031";1000;50;"StefanoVanuzzo";" ";;"N";"N";
"DBELE";"ODV22DBEPD00032";1000;10;;" ";;"N";"N";
"DBELE";"ODV22DBEPD00033";1000;35;"StefanoVanuzzo";" ";;"N";"N";
"DBELE";"ODV22DBEPD00033";2000;35;"StefanoVanuzzo";" ";;"N";"N";
"DBELE";"ODV22DBEPD00033";3000;35;"StefanoVanuzzo";" ";;"N";"N";
"DBELE";"ODV22DBEPD00033";4000;35;"StefanoVanuzzo";" ";;"N";"N";
"DBELE";"ODV22DBEPD00033";5000;35;"StefanoVanuzzo";" ";;"N";"N";
"DBELE";"ODV22DBEPD00033";6000;35;"StefanoVanuzzo";" ";;"N";"N";
"DBELE";"ODV22DBEPD00033";7000;35;"StefanoVanuzzo";" ";;"N";"N";
"DBELE";"ODV22DBEPD00033";8000;35;"StefanoVanuzzo";" ";;"N";"N";
"DBELE";"ODV22DBEPD00033";9000;35;"StefanoVanuzzo";" ";;"N";"N";
"DBELE";"ODV22DBEPD00033";10000;35;"StefanoVanuzzo";" ";;"N";"N";
"DBELE";"ODV22DBEPD00033";11000;35;"StefanoVanuzzo";" ";;"N";"N";
"DBELE";"ODV22DBEPD00033";12000;35;"StefanoVanuzzo";" ";;"N";"N";
"DBELE";"ODV22DBEPD00033";13000;35;"StefanoVanuzzo";" ";;"N";"N";
"DBELE";"ODV22DBEPD00033";14000;35;"StefanoVanuzzo";" ";;"N";"N";
"DBELE";"ODV22DBEPD00033";15000;35;"StefanoVanuzzo";" ";;"N";"N";
"DBELE";"ODV22DBEPD00033";16000;20;"LorenzoTasca";" ";;"N";"N";
"DBELE";"ODV22DBEPD00033";17000;27;"StefanoVanuzzo";" ";;"N";"N";
"DBELE";"ODV22DBEPD00033";18000;35;"StefanoVanuzzo";" ";;"N";"N";
"DBELE";"ODV22DBEPD00033";19000;35;"StefanoVanuzzo";" ";;"N";"N";
"DBELE";"ODV22DBEPD00033";20000;35;"StefanoVanuzzo";" ";;"N";"N";
"DBELE";"ODV22DBEPD00033";21000;35;"StefanoVanuzzo";" ";;"N";"N";
"DBELE";"ODV22DBEPD00033";22000;35;"StefanoVanuzzo";" ";;"N";"N";
"DBELE";"ODV22DBEPD00033";23000;35;"StefanoVanuzzo";" ";;"N";"N";
"DBELE";"ODV22DBEPD00033";24000;27;"StefanoVanuzzo";" ";;"N";"N";
"DBELE";"ODV22DBEPD00033";25000;27;"StefanoVanuzzo";" ";;"N";"N";
"DBELE";"ODV22DBEPD00033";26000;35;"StefanoVanuzzo";" ";;"N";"N";
"DBELE";"ODV22DBEPD00033";27000;35;"StefanoVanuzzo";" ";;"N";"N";
"DBELE";"ODV22DBEPD00033";28000;50;"StefanoVanuzzo";" ";;"N";"N";
"DBELE";"ODV22DBEPD00034";1000;50;"StefanoVanuzzo";" ";;"N";"N";
"DBELE";"ODV22DBEPD00034";2000;50;"StefanoVanuzzo";" ";;"N";"N";
"DBELE";"ODV22DBEPD00035";1000;50;"StefanoVanuzzo";" ";"Tarare per MOZART NEXT 3000

sn 25911000

pn: 603-000092-04";"S";"N";
"DBELE";"ODV22DBEPD00039";1000;50;"StefanoVanuzzo";" ";;"N";"N";
"DBELE";"ODV22DBEPD00039";2000;10;;" ";;"N";"N";
"DBELE";"ODV22DBEPD00040";1000;10;;" ";;"N";"N";
"DBELE";"ODV22DBEPD00040";2000;10;;" ";;"N";"N";
"DBELE";"ODV22DBEPD00044";1000;20;"LorenzoTasca";" ";;"N";"N";
"DBELE";"ODV22DBEPD00044";2000;20;"LorenzoTasca";" ";;"N";"N";
"DBELE";"ODV22DBEPD00044";3000;50;"StefanoVanuzzo";" ";;"N";"N";
"DBELE";"ODV22DBEPD00044";4000;50;"StefanoVanuzzo";" ";;"N";"N";
"DBELE";"ODV22DBEPD00045";1000;30;"LorenzoTasca";" ";;"N";"N";
"DBELE";"ODV22DBEPD00045";2000;30;"LorenzoTasca";" ";;"N";"N";
"DBELE";"ODV22DBEPD00046";1000;20;"LorenzoTasca";" ";;"N";"N";
"DBELE";"ODV22DBEPD00046";2000;30;"LorenzoTasca";" ";;"N";"N";
"DBELE";"ODV22DBEPD00046";4000;50;"StefanoVanuzzo";" ";;"N";"N";
"DBELE";"ODV22DBEPD00048";1000;35;"FedericaFavero";" ";;"N";"N";
"DBELE";"ODV22DBEPD00049";1000;35;"FedericaFavero";" ";;"N";"N";
"DBELE";"ODV22DBEPD00050";1000;50;"StefanoVanuzzo";" ";;"N";"N";
"DBELE";"ODV22DBEPD00051";1000;50;"StefanoVanuzzo";" ";"Per Mozart 1000 sn 46613000";"S";"N";
"DBELE";"ODV22DBEPD00052";1000;27;"StefanoVanuzzo";" ";;"N";"N";
"DBELE";"ODV22DBEPD00052";2000;27;"StefanoVanuzzo";" ";;"N";"N";
"DBELE";"ODV22DBEPD00052";3000;27;"StefanoVanuzzo";" ";;"N";"N";
"DBELE";"ODV22DBEPD00053";1000;27;"StefanoVanuzzo";" ";;"N";"N";
"DBELE";"ODV22DBEPD00053";2000;27;"StefanoVanuzzo";" ";;"N";"N";
"DBELE";"ODV22DBEPD00053";3000;27;"StefanoVanuzzo";" ";;"N";"N";
"DBELE";"ODV22DBEPD00053";4000;27;"StefanoVanuzzo";" ";;"N";"N";
"DBELE";"ODV22DBEPD00053";5000;20;"LorenzoTasca";" ";;"N";"N";
"DBELE";"ODV22DBEPD00053";6000;20;"LorenzoTasca";" ";;"N";"N";
"DBELE";"ODV22DBEPD00053";7000;50;"StefanoVanuzzo";" ";;"N";"N";
"DBELE";"ODV22DBEPD00053";8000;50;"StefanoVanuzzo";" ";;"N";"N";
"DBELE";"ODV22DBEPD00054";1000;20;"LorenzoTasca";" ";;"N";"N";
"DBELE";"ODV22DBEPD00054";2000;50;"StefanoVanuzzo";" ";;"N";"N";
"DBELE";"ODV22DBEPD00055";1000;20;"LorenzoTasca";" ";;"N";"N";
"DBELE";"ODV22DBEPD00055";2000;50;"StefanoVanuzzo";" ";;"N";"N";
"DBELE";"ODV22DBEPD00056";1000;30;"LorenzoTasca";" ";"da installare su PFG 2k";"S";"N";
"DBELE";"ODV22DBEPD00057";1000;50;"StefanoVanuzzo";" ";;"N";"N";
"DBELE";"ODV22DBEPD00058";1000;50;"StefanoVanuzzo";" ";;"N";"N";
"DBELE";"ODV22DBEPD00058";2000;50;"StefanoVanuzzo";" ";;"N";"N";
"DBELE";"ODV22DBEPD00058";3000;35;"StefanoVanuzzo";" ";;"N";"N";
"DBELE";"ODV22DBEPD00058";4000;35;"StefanoVanuzzo";" ";;"N";"N";
"DBELE";"ODV22DBEPD00059";1000;50;"StefanoVanuzzo";" ";;"N";"N";
"DBELE";"ODV22DBEPD00059";2000;50;"StefanoVanuzzo";" ";;"N";"N";
"DBELE";"ODV22DBEPD00059";3000;10;;" ";;"N";"N";
"DBELE";"ODV22DBEPD00060";1000;35;"StefanoVanuzzo";" ";;"N";"N";
"DBELE";"ODV22DBEPD00060";2000;35;"StefanoVanuzzo";" ";;"N";"N";
"DBELE";"ODV22DBEPD00060";3000;35;"StefanoVanuzzo";" ";;"N";"N";
"DBELE";"ODV22DBEPD00060";4000;35;"StefanoVanuzzo";" ";;"N";"N";
"DBELE";"ODV22DBEPD00060";5000;35;"StefanoVanuzzo";" ";;"N";"N";
"DBELE";"ODV22DBEPD00060";6000;35;"StefanoVanuzzo";" ";;"N";"N";
"DBELE";"ODV22DBEPD00060";7000;35;"StefanoVanuzzo";" ";;"N";"N";
"DBELE";"ODV22DBEPD00060";8000;35;"StefanoVanuzzo";" ";;"N";"N";
"DBELE";"ODV22DBEPD00060";9000;35;"StefanoVanuzzo";" ";;"N";"N";
"DBELE";"ODV22DBEPD00060";10000;35;"StefanoVanuzzo";" ";;"N";"N";
"DBELE";"ODV22DBEPD00060";11000;35;"StefanoVanuzzo";" ";;"N";"N";
"DBELE";"ODV22DBEPD00060";12000;35;"StefanoVanuzzo";" ";;"N";"N";
"DBELE";"ODV22DBEPD00060";13000;35;"StefanoVanuzzo";" ";;"N";"N";
"DBELE";"ODV22DBEPD00060";14000;35;"StefanoVanuzzo";" ";;"N";"N";
"DBELE";"ODV22DBEPD00060";15000;35;"StefanoVanuzzo";" ";;"N";"N";
"DBELE";"ODV22DBEPD00060";16000;20;"LorenzoTasca";" ";;"N";"N";
"DBELE";"ODV22DBEPD00060";17000;35;"StefanoVanuzzo";" ";;"N";"N";
"DBELE";"ODV22DBEPD00060";18000;35;"StefanoVanuzzo";" ";;"N";"N";
"DBELE";"ODV22DBEPD00060";19000;27;"StefanoVanuzzo";" ";;"N";"N";
"DBELE";"ODV22DBEPD00060";20000;35;"StefanoVanuzzo";" ";;"N";"N";
"DBELE";"ODV22DBEPD00060";21000;35;"StefanoVanuzzo";" ";;"N";"N";
"DBELE";"ODV22DBEPD00060";22000;35;"StefanoVanuzzo";" ";;"N";"N";
"DBELE";"ODV22DBEPD00060";23000;35;"StefanoVanuzzo";" ";;"N";"N";
"DBELE";"ODV22DBEPD00060";24000;35;"StefanoVanuzzo";" ";;"N";"N";
"DBELE";"ODV22DBEPD00060";25000;35;"StefanoVanuzzo";" ";;"N";"N";
"DBELE";"ODV22DBEPD00060";27000;50;"StefanoVanuzzo";" ";;"N";"N";
"DBELE";"ODV22DBEPD00061";1000;20;"LorenzoTasca";" ";;"N";"N";
"DBELE";"ODV22DBEPD00061";2000;20;"LorenzoTasca";" ";;"N";"N";
"DBELE";"ODV22DBEPD00062";1000;20;"LorenzoTasca";" ";;"N";"N";
"DBELE";"ODV22DBEPD00062";2000;20;"LorenzoTasca";" ";;"N";"N";
"DBELE";"ODV22DBEPD00062";3000;27;"StefanoVanuzzo";" ";;"N";"N";
"DBELE";"ODV22DBEPD00062";4000;27;"StefanoVanuzzo";" ";;"N";"N";
"DBELE";"ODV22DBEPD00062";5000;27;"StefanoVanuzzo";" ";;"N";"N";
"DBELE";"ODV22DBEPD00062";6000;27;"StefanoVanuzzo";" ";;"N";"N";
"DBELE";"ODV22DBEPD00062";7000;27;"StefanoVanuzzo";" ";;"N";"N";
"DBELE";"ODV22DBEPD00062";8000;27;"StefanoVanuzzo";" ";;"N";"N";
"DBELE";"ODV22DBEPD00062";9000;27;"StefanoVanuzzo";" ";;"N";"N";
"DBELE";"ODV22DBEPD00062";10000;27;"StefanoVanuzzo";" ";;"N";"N";
"DBELE";"ODV22DBEPD00062";11000;27;"StefanoVanuzzo";" ";;"N";"N";
"DBELE";"ODV22DBEPD00062";12000;27;"StefanoVanuzzo";" ";;"N";"N";
"DBELE";"ODV22DBEPD00062";13000;27;"StefanoVanuzzo";" ";;"N";"N";
"DBELE";"ODV22DBEPD00062";14000;27;"StefanoVanuzzo";" ";;"N";"N";
"DBELE";"ODV22DBEPD00062";15000;27;"StefanoVanuzzo";" ";;"N";"N";
"DBELE";"ODV22DBEPD00062";16000;50;"StefanoVanuzzo";" ";;"N";"N";
"DBELE";"ODV22DBEPD00062";17000;50;"StefanoVanuzzo";" ";;"N";"N";
"DBELE";"ODV22DBEPD00064";1000;35;"FedericaFavero";" ";;"N";"N";
"DBELE";"ODV22DBEPD00065";1000;20;"LorenzoTasca";" ";;"N";"N";
"DBELE";"ODV22DBEPD00065";2000;50;"StefanoVanuzzo";" ";;"N";"N";
"DBELE";"ODV22DBEPD00066";1000;35;"StefanoVanuzzo";" ";;"N";"N";
"DBELE";"ODV22DBEPD00066";2000;35;"StefanoVanuzzo";" ";;"N";"N";
"DBELE";"ODV22DBEPD00067";1000;20;"LorenzoTasca";" ";;"N";"N";
"DBELE";"ODV22DBEPD00067";2000;27;"StefanoVanuzzo";" ";;"N";"N";
"DBELE";"ODV22DBEPD00067";3000;35;"StefanoVanuzzo";" ";;"N";"N";
"DBELE";"ODV22DBEPD00067";4000;35;"StefanoVanuzzo";" ";;"N";"N";
"DBELE";"ODV22DBEPD00067";5000;35;"StefanoVanuzzo";" ";;"N";"N";
"DBELE";"ODV22DBEPD00067";6000;35;"StefanoVanuzzo";" ";;"N";"N";
"DBELE";"ODV22DBEPD00067";7000;35;"StefanoVanuzzo";" ";;"N";"N";
"DBELE";"ODV22DBEPD00067";8000;35;"StefanoVanuzzo";" ";;"N";"N";
"DBELE";"ODV22DBEPD00067";9000;50;"StefanoVanuzzo";" ";;"N";"N";
"DBELE";"ODV22DBEPD00068";1000;50;"StefanoVanuzzo";" ";;"N";"N";
"DBELE";"ODV22DBEPD00069";1000;35;"StefanoVanuzzo";" ";;"N";"N";
"DBELE";"ODV22DBEPD00069";2000;35;"StefanoVanuzzo";" ";;"N";"N";
"DBELE";"ODV22DBEPD00069";3000;35;"StefanoVanuzzo";" ";;"N";"N";
"DBELE";"ODV22DBEPD00069";4000;35;"StefanoVanuzzo";" ";;"N";"N";
"DBELE";"ODV22DBEPD00069";5000;35;"StefanoVanuzzo";" ";;"N";"N";
"DBELE";"ODV22DBEPD00069";6000;35;"StefanoVanuzzo";" ";;"N";"N";
"DBELE";"ODV22DBEPD00070";250;10;;" ";;"N";"N";
"DBELE";"ODV22DBEPD00070";500;10;;" ";;"N";"N";
"DBELE";"ODV22DBEPD00070";750;10;;" ";;"N";"N";
"DBELE";"ODV22DBEPD00070";1000;20;"LorenzoTasca";" ";;"N";"N";
"DBELE";"ODV22DBEPD00070";2000;20;"LorenzoTasca";" ";;"N";"N";
"DBELE";"ODV22DBEPD00070";3000;20;"LorenzoTasca";" ";;"N";"N";
"DBELE";"ODV22DBEPD00070";4000;20;"LorenzoTasca";" ";;"N";"N";
"DBELE";"ODV22DBEPD00070";5000;20;"LorenzoTasca";" ";;"N";"N";
"DBELE";"ODV22DBEPD00070";6000;20;"LorenzoTasca";" ";;"N";"N";
"DBELE";"ODV22DBEPD00071";1000;20;"LorenzoTasca";" ";;"N";"N";
"DBELE";"ODV22DBEPD00071";2000;50;"StefanoVanuzzo";" ";;"N";"N";
"DBELE";"ODV22DBEPD00072";1000;50;"StefanoVanuzzo";" ";;"N";"N";
"DBELE";"ODV22DBEPD00073";1000;50;"StefanoVanuzzo";" ";;"N";"N";
"DBELE";"ODV22DBEPD00073";2000;50;"StefanoVanuzzo";" ";;"N";"N";
"DBELE";"ODV22DBEPD00074";1000;50;"StefanoVanuzzo";" ";;"N";"N";
"DBELE";"ODV22DBEPD00075";1000;35;"FedericaFavero";" ";;"N";"N";
"DBELE";"ODV22DBEPD00076";1000;35;"FedericaFavero";" ";;"N";"N";
"DBELE";"ODV22DBEPD00077";1000;20;"LorenzoTasca";" ";;"N";"N";
"DBELE";"ODV22DBEPD00077";2000;45;"EnricoCiscato";" ";;"N";"N";
"DBELE";"ODV22DBEPD00077";3000;50;"StefanoVanuzzo";" ";;"N";"N";
"DBELE";"ODV22DBEPD00078";1000;50;"StefanoVanuzzo";" ";;"N";"N";
"DBELE";"ODV22DBEPD00078";2000;20;"LorenzoTasca";" ";;"N";"N";
"DBELE";"ODV22DBEPD00078";3000;50;"StefanoVanuzzo";" ";;"N";"N";
"DBELE";"ODV22DBEPD00079";1000;50;"StefanoVanuzzo";" ";;"N";"N";
"DBELE";"ODV22DBEPD00080";1000;50;"StefanoVanuzzo";" ";;"N";"N";
"DBELE";"ODV22DBEPD00080";2000;50;"StefanoVanuzzo";" ";;"N";"N";
"DBELE";"ODV22DBEPD00080";3000;50;"StefanoVanuzzo";" ";;"N";"N";
"DBELE";"ODV22DBEPD00080";4000;50;"StefanoVanuzzo";" ";;"N";"N";
"DBELE";"ODV22DBEPD00081";2000;50;"StefanoVanuzzo";" ";;"N";"N";
"DBELE";"ODV22DBEPD00082";1000;35;"StefanoVanuzzo";" ";;"N";"N";
"DBELE";"ODV22DBEPD00082";2000;35;"StefanoVanuzzo";" ";;"N";"N";
"DBELE";"ODV22DBEPD00082";3000;35;"StefanoVanuzzo";" ";;"N";"N";
"DBELE";"ODV22DBEPD00082";4000;35;"StefanoVanuzzo";" ";;"N";"N";
"DBELE";"ODV22DBEPD00083";1000;20;"LorenzoTasca";" ";;"N";"N";
"DBELE";"ODV22DBEPD00083";2000;50;"StefanoVanuzzo";" ";;"N";"N";
"DBELE";"ODV22DBEPD00085";1000;10;;" ";;"N";"N";
"DBELE";"ODV22DBEPD00085";1500;50;"StefanoVanuzzo";" ";;"N";"N";
"DBELE";"ODV22DBEPD00085";2000;27;"StefanoVanuzzo";" ";;"N";"N";
"DBELE";"ODV22DBEPD00085";3000;27;"StefanoVanuzzo";" ";;"N";"N";
"DBELE";"ODV22DBEPD00086";1000;50;"StefanoVanuzzo";" ";"per PFG NEXT 30000/6X/DDS 
sn 44021000";"S";"N";
"DBELE";"ODV22DBEPD00087";1000;50;"StefanoVanuzzo";" ";"per KFG 6k";"S";"N";
"DBELE";"ODV22DBEPD00087";2000;50;"StefanoVanuzzo";" ";"per KFG 6k";"S";"N";
"DBELE";"ODV22DBEPD00088";1000;27;"StefanoVanuzzo";" ";;"N";"N";
"DBELE";"ODV22DBEPD00088";2000;27;"StefanoVanuzzo";" ";;"N";"N";
"DBELE";"ODV22DBEPD00088";3000;27;"StefanoVanuzzo";" ";;"N";"N";
"DBELE";"ODV22DBEPD00088";4000;27;"StefanoVanuzzo";" ";;"N";"N";
"DBELE";"ODV22DBEPD00089";1000;27;"StefanoVanuzzo";" ";;"N";"N";
"DBELE";"ODV22DBEPD00089";2000;50;"StefanoVanuzzo";" ";;"N";"N";
"DBELE";"ODV22DBEPD00089";3000;50;"StefanoVanuzzo";" ";;"N";"N";
"DBELE";"ODV22DBEPD00090";1000;20;"LorenzoTasca";" ";;"N";"N";
"DBELE";"ODV22DBEPD00090";2000;20;"LorenzoTasca";" ";;"N";"N";
"DBELE";"ODV22DBEPD00090";3000;20;"LorenzoTasca";" ";;"N";"N";
"DBELE";"ODV22DBEPD00090";4000;20;"LorenzoTasca";" ";;"N";"N";
"DBELE";"ODV22DBEPD00090";5000;50;"StefanoVanuzzo";" ";;"N";"N";
"DBELE";"ODV22DBEPD00090";7000;50;"StefanoVanuzzo";" ";;"N";"N";
"DBELE";"ODV22DBEPD00091";1000;50;"StefanoVanuzzo";" ";;"N";"N";
"DBELE";"ODV22DBEPD00092";1000;50;"StefanoVanuzzo";" ";"per Mozart 300 sn 12712000";"S";"N";
"DBELE";"ODV22DBEPD00092";2000;50;"StefanoVanuzzo";" ";"per Mozart 300 sn 12712000";"S";"N";
"DBELE";"ODV22DBEPD00092";3000;50;"StefanoVanuzzo";" ";"per Mozart 300 sn 12712000";"S";"N";
"DBELE";"ODV22DBEPD00092";4000;50;"StefanoVanuzzo";" ";"uno è per Mozart 300 sn 12712000 e l'altro è per KFG 300 sn 36316012";"S";"N";
"DBELE";"ODV22DBEPD00092";5000;50;"StefanoVanuzzo";" ";"per KFG 300 sn 36316012";"S";"N";
"DBELE";"ODV22DBEPD00092";6000;50;"StefanoVanuzzo";" ";"per Mozart 300 sn 12712000";"S";"N";
"DBELE";"ODV22DBEPD00092";7000;50;"StefanoVanuzzo";" ";"per Mozart 300 sn 12712000";"S";"N";
"DBELE";"ODV22DBEPD00092";8000;50;"StefanoVanuzzo";" ";"per Mozart 300 sn 12712000";"S";"N";
"DBELE";"ODV22DBEPD00092";9000;50;"StefanoVanuzzo";" ";"per Mozart 300 sn 12712000";"S";"N";
"DBELE";"ODV22DBEPD00092";10000;50;"StefanoVanuzzo";" ";"per Mozart 300 sn 02712000";"S";"N";
"DBELE";"ODV22DBEPD00092";11000;50;"StefanoVanuzzo";" ";"per KFG 500 sn 90416031";"S";"N";
"DBELE";"ODV22DBEPD00093";1000;20;"LorenzoTasca";" ";;"N";"N";
"DBELE";"ODV22DBEPD00093";2000;20;"LorenzoTasca";" ";;"N";"N";
"DBELE";"ODV22DBEPD00094";1000;50;"StefanoVanuzzo";" ";;"N";"N";
"DBELE";"ODV22DBEPD00094";2000;20;"LorenzoTasca";" ";;"N";"N";
"DBELE";"ODV22DBEPD00094";3000;20;"LorenzoTasca";" ";;"N";"N";
"DBELE";"ODV22DBEPD00095";1000;10;;" ";"per Mozart 1000";"S";"N";
"DBELE";"ODV22DBEPD00095";2000;50;"StefanoVanuzzo";" ";;"N";"N";
"DBELE";"ODV22DBEPD00096";1000;27;"StefanoVanuzzo";" ";"per KFG 6k";"S";"N";
"DBELE";"ODV22DBEPD00097";1000;50;"StefanoVanuzzo";" ";"per Mozart 1000 sn 97713000 - 08713000 - 18713000";"S";"N";
"DBELE";"ODV22DBEPD00097";2000;50;"StefanoVanuzzo";" ";;"N";"N";
"DBELE";"ODV22DBEPD00098";1000;50;"StefanoVanuzzo";" ";;"N";"N";
"DBELE";"ODV22DBEPD00098";2000;50;"StefanoVanuzzo";" ";;"N";"N";
"DBELE";"ODV22DBEPD00099";1000;50;"StefanoVanuzzo";" ";;"N";"N";
"DBELE";"ODV22DBEPD00100";1000;50;"StefanoVanuzzo";" ";;"N";"N";
"DBELE";"ODV22DBEPD00100";2000;50;"StefanoVanuzzo";" ";;"N";"N";
"DBELE";"ODV22DBEPD00100";3000;50;"StefanoVanuzzo";" ";;"N";"N";
"DBELE";"ODV22DBEPD00100";4000;50;"StefanoVanuzzo";" ";;"N";"N";
"DBELE";"ODV22DBEPD00101";1000;27;"StefanoVanuzzo";" ";;"N";"N";
"DBELE";"ODV22DBEPD00101";2000;27;"StefanoVanuzzo";" ";;"N";"N";
"DBELE";"ODV22DBEPD00102";1000;50;"StefanoVanuzzo";" ";;"N";"N";
"DBELE";"ODV22DBEPD00102";2000;50;"StefanoVanuzzo";" ";;"N";"N";
"DBELE";"ODV22DBEPD00103";1000;27;"StefanoVanuzzo";" ";;"N";"N";
"DBELE";"ODV22DBEPD00104";1000;27;"StefanoVanuzzo";" ";;"N";"N";
"DBELE";"ODV22DBEPD00106";1000;45;"EnricoCiscato";" ";;"N";"N";
"DBELE";"ODV22DBEPD00107";1000;45;"EnricoCiscato";" ";;"N";"N";
"DBELE";"ODV22DBEPD00107";2000;27;"StefanoVanuzzo";" ";;"N";"N";
"DBELE";"ODV22DBEPD00107";3000;27;"StefanoVanuzzo";" ";;"N";"N";
"DBELE";"ODV22DBEPD00107";4000;45;"EnricoCiscato";" ";;"N";"N";
"DBELE";"ODV22DBEPD00108";1000;50;"StefanoVanuzzo";" ";;"N";"N";
"DBELE";"ODV22DBEPD00108";2000;50;"StefanoVanuzzo";" ";;"N";"N";
"DBELE";"ODV22DBEPD00113";1000;50;"StefanoVanuzzo";" ";;"N";"N";
"DBELE";"ODV22DBEPD00113";2000;50;"StefanoVanuzzo";" ";;"N";"N";
"DBELE";"ODV22DBEPD00114";1000;50;"StefanoVanuzzo";" ";;"N";"N";
"DBELE";"ODV22DBEPD00114";2000;50;"StefanoVanuzzo";" ";;"N";"N";
"DBELE";"ODV22DBEPD00114";3000;50;"StefanoVanuzzo";" ";;"N";"N";
"DBELE";"ODV22DBEPD00115";1000;20;"LorenzoTasca";" ";;"N";"N";
"DBELE";"ODV22DBEPD00115";2000;27;"StefanoVanuzzo";" ";;"N";"N";
"DBELE";"ODV22DBEPD00115";3000;27;"StefanoVanuzzo";" ";;"N";"N";
"DBELE";"ODV22DBEPD00115";4000;27;"StefanoVanuzzo";" ";;"N";"N";
"DBELE";"ODV22DBEPD00116";1000;50;"StefanoVanuzzo";" ";;"N";"N";
"DBELE";"ODV22DBEPD00117";1000;20;"LorenzoTasca";" ";;"N";"N";
"DBELE";"ODV22DBEPD00117";2000;20;"LorenzoTasca";" ";;"N";"N";
"DBELE";"ODV22DBEPD00117";3000;20;"LorenzoTasca";" ";;"N";"N";
"DBELE";"ODV22DBEPD00118";1000;50;"StefanoVanuzzo";" ";;"N";"N";
"DBELE";"ODV22DBEPD00119";1000;50;"StefanoVanuzzo";" ";;"N";"N";
"DBELE";"ODV22DBEPD00120";1000;50;"StefanoVanuzzo";" ";;"N";"N";
"DBELE";"ODV22DBEPD00123";1000;50;"StefanoVanuzzo";" ";"Mozart 50 con sn 58411070";"S";"N";
"DBELE";"ODV22DBEPD00124";1000;50;"StefanoVanuzzo";" ";;"N";"N";
"DBELE";"ODV22DBEPD00125";1000;50;"StefanoVanuzzo";" ";"per Mozart 3000";"S";"N";
"DBELE";"ODV22DBEPD00126";1000;50;"StefanoVanuzzo";" ";;"N";"N";
"DBELE";"ODV22DBEPD00126";2000;50;"StefanoVanuzzo";" ";;"N";"N";
"DBELE";"ODV22DBEPD00127";1000;50;"StefanoVanuzzo";" ";;"N";"N";
"DBELE";"ODV22DBEPD00127";2000;50;"StefanoVanuzzo";" ";;"N";"N";
"DBELE";"ODV22DBEPD00127";3000;50;"StefanoVanuzzo";" ";;"N";"N";
"DBELE";"ODV22DBEPD00127";4000;50;"StefanoVanuzzo";" ";;"N";"N";
"DBELE";"ODV22DBEPD00128";1000;50;"StefanoVanuzzo";" ";;"N";"N";
"DBELE";"ODV22DBEPD00129";1000;50;"StefanoVanuzzo";" ";;"N";"N";
"DBELE";"ODV22DBEPD00129";2000;50;"StefanoVanuzzo";" ";;"N";"N";
"DBELE";"ODV22DBEPD00129";3000;27;"StefanoVanuzzo";" ";;"N";"N";
"DBELE";"ODV22DBEPD00129";4000;27;"StefanoVanuzzo";" ";;"N";"N";
"DBELE";"ODV22DBEPD00130";1000;50;"StefanoVanuzzo";" ";;"N";"N";
"DBELE";"ODV22DBEPD00130";2000;35;"FedericaFavero";" ";;"N";"N";
"DBELE";"ODV22DBEPD00130";3000;27;"StefanoVanuzzo";" ";;"N";"N";
"DBELE";"ODV22DBEPD00130";4000;27;"StefanoVanuzzo";" ";;"N";"N";
"DBELE";"ODV22DBEPD00130";5000;27;"StefanoVanuzzo";" ";;"N";"N";
"DBELE";"ODV22DBEPD00130";6000;50;"StefanoVanuzzo";" ";;"N";"N";
"DBELE";"ODV22DBEPD00130";7000;50;"StefanoVanuzzo";" ";;"N";"N";
"DBELE";"ODV22DBEPD00130";8000;35;"FedericaFavero";" ";;"N";"N";
"DBELE";"ODV22DBEPD00130";9000;35;"FedericaFavero";" ";;"N";"N";
"DBELE";"ODV22DBEPD00130";10000;35;"FedericaFavero";" ";;"N";"N";
"DBELE";"ODV22DBEPD00130";11000;35;"FedericaFavero";" ";;"N";"N";
"DBELE";"ODV22DBEPD00130";12000;35;"FedericaFavero";" ";;"N";"N";
"DBELE";"ODV22DBEPD00131";1000;50;"StefanoVanuzzo";" ";;"N";"N";
"DBELE";"ODV22DBEPD00131";2000;50;"StefanoVanuzzo";" ";;"N";"N";
"DBELE";"ODV22DBEPD00131";3000;50;"StefanoVanuzzo";" ";;"N";"N";
"DBELE";"ODV22DBEPD00131";4000;50;"StefanoVanuzzo";" ";;"N";"N";
"DBELE";"ODV22DBEPD00132";1000;50;"StefanoVanuzzo";" ";;"N";"N";
"DBELE";"ODV22DBEPD00133";1000;50;"StefanoVanuzzo";" ";;"N";"N";
"DBELE";"ODV22DBEPD00133";2000;50;"StefanoVanuzzo";" ";;"N";"N";
"DBELE";"ODV22DBEPD00134";1000;20;"LorenzoTasca";" ";;"N";"N";
"DBELE";"ODV22DBEPD00134";2000;50;"StefanoVanuzzo";" ";;"N";"N";
"DBELE";"ODV22DBEPD00134";3000;50;"StefanoVanuzzo";" ";;"N";"N";
"DBELE";"ODV22DBEPD00134";4000;50;"StefanoVanuzzo";" ";;"N";"N";
"DBELE";"ODV22DBEPD00134";5000;50;"StefanoVanuzzo";" ";;"N";"N";
"DBELE";"ODV22DBEPD00134";6000;50;"StefanoVanuzzo";" ";;"N";"N";
"DBELE";"ODV22DBEPD00134";7000;20;"LorenzoTasca";" ";;"N";"N";
"DBELE";"ODV22DBEPD00134";8000;50;"StefanoVanuzzo";" ";;"N";"N";
"DBELE";"ODV22DBEPD00135";1000;35;"FedericaFavero";" ";;"N";"N";
"DBELE";"ODV22DBEPD00135";2000;35;"FedericaFavero";" ";;"N";"N";
"DBELE";"ODV22DBEPD00136";1000;27;"StefanoVanuzzo";" ";;"N";"N";
"DBELE";"ODV22DBEPD00136";2000;27;"StefanoVanuzzo";" ";;"N";"N";
"DBELE";"ODV22DBEPD00136";3000;27;"StefanoVanuzzo";" ";;"N";"N";
"DBELE";"ODV22DBEPD00136";4000;27;"StefanoVanuzzo";" ";;"N";"N";
"DBELE";"ODV22DBEPD00136";5000;50;"StefanoVanuzzo";" ";;"N";"N";
"DBELE";"ODV22DBEPD00136";6000;27;"StefanoVanuzzo";" ";;"N";"N";
"DBELE";"ODV22DBEPD00137";1000;35;"FedericaFavero";" ";;"N";"N";
"DBELE";"ODV22DBEPD00138";1000;50;"StefanoVanuzzo";" ";;"N";"N";
"DBELE";"ODV22DBEPD00140";1000;50;"StefanoVanuzzo";" ";;"N";"N";
"DBELE";"ODV22DBEPD00141";1000;20;"LorenzoTasca";" ";;"N";"N";
"DBELE";"ODV22DBEPD00141";2000;20;"LorenzoTasca";" ";;"N";"N";
"DBELE";"ODV22DBEPD00142";1000;50;"StefanoVanuzzo";" ";;"N";"N";
"DBELE";"ODV22DBEPD00142";2000;27;"StefanoVanuzzo";" ";;"N";"N";
"DBELE";"ODV22DBEPD00142";3000;27;"StefanoVanuzzo";" ";;"N";"N";
"DBELE";"ODV22DBEPD00142";4000;27;"StefanoVanuzzo";" ";;"N";"N";
"DBELE";"ODV22DBEPD00142";5000;27;"StefanoVanuzzo";" ";;"N";"N";
"DBELE";"ODV22DBEPD00142";6000;27;"StefanoVanuzzo";" ";;"N";"N";
"DBELE";"ODV22DBEPD00142";7000;27;"StefanoVanuzzo";" ";;"N";"N";
"DBELE";"ODV22DBEPD00142";8000;27;"StefanoVanuzzo";" ";;"N";"N";
"DBELE";"ODV22DBEPD00142";9000;27;"StefanoVanuzzo";" ";;"N";"N";
"DBELE";"ODV22DBEPD00142";10000;27;"StefanoVanuzzo";" ";;"N";"N";
"DBELE";"ODV22DBEPD00142";11000;27;"StefanoVanuzzo";" ";;"N";"N";
"DBELE";"ODV22DBEPD00142";12000;27;"StefanoVanuzzo";" ";;"N";"N";
"DBELE";"ODV22DBEPD00142";13000;27;"StefanoVanuzzo";" ";;"N";"N";
"DBELE";"ODV22DBEPD00142";14000;27;"StefanoVanuzzo";" ";;"N";"N";
"DBELE";"ODV22DBEPD00142";15000;27;"StefanoVanuzzo";" ";;"N";"N";
"DBELE";"ODV22DBEPD00142";16000;27;"StefanoVanuzzo";" ";;"N";"N";
"DBELE";"ODV22DBEPD00142";17000;27;"StefanoVanuzzo";" ";;"N";"N";
"DBELE";"ODV22DBEPD00142";18000;27;"StefanoVanuzzo";" ";;"N";"N";
"DBELE";"ODV22DBEPD00142";19000;27;"StefanoVanuzzo";" ";;"N";"N";
"DBELE";"ODV22DBEPD00142";20000;27;"StefanoVanuzzo";" ";;"N";"N";
"DBELE";"ODV22DBEPD00142";21000;27;"StefanoVanuzzo";" ";;"N";"N";
"DBELE";"ODV22DBEPD00142";22000;27;"StefanoVanuzzo";" ";;"N";"N";
"DBELE";"ODV22DBEPD00142";23000;27;"StefanoVanuzzo";" ";;"N";"N";
"DBELE";"ODV22DBEPD00142";24000;27;"StefanoVanuzzo";" ";;"N";"N";
"DBELE";"ODV22DBEPD00142";25000;27;"StefanoVanuzzo";" ";;"N";"N";
"DBELE";"ODV22DBEPD00142";26000;27;"StefanoVanuzzo";" ";;"N";"N";
"DBELE";"ODV22DBEPD00142";27000;27;"StefanoVanuzzo";" ";;"N";"N";
"DBELE";"ODV22DBEPD00142";28000;27;"StefanoVanuzzo";" ";;"N";"N";
"DBELE";"ODV22DBEPD00142";29000;27;"StefanoVanuzzo";" ";;"N";"N";
"DBELE";"ODV22DBEPD00142";30000;27;"StefanoVanuzzo";" ";;"N";"N";
"DBELE";"ODV22DBEPD00142";31000;27;"StefanoVanuzzo";" ";;"N";"N";
"DBELE";"ODV22DBEPD00142";32000;27;"StefanoVanuzzo";" ";;"N";"N";
"DBELE";"ODV22DBEPD00142";33000;27;"StefanoVanuzzo";" ";;"N";"N";
"DBELE";"ODV22DBEPD00142";34000;50;"StefanoVanuzzo";" ";;"N";"N";
"DBELE";"ODV22DBEPD00142";35000;50;"StefanoVanuzzo";" ";;"N";"N";
"DBELE";"ODV22DBEPD00142";36000;50;"StefanoVanuzzo";" ";;"N";"N";
"DBELE";"ODV22DBEPD00142";37000;27;"StefanoVanuzzo";" ";;"N";"N";
"DBELE";"ODV22DBEPD00143";1000;20;"LorenzoTasca";" ";;"N";"N";
"DBELE";"ODV22DBEPD00143";2000;20;"LorenzoTasca";" ";;"N";"N";
"DBELE";"ODV22DBEPD00143";3000;20;"LorenzoTasca";" ";;"N";"N";
"DBELE";"ODV22DBEPD00143";4000;27;"StefanoVanuzzo";" ";;"N";"N";
"DBELE";"ODV22DBEPD00143";5000;27;"StefanoVanuzzo";" ";;"N";"N";
"DBELE";"ODV22DBEPD00143";6000;20;"LorenzoTasca";" ";;"N";"N";
"DBELE";"ODV22DBEPD00143";7000;20;"LorenzoTasca";" ";;"N";"N";
"DBELE";"ODV22DBEPD00143";8000;20;"LorenzoTasca";" ";;"N";"N";
"DBELE";"ODV22DBEPD00143";9000;27;"StefanoVanuzzo";" ";;"N";"N";
"DBELE";"ODV22DBEPD00143";10000;27;"StefanoVanuzzo";" ";;"N";"N";
"DBELE";"ODV22DBEPD00143";11000;20;"LorenzoTasca";" ";;"N";"N";
"DBELE";"ODV22DBEPD00143";12000;20;"LorenzoTasca";" ";;"N";"N";
"DBELE";"ODV22DBEPD00143";13000;20;"LorenzoTasca";" ";;"N";"N";
"DBELE";"ODV22DBEPD00143";14000;27;"StefanoVanuzzo";" ";;"N";"N";
"DBELE";"ODV22DBEPD00143";15000;27;"StefanoVanuzzo";" ";;"N";"N";
"DBELE";"ODV22DBEPD00143";15500;50;;" ";;"N";"N";
"DBELE";"ODV22DBEPD00143";16000;20;"LorenzoTasca";" ";;"N";"N";
"DBELE";"ODV22DBEPD00143";16500;50;;" ";;"N";"N";
"DBELE";"ODV22DBEPD00143";17000;20;"LorenzoTasca";" ";;"N";"N";
"DBELE";"ODV22DBEPD00143";18000;20;"LorenzoTasca";" ";;"N";"N";
"DBELE";"ODV22DBEPD00143";19000;27;"StefanoVanuzzo";" ";;"N";"N";
"DBELE";"ODV22DBEPD00143";20000;27;"StefanoVanuzzo";" ";;"N";"N";
"DBELE";"ODV22DBEPD00143";21000;20;"LorenzoTasca";" ";;"N";"N";
"DBELE";"ODV22DBEPD00144";1000;20;"LorenzoTasca";" ";;"N";"N";
"DBELE";"ODV22DBEPD00144";2000;20;"LorenzoTasca";" ";;"N";"N";
"DBELE";"ODV22DBEPD00144";3000;20;"LorenzoTasca";" ";;"N";"N";
"DBELE";"ODV22DBEPD00144";4000;27;"StefanoVanuzzo";" ";;"N";"N";
"DBELE";"ODV22DBEPD00144";5000;27;"StefanoVanuzzo";" ";;"N";"N";
"DBELE";"ODV22DBEPD00144";6000;20;"LorenzoTasca";" ";;"N";"N";
"DBELE";"ODV22DBEPD00144";7000;20;"LorenzoTasca";" ";;"N";"N";
"DBELE";"ODV22DBEPD00144";8000;20;"LorenzoTasca";" ";;"N";"N";
"DBELE";"ODV22DBEPD00144";9000;27;"StefanoVanuzzo";" ";;"N";"N";
"DBELE";"ODV22DBEPD00144";10000;27;"StefanoVanuzzo";" ";;"N";"N";
"DBELE";"ODV22DBEPD00144";11000;27;"StefanoVanuzzo";" ";;"N";"N";
"DBELE";"ODV22DBEPD00144";12000;27;"StefanoVanuzzo";" ";;"N";"N";
"DBELE";"ODV22DBEPD00144";13000;20;"LorenzoTasca";" ";;"N";"N";
"DBELE";"ODV22DBEPD00144";14000;27;"StefanoVanuzzo";" ";;"N";"N";
"DBELE";"ODV22DBEPD00144";15000;27;"StefanoVanuzzo";" ";;"N";"N";
"DBELE";"ODV22DBEPD00145";1000;50;"StefanoVanuzzo";" ";;"N";"N";
"DBELE";"ODV22DBEPD00147";1000;50;"StefanoVanuzzo";" ";;"N";"N";
"DBELE";"ODV22DBEPD00148";1000;35;"FedericaFavero";" ";;"N";"N";
"DBELE";"ODV22DBEPD00148";2000;35;"FedericaFavero";" ";;"N";"N";
"DBELE";"ODV22DBEPD00148";3000;35;"FedericaFavero";" ";;"N";"N";
"DBELE";"ODV22DBEPD00148";4000;35;"FedericaFavero";" ";;"N";"N";
"DBELE";"ODV22DBEPD00148";5000;27;"StefanoVanuzzo";" ";;"N";"N";
"DBELE";"ODV22DBEPD00148";6000;27;"StefanoVanuzzo";" ";;"N";"N";
"DBELE";"ODV22DBEPD00149";1000;50;"StefanoVanuzzo";" ";;"N";"N";
"DBELE";"ODV22DBEPD00149";2000;45;"EnricoCiscato";" ";;"N";"N";
"DBELE";"ODV22DBEPD00149";3000;45;"EnricoCiscato";" ";;"N";"N";
"DBELE";"ODV22DBEPD00149";4000;45;"EnricoCiscato";" ";;"N";"N";
"DBELE";"ODV22DBEPD00149";5000;27;"StefanoVanuzzo";" ";;"N";"N";
"DBELE";"ODV22DBEPD00149";6000;27;"StefanoVanuzzo";" ";;"N";"N";
"DBELE";"ODV22DBEPD00149";7000;27;"StefanoVanuzzo";" ";;"N";"N";
"DBELE";"ODV22DBEPD00149";8000;27;"StefanoVanuzzo";" ";;"N";"N";
"DBELE";"ODV22DBEPD00150";1000;35;"FedericaFavero";" ";;"N";"N";
"DBELE";"ODV22DBEPD00150";2000;35;"FedericaFavero";" ";;"N";"N";
"DBELE";"ODV22DBEPD00150";3000;35;"FedericaFavero";" ";;"N";"N";
"DBELE";"ODV22DBEPD00151";1000;20;"LorenzoTasca";" ";;"N";"N";
"DBELE";"ODV22DBEPD00151";2000;20;"carlosdasilva";" ";;"N";"N";
"DBELE";"ODV22DBEPD00152";1000;35;"FedericaFavero";" ";;"N";"N";
"DBELE";"ODV22DBEPD00153";1000;50;"StefanoVanuzzo";" ";;"N";"N";
"DBELE";"ODV22DBEPD00154";1000;35;"FedericaFavero";" ";;"N";"N";
"DBELE";"ODV22DBEPD00154";2000;35;"FedericaFavero";" ";;"N";"N";
"DBELE";"ODV22DBEPD00154";3000;35;"FedericaFavero";" ";;"N";"N";
"DBELE";"ODV22DBEPD00155";1000;27;"StefanoVanuzzo";" ";;"N";"N";
"DBELE";"ODV22DBEPD00155";2000;27;"StefanoVanuzzo";" ";;"N";"N";
"DBELE";"ODV22DBEPD00155";3000;27;"StefanoVanuzzo";" ";;"N";"N";
"DBELE";"ODV22DBEPD00155";4000;27;"StefanoVanuzzo";" ";;"N";"N";
"DBELE";"ODV22DBEPD00155";5000;27;"StefanoVanuzzo";" ";;"N";"N";
"DBELE";"ODV22DBEPD00155";6000;27;"StefanoVanuzzo";" ";;"N";"N";
"DBELE";"ODV22DBEPD00155";7000;27;"StefanoVanuzzo";" ";;"N";"N";
"DBELE";"ODV22DBEPD00155";8000;27;"StefanoVanuzzo";" ";;"N";"N";
"DBELE";"ODV22DBEPD00155";9000;27;"StefanoVanuzzo";" ";;"N";"N";
"DBELE";"ODV22DBEPD00156";1000;50;"StefanoVanuzzo";" ";;"N";"N";
"DBELE";"ODV22DBEPD00157";1000;45;"EnricoCiscato";" ";;"N";"N";
"DBELE";"ODV22DBEPD00157";2000;45;"EnricoCiscato";" ";;"N";"N";
"DBELE";"ODV22DBEPD00157";3000;50;"StefanoVanuzzo";" ";;"N";"N";
"DBELE";"ODV22DBEPD00157";4000;50;"StefanoVanuzzo";" ";;"N";"N";
"DBELE";"ODV22DBEPD00158";1000;50;"StefanoVanuzzo";" ";;"N";"N";
"DBELE";"ODV22DBEPD00158";2000;50;"StefanoVanuzzo";" ";;"N";"N";
"DBELE";"ODV22DBEPD00158";3000;50;"StefanoVanuzzo";" ";;"N";"N";
"DBELE";"ODV22DBEPD00158";4000;50;"StefanoVanuzzo";" ";;"N";"N";
"DBELE";"ODV22DBEPD00159";1000;50;"StefanoVanuzzo";" ";;"N";"N";
"DBELE";"ODV22DBEPD00159";2000;50;"StefanoVanuzzo";" ";;"N";"N";
"DBELE";"ODV22DBEPD00160";1000;50;"StefanoVanuzzo";" ";;"N";"N";
"DBELE";"ODV22DBEPD00160";2000;50;"StefanoVanuzzo";" ";;"N";"N";
"DBELE";"ODV22DBEPD00160";3000;50;"StefanoVanuzzo";" ";;"N";"N";
"DBELE";"ODV22DBEPD00160";4000;50;"StefanoVanuzzo";" ";;"N";"N";
"DBELE";"ODV22DBEPD00160";5000;50;"StefanoVanuzzo";" ";;"N";"N";
"DBELE";"ODV22DBEPD00161";1000;50;"StefanoVanuzzo";" ";;"N";"N";
"DBELE";"ODV22DBEPD00161";2000;27;"StefanoVanuzzo";" ";;"N";"N";
"DBELE";"ODV22DBEPD00162";1000;50;"StefanoVanuzzo";" ";;"N";"N";
"DBELE";"ODV22DBEPD00163";1000;50;"StefanoVanuzzo";" ";;"N";"N";
"DBELE";"ODV22DBEPD00165";1000;50;"StefanoVanuzzo";" ";;"N";"N";
"DBELE";"ODV22DBEPD00165";2000;50;"StefanoVanuzzo";" ";;"N";"N";
"DBELE";"ODV22DBEPD00165";3000;50;"StefanoVanuzzo";" ";;"N";"N";
"DBELE";"ODV22DBEPD00165";4000;50;"StefanoVanuzzo";" ";;"N";"N";
"DBELE";"ODV22DBEPD00166";1000;50;"StefanoVanuzzo";" ";"per Mozart 3000
sn 21711000 / 73711000";"S";"N";
"DBELE";"ODV22DBEPD00166";2000;50;"StefanoVanuzzo";" ";"per Mozart 3000
sn 21711000 / 73711000";"S";"N";
"DBELE";"ODV22DBEPD00167";3000;50;"StefanoVanuzzo";" ";"Per Mozart NEXT 30 s/n 2124P-0017";"S";"N";
"DBELE";"ODV22DBEPD00168";1000;20;"LorenzoTasca";" ";;"N";"N";
"DBELE";"ODV22DBEPD00168";2000;50;"StefanoVanuzzo";" ";;"N";"N";
"DBELE";"ODV22DBEPD00168";3000;50;"StefanoVanuzzo";" ";;"N";"N";
"DBELE";"ODV22DBEPD00168";4000;50;"StefanoVanuzzo";" ";;"N";"N";
"DBELE";"ODV22DBEPD00169";1000;50;;" ";;"N";"N";
"DBELE";"ODV22DBEPD00169";2000;10;;" ";;"N";"N";
"DBELE";"ODV22DBEPD00169";3000;10;;" ";;"N";"N";
"DBELE";"ODV22DBEPD00169";4000;10;;" ";;"N";"N";
"DBELE";"ODV22DBEPD00169";5000;10;;" ";;"N";"N";
"DBELE";"ODV22DBEPD00169";6000;10;;" ";;"N";"N";
"DBELE";"ODV22DBEPD00169";7000;50;;" ";;"N";"N";
"DBELE";"ODV22DBEPD00169";8000;10;;" ";;"N";"N";
"DBELE";"ODV22DBEPD00169";9000;10;;" ";;"N";"N";
"DBELE";"ODV22DBEPD00169";10000;10;;" ";;"N";"N";
"DBELE";"ODV22DBEPD00169";11000;10;;" ";;"N";"N";
"DBELE";"ODV22DBEPD00169";11500;10;;" ";;"N";"N";
"DBELE";"ODV22DBEPD00169";12000;10;;" ";;"N";"N";
"DBELE";"ODV22DBEPD00169";13000;50;;" ";;"N";"N";
"DBELE";"ODV22DBEPD00169";14000;10;;" ";;"N";"N";
"DBELE";"ODV22DBEPD00169";15000;10;;" ";;"N";"N";
"DBELE";"ODV22DBEPD00169";16000;10;;" ";;"N";"N";
"DBELE";"ODV22DBEPD00169";17000;10;;" ";;"N";"N";
"DBELE";"ODV22DBEPD00169";18000;10;;" ";;"N";"N";
"DBELE";"ODV22DBEPD00169";19000;50;;" ";;"N";"N";
"DBELE";"ODV22DBEPD00169";20000;10;;" ";;"N";"N";
"DBELE";"ODV22DBEPD00169";21000;10;;" ";;"N";"N";
"DBELE";"ODV22DBEPD00169";22000;10;;" ";;"N";"N";
"DBELE";"ODV22DBEPD00169";23000;10;;" ";;"N";"N";
"DBELE";"ODV22DBEPD00169";24000;10;;" ";;"N";"N";
"DBELE";"ODV22DBEPD00169";25000;50;;" ";;"N";"N";
"DBELE";"ODV22DBEPD00169";26000;10;;" ";;"N";"N";
"DBELE";"ODV22DBEPD00169";27000;10;;" ";;"N";"N";
"DBELE";"ODV22DBEPD00169";28000;50;;" ";;"N";"N";
"DBELE";"ODV22DBEPD00169";29000;10;;" ";;"N";"N";
"DBELE";"ODV22DBEPD00169";30000;10;;" ";;"N";"N";
"DBELE";"ODV22DBEPD00169";31000;10;;" ";;"N";"N";
"DBELE";"ODV22DBEPD00169";31500;10;;" ";;"N";"N";
"DBELE";"ODV22DBEPD00169";32000;10;;" ";;"N";"N";
"DBELE";"ODV22DBEPD00169";33000;50;;" ";;"N";"N";
"DBELE";"ODV22DBEPD00169";34000;10;;" ";;"N";"N";
"DBELE";"ODV22DBEPD00169";35000;10;;" ";;"N";"N";
"DBELE";"ODV22DBEPD00169";36000;10;;" ";;"N";"N";
"DBELE";"ODV22DBEPD00169";36500;10;;" ";;"N";"N";
"DBELE";"ODV22DBEPD00169";37000;10;;" ";;"N";"N";
"DBELE";"ODV22DBEPD00170";1000;50;;" ";;"N";"N";
"DBELE";"ODV22DBEPD00170";2000;10;;" ";;"N";"N";
"DBELE";"ODV22DBEPD00170";3000;50;;" ";;"N";"N";
"DBELE";"ODV22DBEPD00170";4000;10;;" ";;"N";"N";
"DBELE";"ODV22DBEPD00170";5000;50;;" ";;"N";"N";
"DBELE";"ODV22DBEPD00170";6000;10;;" ";;"N";"N";
"DBELE";"ODV22DBEPD00170";7000;50;;" ";;"N";"N";
"DBELE";"ODV22DBEPD00170";7500;10;;" ";;"N";"N";
"DBELE";"ODV22DBEPD00170";8000;10;;" ";;"N";"N";
"DBELE";"ODV22DBEPD00170";9000;10;;" ";;"N";"N";
"DBELE";"ODV22DBEPD00170";10000;10;;" ";;"N";"N";
"DBELE";"ODV22DBEPD00170";11000;10;;" ";;"N";"N";
"DBELE";"ODV22DBEPD00170";12000;50;;" ";;"N";"N";
"DBELE";"ODV22DBEPD00170";13000;10;;" ";;"N";"N";
"DBELE";"ODV22DBEPD00170";14000;10;;" ";;"N";"N";
"DBELE";"ODV22DBEPD00170";15000;10;;" ";;"N";"N";
"DBELE";"ODV22DBEPD00170";16000;10;;" ";;"N";"N";
"DBELE";"ODV22DBEPD00170";17000;50;;" ";;"N";"N";
"DBELE";"ODV22DBEPD00170";18000;10;;" ";;"N";"N";
"DBELE";"ODV22DBEPD00170";19000;10;;" ";;"N";"N";
"DBELE";"ODV22DBEPD00170";20000;10;;" ";;"N";"N";
"DBELE";"ODV22DBEPD00170";21000;10;;" ";;"N";"N";
"DBELE";"ODV22DBEPD00171";1000;45;"EnricoCiscato";" ";;"N";"N";
"DBELE";"ODV22DBEPD00172";1000;30;"LorenzoTasca";" ";;"N";"N";
"DBELE";"ODV22DBEPD00173";1000;50;"StefanoVanuzzo";" ";;"N";"N";
"DBELE";"ODV22DBEPD00174";1000;50;"StefanoVanuzzo";" ";;"N";"N";
"DBELE";"ODV22DBEPD00175";1000;35;"FedericaFavero";" ";;"N";"N";
"DBELE";"ODV22DBEPD00175";2000;35;"FedericaFavero";" ";;"N";"N";
"DBELE";"ODV22DBEPD00175";3000;35;"FedericaFavero";" ";;"N";"N";
"DBELE";"ODV22DBEPD00176";1000;35;"FedericaFavero";" ";;"N";"N";
"DBELE";"ODV22DBEPD00176";2000;35;"FedericaFavero";" ";;"N";"N";
"DBELE";"ODV22DBEPD00176";3000;35;"FedericaFavero";" ";;"N";"N";
"DBELE";"ODV22DBEPD00177";1000;20;"LorenzoTasca";" ";;"N";"N";
"DBELE";"ODV22DBEPD00178";1000;10;;" ";;"N";"N";
"DBELE";"ODV22DBEPD00179";1000;50;"StefanoVanuzzo";" ";;"N";"N";
"DBELE";"ODV22DBEPD00179";2000;50;"StefanoVanuzzo";" ";;"N";"N";
"DBELE";"ODV22DBEPD00179";3000;50;"StefanoVanuzzo";" ";;"N";"N";
"DBELE";"ODV22DBEPD00179";4000;50;"StefanoVanuzzo";" ";;"N";"N";
"DBELE";"ODV22DBEPD00180";1000;50;"StefanoVanuzzo";" ";;"N";"N";
"DBELE";"ODV22DBEPD00180";2000;27;"StefanoVanuzzo";" ";;"N";"N";
"DBELE";"ODV22DBEPD00180";3000;40;"EnricoCiscato";" ";;"N";"N";
"DBELE";"ODV22DBEPD00181";1000;50;"StefanoVanuzzo";" ";;"N";"N";
"DBELE";"ODV22DBEPD00182";1000;50;"StefanoVanuzzo";" ";;"N";"N";
"DBELE";"ODV22DBEPD00182";2000;50;"StefanoVanuzzo";" ";;"N";"N";
"DBELE";"ODV22DBEPD00183";1000;50;"StefanoVanuzzo";" ";;"N";"N";
"DBELE";"ODV22DBEPD00184";1000;35;"FedericaFavero";" ";;"N";"N";
"DBELE";"ODV22DBEPD00184";2000;35;"StefanoVanuzzo";" ";;"N";"N";
"DBELE";"ODV22DBEPD00185";1000;35;"StefanoVanuzzo";" ";;"N";"N";
"DBELE";"ODV22DBEPD00185";2000;35;"StefanoVanuzzo";" ";;"N";"N";
"DBELE";"ODV22DBEPD00185";3000;35;"StefanoVanuzzo";" ";;"N";"N";
"DBELE";"ODV22DBEPD00185";4000;35;"StefanoVanuzzo";" ";;"N";"N";
"DBELE";"ODV22DBEPD00186";1000;50;"StefanoVanuzzo";" ";;"N";"N";
"DBELE";"ODV22DBEPD00186";2000;27;"StefanoVanuzzo";" ";;"N";"N";
"DBELE";"ODV22DBEPD00186";3000;27;"StefanoVanuzzo";" ";;"N";"N";
"DBELE";"ODV22DBEPD00186";4000;27;"StefanoVanuzzo";" ";;"N";"N";
"DBELE";"ODV22DBEPD00188";1000;50;"StefanoVanuzzo";" ";;"N";"N";
"DBELE";"ODV22DBEPD00188";2000;50;"StefanoVanuzzo";" ";;"N";"N";
"DBELE";"ODV22DBEPD00188";3000;50;"StefanoVanuzzo";" ";;"N";"N";
"DBELE";"ODV22DBEPD00188";4000;20;"LorenzoTasca";" ";;"N";"N";
"DBELE";"ODV22DBEPD00188";5000;10;;" ";;"N";"N";
"DBELE";"ODV22DBEPD00189";1000;50;"StefanoVanuzzo";" ";;"N";"N";
"DBELE";"ODV22DBEPD00189";2000;50;"StefanoVanuzzo";" ";;"N";"N";
"DBELE";"ODV22DBEPD00190";1000;50;"StefanoVanuzzo";" ";;"N";"N";
"DBELE";"ODV22DBEPD00190";2000;50;"StefanoVanuzzo";" ";;"N";"N";
"DBELE";"ODV22DBEPD00191";1000;50;"StefanoVanuzzo";" ";;"N";"N";
"DBELE";"ODV22DBEPD00192";1000;35;"FedericaFavero";" ";;"N";"N";
"DBELE";"ODV22DBEPD00193";1000;50;"StefanoVanuzzo";" ";;"N";"N";
"DBELE";"ODV22DBEPD00195";1000;20;"LorenzoTasca";" ";;"N";"N";
"DBELE";"ODV22DBEPD00195";2000;20;"LorenzoTasca";" ";;"N";"N";
"DBELE";"ODV22DBEPD00196";1000;35;"StefanoVanuzzo";" ";;"N";"N";
"DBELE";"ODV22DBEPD00197";1000;50;"StefanoVanuzzo";" ";;"N";"N";
"DBELE";"ODV22DBEPD00198";1000;20;"LorenzoTasca";" ";;"N";"N";
"DBELE";"ODV22DBEPD00198";2000;35;"FedericaFavero";" ";;"N";"N";
"DBELE";"ODV22DBEPD00199";1000;30;"LorenzoTasca";" ";;"N";"N";
"DBELE";"ODV22DBEPD00199";2000;30;"LorenzoTasca";" ";;"N";"N";
"DBELE";"ODV22DBEPD00201";1000;30;"LorenzoTasca";" ";;"N";"N";
"DBELE";"ODV22DBEPD00201";2000;10;;" ";;"N";"N";
"DBELE";"ODV22DBEPD00201";3000;30;"LorenzoTasca";" ";;"N";"N";
"DBELE";"ODV22DBEPD00203";1000;50;"StefanoVanuzzo";" ";;"N";"N";
"DBELE";"ODV22DBEPD00203";2000;27;"StefanoVanuzzo";" ";;"N";"N";
"DBELE";"ODV22DBEPD00203";3000;27;"StefanoVanuzzo";" ";;"N";"N";
"DBELE";"ODV22DBEPD00203";4000;27;"StefanoVanuzzo";" ";;"N";"N";
"DBELE";"ODV22DBEPD00204";1000;50;"StefanoVanuzzo";" ";;"N";"N";
"DBELE";"ODV22DBEPD00204";2000;27;"StefanoVanuzzo";" ";;"N";"N";
"DBELE";"ODV22DBEPD00204";3000;27;"StefanoVanuzzo";" ";;"N";"N";
"DBELE";"ODV22DBEPD00204";4000;27;"StefanoVanuzzo";" ";;"N";"N";
"DBELE";"ODV22DBEPD00204";5000;45;"EnricoCiscato";" ";;"N";"N";
"DBELE";"ODV22DBEPD00204";6000;45;"EnricoCiscato";" ";;"N";"N";
"DBELE";"ODV22DBEPD00204";7000;45;"EnricoCiscato";" ";;"N";"N";
"DBELE";"ODV22DBEPD00204";8000;45;"EnricoCiscato";" ";;"N";"N";
"DBELE";"ODV22DBEPD00205";1000;27;"StefanoVanuzzo";" ";;"N";"N";
"DBELE";"ODV22DBEPD00205";2000;45;"EnricoCiscato";" ";;"N";"N";
"DBELE";"ODV22DBEPD00206";1000;50;"StefanoVanuzzo";" ";;"N";"N";
"DBELE";"ODV22DBEPD00207";1000;27;"StefanoVanuzzo";" ";;"N";"N";
"DBELE";"ODV22DBEPD00208";1000;50;"StefanoVanuzzo";" ";;"N";"N";
"DBELE";"ODV22DBEPD00209";1000;50;"StefanoVanuzzo";" ";;"N";"N";
"DBELE";"ODV22DBEPD00210";1000;50;"StefanoVanuzzo";" ";;"N";"N";
"DBELE";"ODV22DBEPD00211";1000;50;"StefanoVanuzzo";" ";;"N";"N";
"DBELE";"ODV22DBEPD00212";1000;50;"StefanoVanuzzo";" ";;"N";"N";
"DBELE";"ODV22DBEPD00212";2000;50;"StefanoVanuzzo";" ";;"N";"N";
"DBELE";"ODV22DBEPD00212";3000;27;"StefanoVanuzzo";" ";;"N";"N";
"DBELE";"ODV22DBEPD00212";4000;27;"StefanoVanuzzo";" ";;"N";"N";
"DBELE";"ODV22DBEPD00212";5000;27;"StefanoVanuzzo";" ";;"N";"N";
"DBELE";"ODV22DBEPD00213";1000;10;;" ";;"N";"N";
"DBELE";"ODV22DBEPD00213";2000;10;;" ";;"N";"N";
"DBELE";"ODV22DBEPD00213";2500;10;;" ";;"N";"N";
"DBELE";"ODV22DBEPD00213";3000;10;;" ";;"N";"N";
"DBELE";"ODV22DBEPD00213";4000;10;;" ";;"N";"N";
"DBELE";"ODV22DBEPD00213";5000;10;;" ";;"N";"N";
"DBELE";"ODV22DBEPD00213";6000;10;;" ";;"N";"N";
"DBELE";"ODV22DBEPD00213";7000;10;;" ";;"N";"N";
"DBELE";"ODV22DBEPD00213";8000;10;;" ";;"N";"N";
"DBELE";"ODV22DBEPD00213";8500;10;;" ";;"N";"N";
"DBELE";"ODV22DBEPD00213";9000;10;;" ";;"N";"N";
"DBELE";"ODV22DBEPD00213";10000;10;;" ";;"N";"N";
"DBELE";"ODV22DBEPD00213";11000;10;;" ";;"N";"N";
"DBELE";"ODV22DBEPD00213";12000;10;;" ";;"N";"N";
"DBELE";"ODV22DBEPD00213";13000;10;;" ";;"N";"N";
"DBELE";"ODV22DBEPD00213";14000;10;;" ";;"N";"N";
"DBELE";"ODV22DBEPD00213";14500;10;;" ";;"N";"N";
"DBELE";"ODV22DBEPD00213";15000;10;;" ";;"N";"N";
"DBELE";"ODV22DBEPD00213";15500;10;;" ";;"N";"N";
"DBELE";"ODV22DBEPD00213";16000;10;;" ";;"N";"N";
"DBELE";"ODV22DBEPD00215";1000;10;;" ";;"N";"N";
"DBELE";"ODV22DBEPD00215";2000;10;;" ";;"N";"N";
"DBELE";"ODV22DBEPD00215";3000;10;;" ";;"N";"N";
"DBELE";"ODV22DBEPD00215";4000;10;;" ";;"N";"N";
"DBELE";"ODV22DBEPD00215";5000;10;;" ";;"N";"N";
"DBELE";"ODV22DBEPD00215";5500;10;;" ";;"N";"N";
"DBELE";"ODV22DBEPD00215";6000;10;;" ";;"N";"N";
"DBELE";"ODV22DBEPD00215";7000;10;;" ";;"N";"N";
"DBELE";"ODV22DBEPD00215";8000;10;;" ";;"N";"N";
"DBELE";"ODV22DBEPD00215";9000;10;;" ";;"N";"N";
"DBELE";"ODV22DBEPD00215";10000;10;;" ";;"N";"N";
"DBELE";"ODV22DBEPD00215";10500;10;;" ";;"N";"N";
"DBELE";"ODV22DBEPD00215";11000;10;;" ";;"N";"N";
"DBELE";"ODV22DBEPD00215";12000;10;;" ";;"N";"N";
"DBELE";"ODV22DBEPD00215";13000;10;;" ";;"N";"N";
"DBELE";"ODV22DBEPD00215";14000;10;;" ";;"N";"N";
"DBELE";"ODV22DBEPD00215";15000;10;;" ";;"N";"N";
"DBELE";"ODV22DBEPD00215";15500;10;;" ";;"N";"N";
"DBELE";"ODV22DBEPD00215";16000;10;;" ";;"N";"N";
"DBELE";"ODV22DBEPD00215";17000;10;;" ";;"N";"N";
"DBELE";"ODV22DBEPD00215";18000;10;;" ";;"N";"N";
"DBELE";"ODV22DBEPD00215";19000;10;;" ";;"N";"N";
"DBELE";"ODV22DBEPD00215";20000;10;;" ";;"N";"N";
"DBELE";"ODV22DBEPD00215";20500;10;;" ";;"N";"N";
"DBELE";"ODV22DBEPD00215";21000;10;;" ";;"N";"N";
"DBELE";"ODV22DBEPD00215";22000;10;;" ";;"N";"N";
"DBELE";"ODV22DBEPD00215";23000;10;;" ";;"N";"N";
"DBELE";"ODV22DBEPD00216";1000;10;;" ";;"N";"N";
"DBELE";"ODV22DBEPD00216";2000;10;;" ";;"N";"N";
"DBELE";"ODV22DBEPD00216";3000;10;;" ";;"N";"N";
"DBELE";"ODV22DBEPD00216";3500;10;;" ";;"N";"N";
"DBELE";"ODV22DBEPD00216";4000;10;;" ";;"N";"N";
"DBELE";"ODV22DBEPD00216";5000;10;;" ";;"N";"N";
"DBELE";"ODV22DBEPD00216";6000;10;;" ";;"N";"N";
"DBELE";"ODV22DBEPD00216";7000;10;;" ";;"N";"N";
"DBELE";"ODV22DBEPD00216";8000;10;;" ";;"N";"N";
"DBELE";"ODV22DBEPD00216";9000;10;;" ";;"N";"N";
"DBELE";"ODV22DBEPD00216";10000;10;;" ";;"N";"N";
"DBELE";"ODV22DBEPD00216";10500;10;;" ";;"N";"N";
"DBELE";"ODV22DBEPD00216";11000;10;;" ";;"N";"N";
"DBELE";"ODV22DBEPD00216";12000;10;;" ";;"N";"N";
"DBELE";"ODV22DBEPD00216";13000;10;;" ";;"N";"N";
"DBELE";"ODV22DBEPD00216";14000;10;;" ";;"N";"N";
"DBELE";"ODV22DBEPD00216";15000;10;;" ";;"N";"N";
"DBELE";"ODV22DBEPD00216";16000;10;;" ";;"N";"N";
"DBELE";"ODV22DBEPD00216";16500;10;;" ";;"N";"N";
"DBELE";"ODV22DBEPD00216";17000;10;;" ";;"N";"N";
"DBELE";"ODV22DBEPD00216";18000;10;;" ";;"N";"N";
"DBELE";"ODV22DBEPD00216";19000;10;;" ";;"N";"N";
"DBELE";"ODV22DBEPD00216";20000;10;;" ";;"N";"N";
"DBELE";"ODV22DBEPD00216";21000;10;;" ";;"N";"N";
"DBELE";"ODV22DBEPD00216";22000;10;;" ";;"N";"N";
"DBELE";"ODV22DBEPD00216";23000;10;;" ";;"N";"N";
"DBELE";"ODV22DBEPD00216";24000;10;;" ";;"N";"N";
"DBELE";"ODV22DBEPD00216";24500;10;;" ";;"N";"N";
"DBELE";"ODV22DBEPD00216";25000;10;;" ";;"N";"N";
"DBELE";"ODV22DBEPD00216";26000;10;;" ";;"N";"N";
"DBELE";"ODV22DBEPD00216";27000;10;;" ";;"N";"N";
"DBELE";"ODV22DBEPD00216";28000;10;;" ";;"N";"N";
"DBELE";"ODV22DBEPD00216";29000;10;;" ";;"N";"N";
"DBELE";"ODV22DBEPD00216";30000;10;;" ";;"N";"N";
"DBELE";"ODV22DBEPD00216";31000;10;;" ";;"N";"N";
"DBELE";"ODV22DBEPD00217";1000;50;"StefanoVanuzzo";" ";;"N";"N";
"DBELE";"ODV22DBEPD00218";1000;27;"StefanoVanuzzo";" ";;"N";"N";
"DBELE";"ODV22DBEPD00218";2000;27;"StefanoVanuzzo";" ";;"N";"N";
"DBELE";"ODV22DBEPD00218";3000;27;"StefanoVanuzzo";" ";;"N";"N";
"DBELE";"ODV22DBEPD00218";4000;27;"StefanoVanuzzo";" ";;"N";"N";
"DBELE";"ODV22DBEPD00218";5000;27;"StefanoVanuzzo";" ";;"N";"N";
"DBELE";"ODV22DBEPD00218";6000;27;"StefanoVanuzzo";" ";;"N";"N";
"DBELE";"ODV22DBEPD00218";7000;27;"StefanoVanuzzo";" ";;"N";"N";
"DBELE";"ODV22DBEPD00218";8000;27;"StefanoVanuzzo";" ";;"N";"N";
"DBELE";"ODV22DBEPD00218";10000;50;"StefanoVanuzzo";" ";;"N";"N";
"DBELE";"ODV22DBEPD00219";1000;10;;" ";;"N";"N";
"DBELE";"ODV22DBEPD00220";1000;27;"StefanoVanuzzo";" ";;"N";"N";
"DBELE";"ODV22DBEPD00222";1000;35;"FedericaFavero";" ";;"N";"N";
"DBELE";"ODV22DBEPD00222";2000;35;"FedericaFavero";" ";;"N";"N";
"DBELE";"ODV22DBEPD00223";1000;30;"LorenzoTasca";" ";;"N";"N";
"DBELE";"ODV22DBEPD00224";1000;35;"FedericaFavero";" ";;"N";"N";
"DBELE";"ODV22DBEPD00224";2000;35;"FedericaFavero";" ";;"N";"N";
"DBELE";"ODV22DBEPD00225";1000;50;"StefanoVanuzzo";" ";;"N";"N";
"DBELE";"ODV22DBEPD00226";1000;50;"StefanoVanuzzo";" ";;"N";"N";
"DBELE";"ODV22DBEPD00227";1000;27;"StefanoVanuzzo";" ";;"N";"N";
"DBELE";"ODV22DBEPD00228";1000;50;"StefanoVanuzzo";" ";;"N";"N";
"DBELE";"ODV22DBEPD00228";2000;50;"StefanoVanuzzo";" ";;"N";"N";
"DBELE";"ODV22DBEPD00228";2500;27;"StefanoVanuzzo";" ";;"N";"N";
"DBELE";"ODV22DBEPD00228";3000;50;"StefanoVanuzzo";" ";;"N";"N";
"DBELE";"ODV22DBEPD00228";4000;50;"StefanoVanuzzo";" ";;"N";"N";
"DBELE";"ODV22DBEPD00228";5000;50;"StefanoVanuzzo";" ";;"N";"N";
"DBELE";"ODV22DBEPD00229";1000;50;"StefanoVanuzzo";" ";;"N";"N";
"DBELE";"ODV22DBEPD00230";1000;50;"StefanoVanuzzo";" ";;"N";"N";
"DBELE";"ODV22DBEPD00231";1000;50;"StefanoVanuzzo";" ";;"N";"N";
"DBELE";"ODV22DBEPD00232";1000;50;"StefanoVanuzzo";" ";;"N";"N";
"DBELE";"ODV22DBEPD00234";1000;20;"LorenzoTasca";" ";;"N";"N";
"DBELE";"ODV22DBEPD00235";1000;50;"StefanoVanuzzo";" ";;"N";"N";
"DBELE";"ODV22DBEPD00236";1000;27;"StefanoVanuzzo";" ";;"N";"N";
"DBELE";"ODV22DBEPD00236";2000;50;"StefanoVanuzzo";" ";;"N";"N";
"DBELE";"ODV22DBEPD00237";1000;10;;" ";;"N";"N";
"DBELE";"ODV22DBEPD00237";2000;10;;" ";;"N";"N";
"DBELE";"ODV22DBEPD00237";2500;10;;" ";;"N";"N";
"DBELE";"ODV22DBEPD00237";4000;10;;" ";;"N";"N";
"DBELE";"ODV22DBEPD00237";5000;10;;" ";;"N";"N";
"DBELE";"ODV22DBEPD00237";6000;10;;" ";;"N";"N";
"DBELE";"ODV22DBEPD00238";1000;50;"StefanoVanuzzo";" ";;"N";"N";
"DBELE";"ODV22DBEPD00239";1000;35;"FedericaFavero";" ";;"N";"N";
"DBELE";"ODV22DBEPD00239";2000;35;"FedericaFavero";" ";;"N";"N";
"DBELE";"ODV22DBEPD00239";3000;35;"FedericaFavero";" ";;"N";"N";
"DBELE";"ODV22DBEPD00239";4000;35;"FedericaFavero";" ";;"N";"N";
"DBELE";"ODV22DBEPD00239";5000;35;"FedericaFavero";" ";;"N";"N";
"DBELE";"ODV22DBEPD00239";6000;35;"FedericaFavero";" ";;"N";"N";
"DBELE";"ODV22DBEPD00239";7000;35;"FedericaFavero";" ";;"N";"N";
"DBELE";"ODV22DBEPD00239";8000;35;"FedericaFavero";" ";;"N";"N";
"DBELE";"ODV22DBEPD00239";9000;35;"FedericaFavero";" ";;"N";"N";
"DBELE";"ODV22DBEPD00239";10000;35;"FedericaFavero";" ";;"N";"N";
"DBELE";"ODV22DBEPD00239";11000;35;"FedericaFavero";" ";;"N";"N";
"DBELE";"ODV22DBEPD00239";12000;35;"FedericaFavero";" ";;"N";"N";
"DBELE";"ODV22DBEPD00239";13000;35;"FedericaFavero";" ";;"N";"N";
"DBELE";"ODV22DBEPD00239";14000;35;"FedericaFavero";" ";;"N";"N";
"DBELE";"ODV22DBEPD00239";15000;35;"FedericaFavero";" ";;"N";"N";
"DBELE";"ODV22DBEPD00239";16000;35;"FedericaFavero";" ";;"N";"N";
"DBELE";"ODV22DBEPD00239";17000;35;"FedericaFavero";" ";;"N";"N";
"DBELE";"ODV22DBEPD00239";18000;35;"FedericaFavero";" ";;"N";"N";
"DBELE";"ODV22DBEPD00239";19000;35;"FedericaFavero";" ";;"N";"N";
"DBELE";"ODV22DBEPD00239";20000;35;"FedericaFavero";" ";;"N";"N";
"DBELE";"ODV22DBEPD00239";21000;35;"FedericaFavero";" ";;"N";"N";
"DBELE";"ODV22DBEPD00239";22000;35;"FedericaFavero";" ";;"N";"N";
"DBELE";"ODV22DBEPD00239";23000;35;"FedericaFavero";" ";;"N";"N";
"DBELE";"ODV22DBEPD00240";1000;50;"StefanoVanuzzo";" ";;"N";"N";
"DBELE";"ODV22DBEPD00241";1000;27;"StefanoVanuzzo";" ";;"N";"N";
"DBELE";"ODV22DBEPD00242";1000;35;"FedericaFavero";" ";;"N";"N";
"DBELE";"ODV22DBEPD00242";2000;35;"FedericaFavero";" ";;"N";"N";
"DBELE";"ODV22DBEPD00242";3000;35;"FedericaFavero";" ";;"N";"N";
"DBELE";"ODV22DBEPD00242";4000;35;"FedericaFavero";" ";;"N";"N";
"DBELE";"ODV22DBEPD00242";5000;35;"FedericaFavero";" ";;"N";"N";
"DBELE";"ODV22DBEPD00242";6000;35;"FedericaFavero";" ";;"N";"N";
"DBELE";"ODV22DBEPD00242";7000;35;"FedericaFavero";" ";;"N";"N";
"DBELE";"ODV22DBEPD00242";8000;35;"FedericaFavero";" ";;"N";"N";
"DBELE";"ODV22DBEPD00242";9000;35;"FedericaFavero";" ";;"N";"N";
"DBELE";"ODV22DBEPD00242";10000;35;"FedericaFavero";" ";;"N";"N";
"DBELE";"ODV22DBEPD00243";1000;50;"StefanoVanuzzo";" ";;"N";"N";
"DBELE";"ODV22DBEPD00243";2000;50;"StefanoVanuzzo";" ";;"N";"N";
"DBELE";"ODV22DBEPD00243";3000;50;"StefanoVanuzzo";" ";;"N";"N";
"DBELE";"ODV22DBEPD00243";4000;50;"StefanoVanuzzo";" ";;"N";"N";
"DBELE";"ODV22DBEPD00244";1000;10;;" ";;"N";"N";
"DBELE";"ODV22DBEPD00244";2000;10;;" ";;"N";"N";
"DBELE";"ODV22DBEPD00244";3000;10;;" ";;"N";"N";
"DBELE";"ODV22DBEPD00244";4000;10;;" ";;"N";"N";
"DBELE";"ODV22DBEPD00245";1000;10;;" ";;"N";"N";
"DBELE";"ODV22DBEPD00245";2000;10;;" ";;"N";"N";
"DBELE";"ODV22DBEPD00246";1000;10;;" ";;"N";"N";
"DBELE";"ODV22DBEPD00246";2000;10;;" ";;"N";"N";
"DBELE";"ODV22DBEPD00247";1000;50;"StefanoVanuzzo";" ";;"N";"N";
"DBELE";"ODV22DBEPD00247";2000;45;"EnricoCiscato";" ";;"N";"N";
"DBELE";"ODV22DBEPD00247";3000;45;"EnricoCiscato";" ";;"N";"N";
"DBELE";"ODV22DBEPD00247";4000;45;"EnricoCiscato";" ";;"N";"N";
"DBELE";"ODV22DBEPD00247";5000;45;"EnricoCiscato";" ";;"N";"N";
"DBELE";"ODV22DBEPD00247";6000;45;"EnricoCiscato";" ";;"N";"N";
"DBELE";"ODV22DBEPD00247";7000;45;"EnricoCiscato";" ";;"N";"N";
"DBELE";"ODV22DBEPD00247";8000;45;"EnricoCiscato";" ";;"N";"N";
"DBELE";"ODV22DBEPD00247";9000;50;"StefanoVanuzzo";" ";;"N";"N";
"DBELE";"ODV22DBEPD00247";10000;45;"EnricoCiscato";" ";;"N";"N";
"DBELE";"ODV22DBEPD00247";11000;45;"EnricoCiscato";" ";;"N";"N";
"DBELE";"ODV22DBEPD00247";11500;45;"EnricoCiscato";" ";;"N";"N";
"DBELE";"ODV22DBEPD00247";12000;45;"EnricoCiscato";" ";;"N";"N";
"DBELE";"ODV22DBEPD00247";13000;45;"EnricoCiscato";" ";;"N";"N";
"DBELE";"ODV22DBEPD00247";14000;45;"EnricoCiscato";" ";;"N";"N";
"DBELE";"ODV22DBEPD00247";15000;45;"EnricoCiscato";" ";;"N";"N";
"DBELE";"ODV22DBEPD00247";16000;45;"EnricoCiscato";" ";;"N";"N";
"DBELE";"ODV22DBEPD00247";17000;50;"StefanoVanuzzo";" ";;"N";"N";
"DBELE";"ODV22DBEPD00247";18000;45;"EnricoCiscato";" ";;"N";"N";
"DBELE";"ODV22DBEPD00247";19000;45;"EnricoCiscato";" ";;"N";"N";
"DBELE";"ODV22DBEPD00247";19500;45;"EnricoCiscato";" ";;"N";"N";
"DBELE";"ODV22DBEPD00247";20000;45;"EnricoCiscato";" ";;"N";"N";
"DBELE";"ODV22DBEPD00247";21000;45;"EnricoCiscato";" ";;"N";"N";
"DBELE";"ODV22DBEPD00247";22000;45;"EnricoCiscato";" ";;"N";"N";
"DBELE";"ODV22DBEPD00247";22500;45;"EnricoCiscato";" ";;"N";"N";
"DBELE";"ODV22DBEPD00247";24000;45;"EnricoCiscato";" ";;"N";"N";
"DBELE";"ODV22DBEPD00247";24500;35;"FedericaFavero";" ";;"N";"N";
"DBELE";"ODV22DBEPD00247";25000;50;"StefanoVanuzzo";" ";;"N";"N";
"DBELE";"ODV22DBEPD00247";26000;45;"EnricoCiscato";" ";;"N";"N";
"DBELE";"ODV22DBEPD00247";27000;45;"EnricoCiscato";" ";;"N";"N";
"DBELE";"ODV22DBEPD00247";28000;45;"EnricoCiscato";" ";;"N";"N";
"DBELE";"ODV22DBEPD00247";29000;45;"EnricoCiscato";" ";;"N";"N";
"DBELE";"ODV22DBEPD00247";30000;45;"EnricoCiscato";" ";;"N";"N";
"DBELE";"ODV22DBEPD00247";31000;45;"EnricoCiscato";" ";;"N";"N";
"DBELE";"ODV22DBEPD00247";32000;45;"EnricoCiscato";" ";;"N";"N";
"DBELE";"ODV22DBEPD00249";1000;35;"FedericaFavero";" ";;"N";"N";
"DBELE";"ODV22DBEPD00252";1000;50;"StefanoVanuzzo";" ";;"N";"N";
"DBELE";"ODV22DBEPD00253";1000;10;;" ";;"N";"N";
"DBELE";"ODV22DBEPD00253";2000;10;;" ";;"N";"N";
"DBELE";"ODV22DBEPD00253";3000;10;;" ";;"N";"N";
"DBELE";"ODV22DBEPD00253";4000;10;;" ";;"N";"N";
"DBELE";"ODV22DBEPD00253";5000;10;;" ";;"N";"N";
"DBELE";"ODV22DBEPD00253";6000;10;;" ";;"N";"N";
"DBELE";"ODV22DBEPD00253";7000;10;;" ";;"N";"N";
"DBELE";"ODV22DBEPD00253";8000;10;;" ";;"N";"N";
"DBELE";"ODV22DBEPD00253";9000;10;;" ";;"N";"N";
"DBELE";"ODV22DBEPD00253";10000;10;;" ";;"N";"N";
"DBELE";"ODV22DBEPD00253";11000;10;;" ";;"N";"N";
"DBELE";"ODV22DBEPD00253";12000;10;;" ";;"N";"N";
"DBELE";"ODV22DBEPD00254";1000;45;"EnricoCiscato";" ";;"N";"N";
"DBELE";"ODV22DBEPD00255";1000;50;"StefanoVanuzzo";" ";;"N";"N";
"DBELE";"ODV22DBEPD00255";2000;50;"StefanoVanuzzo";" ";;"N";"N";
"DBELE";"ODV22DBEPD00256";1000;20;"LorenzoTasca";" ";;"N";"N";
"DBELE";"ODV22DBEPD00256";2000;50;"StefanoVanuzzo";" ";;"N";"N";
"DBELE";"ODV22DBEPD00258";1000;20;"LorenzoTasca";" ";;"N";"N";
"DBELE";"ODV22DBEPD00259";1000;50;"StefanoVanuzzo";" ";;"N";"N";
"DBELE";"ODV22DBEPD00260";1000;50;"StefanoVanuzzo";" ";;"N";"N";
"DBELE";"ODV22DBEPD00261";1000;50;"StefanoVanuzzo";" ";;"N";"N";
"DBELE";"ODV22DBEPD00262";500;50;"StefanoVanuzzo";" ";;"N";"N";
"DBELE";"ODV22DBEPD00262";1000;20;"LorenzoTasca";" ";;"N";"N";
"DBELE";"ODV22DBEPD00262";2000;27;"StefanoVanuzzo";" ";;"N";"N";
"DBELE";"ODV22DBEPD00262";2500;50;"StefanoVanuzzo";" ";;"N";"N";
"DBELE";"ODV22DBEPD00262";3000;20;"LorenzoTasca";" ";;"N";"N";
"DBELE";"ODV22DBEPD00262";4000;27;"StefanoVanuzzo";" ";;"N";"N";
"DBELE";"ODV22DBEPD00263";1000;35;"FedericaFavero";" ";;"N";"N";
"DBELE";"ODV22DBEPD00263";2000;35;"FedericaFavero";" ";;"N";"N";
"DBELE";"ODV22DBEPD00263";3000;35;"FedericaFavero";" ";;"N";"N";
"DBELE";"ODV22DBEPD00263";4000;35;"FedericaFavero";" ";;"N";"N";
"DBELE";"ODV22DBEPD00263";5000;35;"FedericaFavero";" ";;"N";"N";
"DBELE";"ODV22DBEPD00263";6000;35;"FedericaFavero";" ";;"N";"N";
"DBELE";"ODV22DBEPD00263";7000;35;"FedericaFavero";" ";;"N";"N";
"DBELE";"ODV22DBEPD00263";8000;35;"FedericaFavero";" ";;"N";"N";
"DBELE";"ODV22DBEPD00263";9000;35;"FedericaFavero";" ";;"N";"N";
"DBELE";"ODV22DBEPD00263";10000;35;"FedericaFavero";" ";;"N";"N";
"DBELE";"ODV22DBEPD00263";11000;35;"FedericaFavero";" ";;"N";"N";
"DBELE";"ODV22DBEPD00264";1000;50;"StefanoVanuzzo";" ";;"N";"N";
"DBELE";"ODV22DBEPD00264";2000;50;"StefanoVanuzzo";" ";;"N";"N";
"DBELE";"ODV22DBEPD00265";1000;50;"StefanoVanuzzo";" ";;"N";"N";
"DBELE";"ODV22DBEPD00266";1000;50;"StefanoVanuzzo";" ";;"N";"N";
"DBELE";"ODV22DBEPD00267";1000;50;"StefanoVanuzzo";" ";;"N";"N";
"DBELE";"ODV22DBEPD00267";2000;50;"StefanoVanuzzo";" ";;"N";"N";
"DBELE";"ODV22DBEPD00268";1000;20;"LorenzoTasca";" ";;"N";"N";
"DBELE";"ODV22DBEPD00268";2000;20;"LorenzoTasca";" ";;"N";"N";
"DBELE";"ODV22DBEPD00268";3000;27;"StefanoVanuzzo";" ";;"N";"N";
"DBELE";"ODV22DBEPD00268";4000;27;"StefanoVanuzzo";" ";;"N";"N";
"DBELE";"ODV22DBEPD00268";4500;45;"EnricoCiscato";" ";;"N";"N";
"DBELE";"ODV22DBEPD00268";5000;27;"StefanoVanuzzo";" ";;"N";"N";
"DBELE";"ODV22DBEPD00268";6000;27;"StefanoVanuzzo";" ";;"N";"N";
"DBELE";"ODV22DBEPD00268";7000;20;"LorenzoTasca";" ";;"N";"N";
"DBELE";"ODV22DBEPD00268";8000;20;"LorenzoTasca";" ";;"N";"N";
"DBELE";"ODV22DBEPD00268";9000;27;"StefanoVanuzzo";" ";;"N";"N";
"DBELE";"ODV22DBEPD00268";10000;27;"StefanoVanuzzo";" ";;"N";"N";
"DBELE";"ODV22DBEPD00268";11000;20;"LorenzoTasca";" ";;"N";"N";
"DBELE";"ODV22DBEPD00268";12000;20;"LorenzoTasca";" ";;"N";"N";
"DBELE";"ODV22DBEPD00268";13000;27;"StefanoVanuzzo";" ";;"N";"N";
"DBELE";"ODV22DBEPD00268";14000;27;"StefanoVanuzzo";" ";;"N";"N";
"DBELE";"ODV22DBEPD00268";14500;27;"StefanoVanuzzo";" ";;"N";"N";
"DBELE";"ODV22DBEPD00268";16000;27;"StefanoVanuzzo";" ";;"N";"N";
"DBELE";"ODV22DBEPD00268";17000;20;"LorenzoTasca";" ";;"N";"N";
"DBELE";"ODV22DBEPD00268";18000;20;"LorenzoTasca";" ";;"N";"N";
"DBELE";"ODV22DBEPD00268";19000;27;"StefanoVanuzzo";" ";;"N";"N";
"DBELE";"ODV22DBEPD00268";20000;27;"StefanoVanuzzo";" ";;"N";"N";
"DBELE";"ODV22DBEPD00269";1000;50;"StefanoVanuzzo";" ";;"N";"N";
"DBELE";"ODV22DBEPD00269";2000;50;"StefanoVanuzzo";" ";;"N";"N";
"DBELE";"ODV22DBEPD00269";3000;50;"StefanoVanuzzo";" ";;"N";"N";
"DBELE";"ODV22DBEPD00270";1000;50;"StefanoVanuzzo";" ";;"N";"N";
"DBELE";"ODV22DBEPD00270";2000;27;"StefanoVanuzzo";" ";;"N";"N";
"DBELE";"ODV22DBEPD00270";4000;45;"EnricoCiscato";" ";;"N";"N";
"DBELE";"ODV22DBEPD00270";5000;50;"StefanoVanuzzo";" ";;"N";"N";
"DBELE";"ODV22DBEPD00271";1000;50;"StefanoVanuzzo";" ";;"N";"N";
"DBELE";"ODV22DBEPD00272";1000;50;"StefanoVanuzzo";" ";;"N";"N";
"DBELE";"ODV22DBEPD00273";1000;45;"EnricoCiscato";" ";;"N";"N";
"DBELE";"ODV22DBEPD00274";1000;35;"FedericaFavero";" ";;"N";"N";
"DBELE";"ODV22DBEPD00274";2000;35;"FedericaFavero";" ";;"N";"N";
"DBELE";"ODV22DBEPD00274";3000;35;"FedericaFavero";" ";;"N";"N";
"DBELE";"ODV22DBEPD00274";4000;35;"FedericaFavero";" ";;"N";"N";
"DBELE";"ODV22DBEPD00274";5000;35;"FedericaFavero";" ";;"N";"N";
"DBELE";"ODV22DBEPD00275";1000;50;"StefanoVanuzzo";" ";;"N";"N";
"DBELE";"ODV22DBEPD00275";2000;50;"StefanoVanuzzo";" ";;"N";"N";
"DBELE";"ODV22DBEPD00276";1000;20;"LorenzoTasca";" ";;"N";"N";
"DBELE";"ODV22DBEPD00276";2000;50;"StefanoVanuzzo";" ";;"N";"N";
"DBELE";"ODV22DBEPD00276";3000;50;"StefanoVanuzzo";" ";;"N";"N";
"DBELE";"ODV22DBEPD00276";4000;50;"StefanoVanuzzo";" ";;"N";"N";
"DBELE";"ODV22DBEPD00277";1000;45;"EnricoCiscato";" ";;"N";"N";
"DBELE";"ODV22DBEPD00277";2000;50;"StefanoVanuzzo";" ";;"N";"N";
"DBELE";"ODV22DBEPD00277";3000;27;"StefanoVanuzzo";" ";;"N";"N";
"DBELE";"ODV22DBEPD00277";4000;27;"StefanoVanuzzo";" ";;"N";"N";
"DBELE";"ODV22DBEPD00277";5000;27;"StefanoVanuzzo";" ";;"N";"N";
"DBELE";"ODV22DBEPD00277";6000;27;"StefanoVanuzzo";" ";;"N";"N";
"DBELE";"ODV22DBEPD00278";1000;50;"StefanoVanuzzo";" ";;"N";"N";
"DBELE";"ODV22DBEPD00279";1000;20;"LorenzoTasca";" ";;"N";"N";
"DBELE";"ODV22DBEPD00279";2000;27;"StefanoVanuzzo";" ";;"N";"N";
"DBELE";"ODV22DBEPD00279";3000;27;"StefanoVanuzzo";" ";;"N";"N";
"DBELE";"ODV22DBEPD00279";4000;50;"StefanoVanuzzo";" ";;"N";"N";
"DBELE";"ODV22DBEPD00279";5000;27;"StefanoVanuzzo";" ";;"N";"N";
"DBELE";"ODV22DBEPD00279";6000;27;"StefanoVanuzzo";" ";;"N";"N";
"DBELE";"ODV22DBEPD00279";7000;27;"StefanoVanuzzo";" ";;"N";"N";
"DBELE";"ODV22DBEPD00279";8000;27;"StefanoVanuzzo";" ";;"N";"N";
"DBELE";"ODV22DBEPD00279";8500;45;"EnricoCiscato";" ";;"N";"N";
"DBELE";"ODV22DBEPD00279";9000;27;"StefanoVanuzzo";" ";;"N";"N";
"DBELE";"ODV22DBEPD00279";10000;50;"StefanoVanuzzo";" ";;"N";"N";
"DBELE";"ODV22DBEPD00279";11000;50;"StefanoVanuzzo";" ";;"N";"N";
"DBELE";"ODV22DBEPD00280";1000;50;"StefanoVanuzzo";" ";;"N";"N";
"DBELE";"ODV22DBEPD00281";1000;50;"StefanoVanuzzo";" ";;"N";"N";
"DBELE";"ODV22DBEPD00282";1000;50;"StefanoVanuzzo";" ";;"N";"N";
"DBELE";"ODV22DBEPD00282";2000;27;"StefanoVanuzzo";" ";;"N";"N";
"DBELE";"ODV22DBEPD00282";3000;35;"FedericaFavero";" ";;"N";"N";
"DBELE";"ODV22DBEPD00282";4000;35;"FedericaFavero";" ";;"N";"N";
"DBELE";"ODV22DBEPD00282";5000;35;"FedericaFavero";" ";;"N";"N";
"DBELE";"ODV22DBEPD00282";6000;35;"FedericaFavero";" ";;"N";"N";
"DBELE";"ODV22DBEPD00282";7000;35;"FedericaFavero";" ";;"N";"N";
"DBELE";"ODV22DBEPD00282";8000;35;"FedericaFavero";" ";;"N";"N";
"DBELE";"ODV22DBEPD00283";1000;50;"StefanoVanuzzo";" ";;"N";"N";
"DBELE";"ODV22DBEPD00283";2000;50;"StefanoVanuzzo";" ";;"N";"N";
"DBELE";"ODV22DBEPD00284";1000;27;"StefanoVanuzzo";" ";;"N";"N";
"DBELE";"ODV22DBEPD00284";2000;27;"StefanoVanuzzo";" ";;"N";"N";
"DBELE";"ODV22DBEPD00285";1000;35;"FedericaFavero";" ";;"N";"N";
"DBELE";"ODV22DBEPD00286";1000;35;"FedericaFavero";" ";;"N";"N";
"DBELE";"ODV22DBEPD00287";1000;50;"StefanoVanuzzo";" ";;"N";"N";
"DBELE";"ODV22DBEPD00288";1000;50;"StefanoVanuzzo";" ";;"N";"N";
"DBELE";"ODV22DBEPD00288";2000;50;"StefanoVanuzzo";" ";;"N";"N";
"DBELE";"ODV22DBEPD00288";3000;20;"LorenzoTasca";" ";;"N";"N";
"DBELE";"ODV22DBEPD00288";4000;20;"LorenzoTasca";" ";;"N";"N";
"DBELE";"ODV22DBEPD00288";5000;20;"LorenzoTasca";" ";;"N";"N";
"DBELE";"ODV22DBEPD00288";6000;20;"LorenzoTasca";" ";;"N";"N";
"DBELE";"ODV22DBEPD00288";7000;50;"StefanoVanuzzo";" ";;"N";"N";
"DBELE";"ODV22DBEPD00288";8000;50;"StefanoVanuzzo";" ";;"N";"N";
"DBELE";"ODV22DBEPD00288";9000;50;"StefanoVanuzzo";" ";;"N";"N";
"DBELE";"ODV22DBEPD00288";10000;50;"StefanoVanuzzo";" ";;"N";"N";
"DBELE";"ODV22DBEPD00289";1000;50;"StefanoVanuzzo";" ";;"N";"N";
"DBELE";"ODV22DBEPD00291";1000;20;"LorenzoTasca";" ";;"N";"N";
"DBELE";"ODV22DBEPD00291";2000;27;"StefanoVanuzzo";" ";;"N";"N";
"DBELE";"ODV22DBEPD00291";3000;27;"StefanoVanuzzo";" ";;"N";"N";
"DBELE";"ODV22DBEPD00291";4000;27;"StefanoVanuzzo";" ";;"N";"N";
"DBELE";"ODV22DBEPD00291";5000;45;"EnricoCiscato";" ";;"N";"N";
"DBELE";"ODV22DBEPD00291";6000;27;"StefanoVanuzzo";" ";;"N";"N";
"DBELE";"ODV22DBEPD00292";1000;20;"LorenzoTasca";" ";;"N";"N";
"DBELE";"ODV22DBEPD00292";2000;50;"StefanoVanuzzo";" ";;"N";"N";
"DBELE";"ODV22DBEPD00293";1000;50;"StefanoVanuzzo";" ";;"N";"N";
"DBELE";"ODV22DBEPD00294";2000;50;"StefanoVanuzzo";" ";;"N";"N";
"DBELE";"ODV22DBEPD00295";1000;50;"StefanoVanuzzo";" ";;"N";"N";
"DBELE";"ODV22DBEPD00296";1000;50;"StefanoVanuzzo";" ";;"N";"N";
"DBELE";"ODV22DBEPD00296";2000;50;"StefanoVanuzzo";" ";;"N";"N";
"DBELE";"ODV22DBEPD00297";1000;50;"StefanoVanuzzo";" ";;"N";"N";
"DBELE";"ODV22DBEPD00298";1000;50;"StefanoVanuzzo";" ";;"N";"N";
"DBELE";"ODV22DBEPD00300";1000;20;"LorenzoTasca";" ";;"N";"N";
"DBELE";"ODV22DBEPD00300";2000;27;"StefanoVanuzzo";" ";;"N";"N";
"DBELE";"ODV22DBEPD00300";3000;27;"StefanoVanuzzo";" ";;"N";"N";
"DBELE";"ODV22DBEPD00300";4000;27;"StefanoVanuzzo";" ";;"N";"N";
"DBELE";"ODV22DBEPD00300";5000;27;"StefanoVanuzzo";" ";;"N";"N";
"DBELE";"ODV22DBEPD00300";6000;27;"StefanoVanuzzo";" ";;"N";"N";
"DBELE";"ODV22DBEPD00300";7000;27;"StefanoVanuzzo";" ";;"N";"N";
"DBELE";"ODV22DBEPD00300";8000;27;"StefanoVanuzzo";" ";;"N";"N";
"DBELE";"ODV22DBEPD00300";9000;50;"StefanoVanuzzo";" ";;"N";"N";
"DBELE";"ODV22DBEPD00301";1000;27;"StefanoVanuzzo";" ";;"N";"N";
"DBELE";"ODV22DBEPD00301";2000;45;"EnricoCiscato";" ";;"N";"N";
"DBELE";"ODV22DBEPD00303";1000;50;"StefanoVanuzzo";" ";;"N";"N";
"DBELE";"ODV22DBEPD00303";2000;27;"StefanoVanuzzo";" ";;"N";"N";
"DBELE";"ODV22DBEPD00303";3000;45;"EnricoCiscato";" ";;"N";"N";
"DBELE";"ODV22DBEPD00303";4000;27;"StefanoVanuzzo";" ";;"N";"N";
"DBELE";"ODV22DBEPD00303";5000;45;"EnricoCiscato";" ";;"N";"N";
"DBELE";"ODV22DBEPD00303";6000;45;"EnricoCiscato";" ";;"N";"N";
"DBELE";"ODV22DBEPD00303";7000;45;"EnricoCiscato";" ";;"N";"N";
"DBELE";"ODV22DBEPD00303";8000;45;"EnricoCiscato";" ";;"N";"N";
"DBELE";"ODV22DBEPD00304";1000;50;"StefanoVanuzzo";" ";;"N";"N";
"DBELE";"ODV22DBEPD00304";2000;50;"StefanoVanuzzo";" ";;"N";"N";
"DBELE";"ODV22DBEPD00304";3000;27;"StefanoVanuzzo";" ";;"N";"N";
"DBELE";"ODV22DBEPD00304";4000;27;"StefanoVanuzzo";" ";;"N";"N";
"DBELE";"ODV22DBEPD00304";5000;27;"StefanoVanuzzo";" ";;"N";"N";
"DBELE";"ODV22DBEPD00305";1000;50;"StefanoVanuzzo";" ";;"N";"N";
"DBELE";"ODV22DBEPD00305";2000;27;"StefanoVanuzzo";" ";;"N";"N";
"DBELE";"ODV22DBEPD00306";1000;50;"StefanoVanuzzo";" ";;"N";"N";
"DBELE";"ODV22DBEPD00307";1000;50;"StefanoVanuzzo";" ";;"N";"N";
"DBELE";"ODV22DBEPD00307";2000;50;"StefanoVanuzzo";" ";;"N";"N";
"DBELE";"ODV22DBEPD00307";3000;50;"StefanoVanuzzo";" ";;"N";"N";
"DBELE";"ODV22DBEPD00307";4000;50;"StefanoVanuzzo";" ";;"N";"N";
"DBELE";"ODV22DBEPD00307";5000;50;"StefanoVanuzzo";" ";;"N";"N";
"DBELE";"ODV22DBEPD00310";1000;50;"StefanoVanuzzo";" ";;"N";"N";
"DBELE";"ODV22DBEPD00310";2000;50;"StefanoVanuzzo";" ";;"N";"N";
"DBELE";"ODV22DBEPD00311";1000;50;"StefanoVanuzzo";" ";;"N";"N";
"DBELE";"ODV22DBEPD00311";2000;27;"StefanoVanuzzo";" ";;"N";"N";
"DBELE";"ODV22DBEPD00312";1000;50;"StefanoVanuzzo";" ";;"N";"N";
"DBELE";"ODV22DBEPD00313";1000;50;"StefanoVanuzzo";" ";;"N";"N";
"DBELE";"ODV22DBEPD00313";2000;50;"StefanoVanuzzo";" ";;"N";"N";
"DBELE";"ODV22DBEPD00313";3000;45;"EnricoCiscato";" ";;"N";"N";
"DBELE";"ODV22DBEPD00313";4000;45;"EnricoCiscato";" ";;"N";"N";
"DBELE";"ODV22DBEPD00313";5000;20;"ManuelVega";" ";;"N";"N";
"DBELE";"ODV22DBEPD00313";6000;27;"StefanoVanuzzo";" ";;"N";"N";
"DBELE";"ODV22DBEPD00313";7000;27;"StefanoVanuzzo";" ";;"N";"N";
"DBELE";"ODV22DBEPD00313";8000;27;"StefanoVanuzzo";" ";;"N";"N";
"DBELE";"ODV22DBEPD00313";9000;27;"StefanoVanuzzo";" ";;"N";"N";
"DBELE";"ODV22DBEPD00313";10000;27;"StefanoVanuzzo";" ";;"N";"N";
"DBELE";"ODV22DBEPD00313";11000;50;"StefanoVanuzzo";" ";;"N";"N";
"DBELE";"ODV22DBEPD00313";12000;50;"StefanoVanuzzo";" ";;"N";"N";
"DBELE";"ODV22DBEPD00314";1000;50;"StefanoVanuzzo";" ";;"N";"N";
"DBELE";"ODV22DBEPD00315";1000;50;"StefanoVanuzzo";" ";;"N";"N";
"DBELE";"ODV22DBEPD00316";1000;30;"LorenzoTasca";" ";;"N";"N";
"DBELE";"ODV22DBEPD00317";1000;50;"StefanoVanuzzo";" ";;"N";"N";
"DBELE";"ODV22DBEPD00317";2000;20;"LorenzoTasca";" ";;"N";"N";
"DBELE";"ODV22DBEPD00318";1000;50;"StefanoVanuzzo";" ";;"N";"N";
"DBELE";"ODV22DBEPD00319";1000;50;"StefanoVanuzzo";" ";;"N";"N";
"DBELE";"ODV22DBEPD00320";1000;50;"StefanoVanuzzo";" ";;"N";"N";
"DBELE";"ODV22DBEPD00320";2000;50;"StefanoVanuzzo";" ";;"N";"N";
"DBELE";"ODV22DBEPD00321";1000;30;"LorenzoTasca";" ";;"N";"N";
"DBELE";"ODV22DBEPD00321";2000;50;"StefanoVanuzzo";" ";;"N";"N";
"DBELE";"ODV22DBEPD00322";1000;50;"StefanoVanuzzo";" ";;"N";"N";
"DBELE";"ODV22DBEPD00322";2000;27;"StefanoVanuzzo";" ";;"N";"N";
"DBELE";"ODV22DBEPD00322";3000;45;"EnricoCiscato";" ";;"N";"N";
"DBELE";"ODV22DBEPD00322";4000;27;"StefanoVanuzzo";" ";;"N";"N";
"DBELE";"ODV22DBEPD00323";1000;50;"StefanoVanuzzo";" ";;"N";"N";
"DBELE";"ODV22DBEPD00324";1000;50;"StefanoVanuzzo";" ";;"N";"N";
"DBELE";"ODV22DBEPD00324";2000;50;"StefanoVanuzzo";" ";;"N";"N";
"DBELE";"ODV22DBEPD00325";1000;50;"StefanoVanuzzo";" ";;"N";"N";
"DBELE";"ODV22DBEPD00325";2000;50;"StefanoVanuzzo";" ";;"N";"N";
"DBELE";"ODV22DBEPD00325";3000;50;"StefanoVanuzzo";" ";;"N";"N";
"DBELE";"ODV22DBEPD00325";4000;10;;" ";;"N";"N";
"DBELE";"ODV22DBEPD00325";5000;10;;" ";;"N";"N";
"DBELE";"ODV22DBEPD00325";6000;10;;" ";;"N";"N";
"DBELE";"ODV22DBEPD00325";7000;10;;" ";;"N";"N";
"DBELE";"ODV22DBEPD00325";8000;10;;" ";;"N";"N";
"DBELE";"ODV22DBEPD00325";10000;10;;" ";;"N";"N";
"DBELE";"ODV22DBEPD00325";11000;10;;" ";;"N";"N";
"DBELE";"ODV22DBEPD00326";2000;27;"StefanoVanuzzo";" ";;"N";"N";
"DBELE";"ODV22DBEPD00326";3000;20;"LorenzoTasca";" ";"FREQ.: 105.30 MHz 
FREQ.: 96.30 MHz 
FREQ.: 103.10 MHz";"S";"N";
"DBELE";"ODV22DBEPD00326";4000;50;"StefanoVanuzzo";" ";;"N";"N";
"DBELE";"ODV22DBEPD00326";5000;50;"StefanoVanuzzo";" ";"FREQ. BAND 223.48 MHz 
FREQ. BAND 222.38 MHz

Monitor RF con connettore BNC";"S";"N";
"DBELE";"ODV22DBEPD00326";6000;50;"StefanoVanuzzo";" ";"FREQ. BAND 223.48 MHz 
FREQ. BAND 222.38 MHz

Monitor RF con connettore BNC";"S";"N";
"DBELE";"ODV22DBEPD00326";7000;50;"StefanoVanuzzo";" ";;"N";"N";
"DBELE";"ODV22DBEPD00327";1000;50;"StefanoVanuzzo";" ";;"N";"N";
"DBELE";"ODV22DBEPD00328";1000;50;"StefanoVanuzzo";" ";;"N";"N";
"DBELE";"ODV22DBEPD00329";1000;35;"FedericaFavero";" ";;"N";"N";
"DBELE";"ODV22DBEPD00330";1000;35;"FedericaFavero";" ";;"N";"N";
"DBELE";"ODV22DBEPD00330";2000;35;"FedericaFavero";" ";;"N";"N";
"DBELE";"ODV22DBEPD00331";1000;20;"LorenzoTasca";" ";;"N";"N";
"DBELE";"ODV22DBEPD00331";2000;20;"LorenzoTasca";" ";;"N";"N";
"DBELE";"ODV22DBEPD00331";3000;20;"LorenzoTasca";" ";;"N";"N";
"DBELE";"ODV22DBEPD00332";1000;50;"StefanoVanuzzo";" ";;"N";"N";
"DBELE";"ODV22DBEPD00332";2000;27;"StefanoVanuzzo";" ";;"N";"N";
"DBELE";"ODV22DBEPD00332";3000;45;"EnricoCiscato";" ";;"N";"N";
"DBELE";"ODV22DBEPD00333";1000;50;"StefanoVanuzzo";" ";;"N";"N";
"DBELE";"ODV22DBEPD00334";1000;50;"StefanoVanuzzo";" ";;"N";"N";
"DBELE";"ODV22DBEPD00335";1000;50;"StefanoVanuzzo";" ";;"N";"N";
"DBELE";"ODV22DBEPD00335";2000;10;;" ";;"N";"N";
"DBELE";"ODV22DBEPD00335";3000;10;;" ";;"N";"N";
"DBELE";"ODV22DBEPD00335";4000;10;;" ";;"N";"N";
"DBELE";"ODV22DBEPD00336";1000;35;"FedericaFavero";" ";;"N";"N";
"DBELE";"ODV22DBEPD00336";2000;35;"FedericaFavero";" ";;"N";"N";
"DBELE";"ODV22DBEPD00337";1000;50;"StefanoVanuzzo";" ";;"N";"N";
"DBELE";"ODV22DBEPD00337";2000;27;"StefanoVanuzzo";" ";;"N";"N";
"DBELE";"ODV22DBEPD00338";1000;50;"StefanoVanuzzo";" ";;"N";"N";
"DBELE";"ODV22DBEPD00338";2000;27;"StefanoVanuzzo";" ";;"N";"N";
"DBELE";"ODV22DBEPD00338";3000;27;"StefanoVanuzzo";" ";;"N";"N";
"DBELE";"ODV22DBEPD00338";4000;27;"StefanoVanuzzo";" ";;"N";"N";
"DBELE";"ODV22DBEPD00338";5000;27;"StefanoVanuzzo";" ";;"N";"N";
"DBELE";"ODV22DBEPD00338";6000;27;"StefanoVanuzzo";" ";;"N";"N";
"DBELE";"ODV22DBEPD00338";7000;27;"StefanoVanuzzo";" ";;"N";"N";
"DBELE";"ODV22DBEPD00338";8000;27;"StefanoVanuzzo";" ";;"N";"N";
"DBELE";"ODV22DBEPD00338";9000;27;"StefanoVanuzzo";" ";;"N";"N";
"DBELE";"ODV22DBEPD00338";10000;27;"StefanoVanuzzo";" ";;"N";"N";
"DBELE";"ODV22DBEPD00338";11000;27;"StefanoVanuzzo";" ";;"N";"N";
"DBELE";"ODV22DBEPD00338";12000;27;"StefanoVanuzzo";" ";;"N";"N";
"DBELE";"ODV22DBEPD00338";13000;27;"StefanoVanuzzo";" ";;"N";"N";
"DBELE";"ODV22DBEPD00338";14000;27;"StefanoVanuzzo";" ";;"N";"N";
"DBELE";"ODV22DBEPD00338";15000;27;"StefanoVanuzzo";" ";;"N";"N";
"DBELE";"ODV22DBEPD00338";16000;27;"StefanoVanuzzo";" ";;"N";"N";
"DBELE";"ODV22DBEPD00338";17000;27;"StefanoVanuzzo";" ";;"N";"N";
"DBELE";"ODV22DBEPD00338";18000;27;"StefanoVanuzzo";" ";;"N";"N";
"DBELE";"ODV22DBEPD00339";1000;27;"StefanoVanuzzo";" ";;"N";"N";
"DBELE";"ODV22DBEPD00339";2000;45;"EnricoCiscato";" ";;"N";"N";
"DBELE";"ODV22DBEPD00339";3000;27;"StefanoVanuzzo";" ";;"N";"N";
"DBELE";"ODV22DBEPD00339";4000;45;"EnricoCiscato";" ";;"N";"N";
"DBELE";"ODV22DBEPD00339";5000;45;"EnricoCiscato";" ";;"N";"N";
"DBELE";"ODV22DBEPD00339";6000;45;"EnricoCiscato";" ";;"N";"N";
"DBELE";"ODV22DBEPD00339";7000;45;"EnricoCiscato";" ";;"N";"N";
"DBELE";"ODV22DBEPD00339";8000;45;"EnricoCiscato";" ";;"N";"N";
"DBELE";"ODV22DBEPD00340";1000;10;;" ";;"N";"N";
"DBELE";"ODV22DBEPD00340";2000;10;;" ";;"N";"N";
"DBELE";"ODV22DBEPD00341";1000;50;"StefanoVanuzzo";" ";;"N";"N";
"DBELE";"ODV22DBEPD00342";1000;50;"StefanoVanuzzo";" ";;"N";"N";
"DBELE";"ODV22DBEPD00343";1000;35;"FedericaFavero";" ";;"N";"N";
"DBELE";"ODV22DBEPD00343";2000;35;"FedericaFavero";" ";;"N";"N";
"DBELE";"ODV22DBEPD00344";1000;20;"LorenzoTasca";" ";"FREQUENZA NON ANCORA ASSEGNATA";"S";"N";
"DBELE";"ODV22DBEPD00344";2000;20;"LorenzoTasca";" ";"FREQUENZA NON ANCORA ASSEGNATA";"S";"N";
"DBELE";"ODV22DBEPD00344";3000;27;"StefanoVanuzzo";" ";;"N";"N";
"DBELE";"ODV22DBEPD00344";4000;27;"StefanoVanuzzo";" ";;"N";"N";
"DBELE";"ODV22DBEPD00344";5000;27;"StefanoVanuzzo";" ";;"N";"N";
"DBELE";"ODV22DBEPD00344";6000;50;"StefanoVanuzzo";" ";;"N";"N";
"DBELE";"ODV22DBEPD00344";7000;50;"StefanoVanuzzo";" ";;"N";"N";
"DBELE";"ODV22DBEPD00344";8000;10;;" ";;"N";"N";
"DBELE";"ODV22DBEPD00344";9000;10;;" ";;"N";"N";
"DBELE";"ODV22DBEPD00345";1000;50;"StefanoVanuzzo";" ";;"N";"N";
"DBELE";"ODV22DBEPD00346";1000;35;"federicomodonesi";" ";;"N";"N";
"DBELE";"ODV22DBEPD00347";1000;50;"StefanoVanuzzo";" ";"Testo per RDS --> SPOON 107.5 FM";"S";"N";
"DBELE";"ODV22DBEPD00347";2000;27;"StefanoVanuzzo";" ";;"N";"N";
"DBELE";"ODV22DBEPD00347";3000;27;"StefanoVanuzzo";" ";;"N";"N";
"DBELE";"ODV22DBEPD00347";4000;27;"StefanoVanuzzo";" ";;"N";"N";
"DBELE";"ODV22DBEPD00347";5000;27;"StefanoVanuzzo";" ";;"N";"N";
"DBELE";"ODV22DBEPD00347";6000;27;"StefanoVanuzzo";" ";;"N";"N";
"DBELE";"ODV22DBEPD00347";7000;27;"StefanoVanuzzo";" ";;"N";"N";
"DBELE";"ODV22DBEPD00347";8000;27;"StefanoVanuzzo";" ";;"N";"N";
"DBELE";"ODV22DBEPD00347";9000;27;"StefanoVanuzzo";" ";;"N";"N";
"DBELE";"ODV22DBEPD00347";10000;27;"StefanoVanuzzo";" ";;"N";"N";
"DBELE";"ODV22DBEPD00347";11000;27;"StefanoVanuzzo";" ";;"N";"N";
"DBELE";"ODV22DBEPD00348";1000;35;"FedericaFavero";" ";;"N";"N";
"DBELE";"ODV22DBEPD00348";2000;35;"FedericaFavero";" ";;"N";"N";
"DBELE";"ODV22DBEPD00348";3000;35;"FedericaFavero";" ";;"N";"N";
"DBELE";"ODV22DBEPD00349";1000;35;"FedericaFavero";" ";;"N";"N";
"DBELE";"ODV22DBEPD00349";2000;35;"FedericaFavero";" ";;"N";"N";
"DBELE";"ODV22DBEPD00349";3000;35;"FedericaFavero";" ";;"N";"N";
"DBELE";"ODV22DBEPD00350";1000;35;"FedericaFavero";" ";;"N";"N";
"DBELE";"ODV22DBEPD00350";2000;35;"FedericaFavero";" ";;"N";"N";
"DBELE";"ODV22DBEPD00350";3000;35;"FedericaFavero";" ";;"N";"N";
"DBELE";"ODV22DBEPD00350";4000;35;"FedericaFavero";" ";;"N";"N";
"DBELE";"ODV22DBEPD00350";5000;35;"FedericaFavero";" ";;"N";"N";
"DBELE";"ODV22DBEPD00350";6000;35;"FedericaFavero";" ";;"N";"N";
"DBELE";"ODV22DBEPD00350";7000;35;"FedericaFavero";" ";;"N";"N";
"DBELE";"ODV22DBEPD00350";8000;35;"FedericaFavero";" ";;"N";"N";
"DBELE";"ODV22DBEPD00350";9000;35;"FedericaFavero";" ";;"N";"N";
"DBELE";"ODV22DBEPD00350";10000;35;"FedericaFavero";" ";;"N";"N";
"DBELE";"ODV22DBEPD00350";11000;35;"FedericaFavero";" ";;"N";"N";
"DBELE";"ODV22DBEPD00350";12000;35;"FedericaFavero";" ";;"N";"N";
"DBELE";"ODV22DBEPD00351";1000;50;"StefanoVanuzzo";" ";;"N";"N";
"DBELE";"ODV22DBEPD00352";1000;50;"StefanoVanuzzo";" ";;"N";"N";
"DBELE";"ODV22DBEPD00352";2000;27;"StefanoVanuzzo";" ";;"N";"N";
"DBELE";"ODV22DBEPD00352";3000;27;"StefanoVanuzzo";" ";;"N";"N";
"DBELE";"ODV22DBEPD00352";4000;27;"StefanoVanuzzo";" ";;"N";"N";
"DBELE";"ODV22DBEPD00353";1000;50;"StefanoVanuzzo";" ";;"N";"N";
"DBELE";"ODV22DBEPD00353";2000;50;"StefanoVanuzzo";" ";;"N";"N";
"DBELE";"ODV22DBEPD00354";1000;50;"StefanoVanuzzo";" ";;"N";"N";
"DBELE";"ODV22DBEPD00356";1000;27;"StefanoVanuzzo";" ";;"N";"N";
"DBELE";"ODV22DBEPD00356";2000;27;"StefanoVanuzzo";" ";;"N";"N";
"DBELE";"ODV22DBEPD00356";3000;27;"StefanoVanuzzo";" ";;"N";"N";
"DBELE";"ODV22DBEPD00356";4000;50;"StefanoVanuzzo";" ";;"N";"N";
"DBELE";"ODV22DBEPD00356";5000;27;"StefanoVanuzzo";" ";;"N";"N";
"DBELE";"ODV22DBEPD00357";1000;50;"StefanoVanuzzo";" ";;"N";"N";
"DBELE";"ODV22DBEPD00357";2000;45;"EnricoCiscato";" ";;"N";"N";
"DBELE";"ODV22DBEPD00357";3000;45;"EnricoCiscato";" ";;"N";"N";
"DBELE";"ODV22DBEPD00357";4000;45;"EnricoCiscato";" ";;"N";"N";
"DBELE";"ODV22DBEPD00358";1000;50;"StefanoVanuzzo";" ";;"N";"N";
"DBELE";"ODV22DBEPD00358";2000;50;"StefanoVanuzzo";" ";;"N";"N";
"DBELE";"ODV22DBEPD00358";3000;50;"StefanoVanuzzo";" ";;"N";"N";
"DBELE";"ODV22DBEPD00359";1000;50;"StefanoVanuzzo";" ";;"N";"N";
"DBELE";"ODV22DBEPD00359";2000;50;"StefanoVanuzzo";" ";;"N";"N";
"DBELE";"ODV22DBEPD00359";3000;50;"StefanoVanuzzo";" ";;"N";"N";
"DBELE";"ODV22DBEPD00359";4000;50;"StefanoVanuzzo";" ";;"N";"N";
"DBELE";"ODV22DBEPD00359";5000;27;"StefanoVanuzzo";" ";;"N";"N";
"DBELE";"ODV22DBEPD00359";6000;27;"StefanoVanuzzo";" ";;"N";"N";
"DBELE";"ODV22DBEPD00359";7000;27;"StefanoVanuzzo";" ";;"N";"N";
"DBELE";"ODV22DBEPD00359";8000;27;"StefanoVanuzzo";" ";;"N";"N";
"DBELE";"ODV22DBEPD00359";9000;27;"StefanoVanuzzo";" ";;"N";"N";
"DBELE";"ODV22DBEPD00359";10000;27;"StefanoVanuzzo";" ";;"N";"N";
"DBELE";"ODV22DBEPD00360";1000;27;"StefanoVanuzzo";" ";;"N";"N";
"DBELE";"ODV22DBEPD00360";2000;50;"StefanoVanuzzo";" ";;"N";"N";
"DBELE";"ODV22DBEPD00360";3000;27;"StefanoVanuzzo";" ";;"N";"N";
"DBELE";"ODV22DBEPD00361";1000;50;"StefanoVanuzzo";" ";;"N";"N";
"DBELE";"ODV22DBEPD00362";1000;35;"FedericaFavero";" ";;"N";"N";
"DBELE";"ODV22DBEPD00362";2000;27;"StefanoVanuzzo";" ";;"N";"N";
"DBELE";"ODV22DBEPD00363";1000;50;"StefanoVanuzzo";" ";;"N";"N";
"DBELE";"ODV22DBEPD00365";1000;30;"LorenzoTasca";" ";;"N";"N";
"DBELE";"ODV22DBEPD00366";1000;27;"StefanoVanuzzo";" ";;"N";"N";
"DBELE";"ODV22DBEPD00366";2000;27;"StefanoVanuzzo";" ";;"N";"N";
"DBELE";"ODV22DBEPD00366";3000;27;"StefanoVanuzzo";" ";;"N";"N";
"DBELE";"ODV22DBEPD00366";4000;27;"StefanoVanuzzo";" ";;"N";"N";
"DBELE";"ODV22DBEPD00367";1000;20;"LorenzoTasca";" ";;"N";"N";
"DBELE";"ODV22DBEPD00368";1000;20;"LorenzoTasca";" ";"Freq. 419.46 MHz.";"S";"N";
"DBELE";"ODV22DBEPD00368";2000;20;"LorenzoTasca";" ";"Freq. 419.46 MHz";"S";"N";
"DBELE";"ODV22DBEPD00368";3000;20;"LorenzoTasca";" ";;"N";"N";
"DBELE";"ODV22DBEPD00368";4000;20;"LorenzoTasca";" ";"Freq. 237.34 MHz";"S";"N";
"DBELE";"ODV22DBEPD00369";1000;35;"FedericaFavero";" ";;"N";"N";
"DBELE";"ODV22DBEPD00371";1000;50;"StefanoVanuzzo";" ";;"N";"N";
"DBELE";"ODV22DBEPD00371";2000;50;"StefanoVanuzzo";" ";;"N";"N";
"DBELE";"ODV22DBEPD00371";3000;50;"StefanoVanuzzo";" ";;"N";"N";
"DBELE";"ODV22DBEPD00371";4000;50;"StefanoVanuzzo";" ";;"N";"N";
"DBELE";"ODV22DBEPD00372";1000;50;"StefanoVanuzzo";" ";;"N";"N";
"DBELE";"ODV22DBEPD00372";2000;50;"StefanoVanuzzo";" ";;"N";"N";
"DBELE";"ODV22DBEPD00373";1000;35;"FedericaFavero";" ";;"N";"N";
"DBELE";"ODV22DBEPD00374";1000;30;"LorenzoTasca";" ";;"N";"N";
"DBELE";"ODV22DBEPD00374";2000;35;"FedericaFavero";" ";;"N";"N";
"DBELE";"ODV22DBEPD00374";3000;35;"FedericaFavero";" ";;"N";"N";
"DBELE";"ODV22DBEPD00374";4000;35;"FedericaFavero";" ";;"N";"N";
"DBELE";"ODV22DBEPD00375";1000;35;"FedericaFavero";" ";;"N";"N";
"DBELE";"ODV22DBEPD00376";1000;50;"StefanoVanuzzo";" ";;"N";"N";
"DBELE";"ODV22DBEPD00376";2000;27;"StefanoVanuzzo";" ";;"N";"N";
"DBELE";"ODV22DBEPD00376";3000;50;"StefanoVanuzzo";" ";;"N";"N";
"DBELE";"ODV22DBEPD00377";1000;35;"FedericaFavero";" ";;"N";"N";
"DBELE";"ODV23DBEBS00001";1000;27;"robertorosa";" ";;"N";"N";
"DBELE";"ODV23DBEBS00002";1000;27;"robertorosa";" ";;"N";"N";
"DBELE";"ODV23DBEBS00003";1000;27;"robertorosa";" ";;"N";"N";
"DBELE";"ODV23DBEBS00003";2000;27;"robertorosa";" ";;"N";"N";
"DBELE";"ODV23DBEBS00004";1000;35;"federicomodonesi";" ";;"N";"N";
"DBELE";"ODV23DBEBS00004";2000;35;"federicomodonesi";" ";;"N";"N";
"DBELE";"ODV23DBEBS00006";1000;20;"lucabressana";" ";"Per SCA102TB_ED";"S";"N";
"DBELE";"ODV23DBEBS00006";2000;20;"lucabressana";" ";"Per SCA102_TB_ED";"S";"N";
"DBELE";"ODV23DBEBS00007";1000;50;"lucabressana";" ";;"N";"N";
"DBELE";"ODV23DBEBS00007";2000;50;"simonebontempi";" ";;"N";"N";
"DBELE";"ODV23DBEBS00007";3000;27;"robertorosa";" ";;"N";"N";
"DBELE";"ODV23DBEBS00007";4000;50;"simonebontempi";" ";;"N";"N";
"DBELE";"ODV23DBEBS00007";5000;27;"robertorosa";" ";;"N";"N";
"DBELE";"ODV23DBEBS00007";6000;27;"StefanoVanuzzo";" ";;"N";"N";
"DBELE";"ODV23DBEBS00007";7000;45;"EnricoCiscato";" ";;"N";"N";
"DBELE";"ODV23DBEBS00007";8000;45;"EnricoCiscato";" ";;"N";"N";
"DBELE";"ODV23DBEBS00007";9000;27;"StefanoVanuzzo";" ";;"N";"N";
"DBELE";"ODV23DBEBS00007";10000;27;"StefanoVanuzzo";" ";;"N";"N";
"DBELE";"ODV23DBEBS00007";11000;27;"StefanoVanuzzo";" ";;"N";"N";
"DBELE";"ODV23DBEBS00007";12000;27;"StefanoVanuzzo";" ";;"N";"N";
"DBELE";"ODV23DBEBS00007";13000;27;"StefanoVanuzzo";" ";;"N";"N";
"DBELE";"ODV23DBEBS00007";14000;27;"StefanoVanuzzo";" ";;"N";"N";
"DBELE";"ODV23DBEBS00007";15000;27;"StefanoVanuzzo";" ";;"N";"N";
"DBELE";"ODV23DBEBS00007";16000;27;"StefanoVanuzzo";" ";;"N";"N";
"DBELE";"ODV23DBEBS00007";17000;45;"federicomodonesi";" ";;"N";"N";
"DBELE";"ODV23DBEBS00007";18500;45;"federicomodonesi";" ";;"N";"N";
"DBELE";"ODV23DBEBS00007";19000;10;;" ";;"N";"N";
"DBELE";"ODV23DBEBS00007";20000;45;"EnricoCiscato";" ";;"N";"N";
"DBELE";"ODV23DBEBS00008";1000;20;"simonebontempi";" ";;"N";"N";
"DBELE";"ODV23DBEBS00009";1000;27;"robertorosa";" ";;"N";"N";
"DBELE";"ODV23DBEBS00010";1000;27;"robertorosa";" ";;"N";"N";
"DBELE";"ODV23DBEBS00010";2000;20;"lucabressana";" ";;"N";"N";
"DBELE";"ODV23DBEBS00010";3000;27;"robertorosa";" ";;"N";"N";
"DBELE";"ODV23DBEBS00010";4000;27;"robertorosa";" ";;"N";"N";
"DBELE";"ODV23DBEBS00011";1000;50;"lucabressana";" ";"Per SCA202UB_B8A";"S";"N";
"DBELE";"ODV23DBEBS00011";2000;50;"lucabressana";" ";;"N";"N";
"DBELE";"ODV23DBEBS00013";1000;20;"simonebontempi";" ";"Per trasmettitore ARK6 - SDT200UA_ARK6_X0

1949-58321";"S";"N";"#L:\laboratorio\03_MATRICOLE E COLLAUDO APPARATI\Fogli di Layout e Collaudo\OMB\1949-58321_L_C.pdf#"
"DBELE";"ODV23DBEBS00014";1000;10;;" ";;"N";"N";
"DBELE";"ODV23DBEBS00014";2000;35;"federicomodonesi";" ";;"N";"N";
"DBELE";"ODV23DBEBS00014";3000;27;"danieledotti";" ";;"N";"N";
"DBELE";"ODV23DBEBS00014";4000;50;"simonebontempi";" ";;"N";"N";
"DBELE";"ODV23DBEBS00015";1000;20;"lucabressana";" ";"1. SN 1423-55516
2. SN 1423-55510

SCA501UB_8600_ED_DD";"S";"N";
"DBELE";"ODV23DBEBS00015";2000;20;"lucabressana";" ";"Per S/N 1319-53793

SCA132UB-230V_B8A";"S";"N";
"DBELE";"ODV23DBEBS00016";1000;20;"simonebontempi";" ";"Per SFTDAB015; serial number 2020-58715";"S";"N";
"DBELE";"ODV23DBEBS00017";1000;35;"federicomodonesi";" ";;"N";"N";
"DBELE";"ODV23DBEBS00018";1000;10;;" ";;"N";"N";
"DBELE";"ODV23DBEBS00018";2000;10;;" ";;"N";"N";
"DBELE";"ODV23DBEBS00018";3000;10;;" ";;"N";"N";
"DBELE";"ODV23DBEBS00019";1000;20;"simonebontempi";" ";;"N";"N";
"DBELE";"ODV23DBEBS00020";1000;10;;" ";;"N";"N";
"DBELE";"ODV23DBEBS00021";1000;20;"danieledotti";" ";"Ch.10B - ETI over IP + TCP";"S";"N";
"DBELE";"ODV23DBEBS00021";2000;27;"robertorosa";" ";;"N";"N";
"DBELE";"ODV23DBEBS00022";1000;20;"lucabressana";" ";"Ch. 11C";"S";"N";
"DBELE";"ODV23DBEBS00023";1000;20;"lucabressana";" ";"Banda larga";"S";"N";
"DBELE";"ODV23DBEBS00023";1500;27;"robertorosa";" ";;"N";"N";
"DBELE";"ODV23DBEBS00023";3000;27;"robertorosa";" ";;"N";"N";
"DBELE";"ODV23DBEBS00024";1000;50;"lucabressana";" ";"In attesa canale";"S";"N";
"DBELE";"ODV23DBEBS00025";1000;27;"robertorosa";" ";;"N";"N";
"DBELE";"ODV23DBEBS00025";2000;27;"danieledotti";" ";;"N";"N";
"DBELE";"ODV23DBEBS00027";1000;10;;" ";;"N";"N";
"DBELE";"ODV23DBEBS00028";1000;20;"lucabressana";" ";"Postazione: APOERA - ch. 15
Postazione: KAWEMHAKEN - ch. 15
Postazione: TEPU - ch. 15
Postazione: PUSUGRUNU - ch. 15

Standard: ATSC 1.0 6 MHz";"S";"N";
"DBELE";"ODV23DBEBS00028";2000;20;"lucabressana";" ";"Postazione: PARAMARIBO - ch. 27

Standard: ATSC 1.0 6 MHz";"S";"N";
"DBELE";"ODV23DBEBS00029";1000;50;"lucabressana";" ";;"N";"N";
"DBELE";"ODV23DBEBS00030";1000;20;"lucabressana";" ";"Ch. 11C";"S";"N";
"DBELE";"ODV23DBEBS00030";2000;27;"robertorosa";" ";;"N";"N";
"DBELE";"ODV23DBEBS00031";1000;27;"federicomodonesi";" ";;"N";"N";
"DBELE";"ODV23DBEBS00031";2000;27;"federicomodonesi";" ";;"N";"N";
"DBELE";"ODV23DBEBS00031";3000;20;"lucabressana";" ";"Per S/N 1202-48101 (878)";"S";"N";"#L:\laboratorio\03_MATRICOLE E COLLAUDO APPARATI\Fogli di Layout e Collaudo\Channels Television\1209-48555_L ( Channels Television ).pdf#"
"DBELE";"ODV23DBEBS00034";1000;35;"federicomodonesi";" ";;"N";"N";
"DBELE";"ODV23DBEBS00035";1000;50;"simonebontempi";" ";;"N";"N";
"DBELE";"ODV23DBEBS00035";2000;50;"lucabressana";" ";;"N";"N";
"DBELE";"ODV23DBEBS00036";1000;35;"federicomodonesi";" ";;"N";"N";
"DBELE";"ODV23DBEBS00037";1000;45;"federicomodonesi";" ";;"N";"N";
"DBELE";"ODV23DBEBS00038";1000;20;"lucabressana";" ";;"N";"N";
"DBELE";"ODV23DBEBS00038";2000;20;"simonebontempi";" ";;"N";"N";
"DBELE";"ODV23DBEBS00038";2500;20;"simonebontempi";" ";;"N";"N";
"DBELE";"ODV23DBEBS00038";3000;27;"robertorosa";" ";;"N";"N";
"DBELE";"ODV23DBEBS00038";4000;27;"robertorosa";" ";;"N";"N";
"DBELE";"ODV23DBEBS00038";5000;27;"robertorosa";" ";;"N";"N";
"DBELE";"ODV23DBEBS00038";6000;27;"robertorosa";" ";;"N";"N";
"DBELE";"ODV23DBEBS00038";7000;20;"simonebontempi";" ";;"N";"N";
"DBELE";"ODV23DBEBS00038";8000;27;"robertorosa";" ";;"N";"N";
"DBELE";"ODV23DBEBS00038";9000;27;"robertorosa";" ";;"N";"N";
"DBELE";"ODV23DBEBS00038";10000;20;"carlosdasilva";" ";"S/N 1323-54021/1326-54093";"S";"N";
"DBELE";"ODV23DBEBS00038";11000;20;"simonebontempi";" ";;"N";"N";
"DBELE";"ODV23DBEBS00038";12000;20;"simonebontempi";" ";;"N";"N";
"DBELE";"ODV23DBEBS00038";13000;20;"simonebontempi";" ";;"N";"N";
"DBELE";"ODV23DBEBS00039";1000;20;"lucabressana";" ";"Ch. 6B";"S";"N";
"DBELE";"ODV23DBEBS00039";2000;20;"lucabressana";" ";"Ch. 6B";"S";"N";
"DBELE";"ODV23DBEBS00040";1000;35;"federicomodonesi";" ";;"N";"N";
"DBELE";"ODV23DBEBS00041";1000;35;"federicomodonesi";" ";;"N";"N";
"DBELE";"ODV23DBEBS00042";1000;20;"lucabressana";" ";"NB: ricordarsi di fare etichette con codice ""X0D"" e non ""X0B""


Ch. 17 - 35 DTMB";"S";"N";
"DBELE";"ODV23DBEBS00043";1000;10;;" ";;"N";"N";
"DBELE";"ODV23DBEBS00044";1000;35;"lucabressana";" ";;"N";"N";
"DBELE";"ODV23DBEBS00045";1000;20;"lucabressana";" ";"Ch. 10C";"S";"N";
"DBELE";"ODV23DBEBS00045";1500;50;"lucabressana";" ";;"N";"N";
"DBELE";"ODV23DBEBS00045";2000;20;"simonebontempi";" ";"Ch. 10C";"S";"N";
"DBELE";"ODV23DBEBS00046";1000;20;"carlosdasilva";" ";;"N";"N";
"DBELE";"ODV23DBEBS00046";2000;20;"carlosdasilva";" ";;"N";"N";
"DBELE";"ODV23DBEBS00046";3000;20;"carlosdasilva";" ";;"N";"N";
"DBELE";"ODV23DBEBS00047";1000;35;"danieledotti";" ";;"N";"N";
"DBELE";"ODV23DBEBS00048";1000;20;"simonebontempi";" ";;"N";"N";
"DBELE";"ODV23DBEBS00048";2000;20;"simonebontempi";" ";;"N";"N";
"DBELE";"ODV23DBEBS00050";1000;50;"lucabressana";" ";;"N";"N";
"DBELE";"ODV23DBEBS00050";2000;50;"lucabressana";" ";;"N";"N";
"DBELE";"ODV23DBEBS00050";3000;45;"federicomodonesi";" ";;"N";"N";
"DBELE";"ODV23DBEBS00050";4000;45;"EnricoCiscato";" ";;"N";"N";
"DBELE";"ODV23DBEBS00050";5000;27;"StefanoVanuzzo";" ";;"N";"N";
"DBELE";"ODV23DBEBS00050";6000;45;"EnricoCiscato";" ";;"N";"N";
"DBELE";"ODV23DBEBS00050";7000;45;"EnricoCiscato";" ";;"N";"N";
"DBELE";"ODV23DBEBS00050";8000;45;"EnricoCiscato";" ";;"N";"N";
"DBELE";"ODV23DBEBS00050";9000;27;"StefanoVanuzzo";" ";;"N";"N";
"DBELE";"ODV23DBEBS00050";10000;45;"EnricoCiscato";" ";;"N";"N";
"DBELE";"ODV23DBEBS00050";10500;45;"EnricoCiscato";" ";;"N";"N";
"DBELE";"ODV23DBEBS00050";11000;10;;" ";;"N";"N";
"DBELE";"ODV23DBEBS00050";12000;45;"federicomodonesi";" ";;"N";"N";
"DBELE";"ODV23DBEBS00051";1000;50;"simonebontempi";" ";;"N";"N";
"DBELE";"ODV23DBEBS00051";2000;27;"StefanoVanuzzo";" ";;"N";"N";
"DBELE";"ODV23DBEBS00051";3000;27;"StefanoVanuzzo";" ";;"N";"N";
"DBELE";"ODV23DBEBS00051";4000;27;"StefanoVanuzzo";" ";;"N";"N";
"DBELE";"ODV23DBEBS00051";5000;27;"StefanoVanuzzo";" ";;"N";"N";
"DBELE";"ODV23DBEBS00051";6000;27;"StefanoVanuzzo";" ";;"N";"N";
"DBELE";"ODV23DBEBS00052";1000;20;"simonebontempi";" ";;"N";"N";
"DBELE";"ODV23DBEBS00053";1000;10;;" ";;"N";"N";
"DBELE";"ODV23DBEBS00054";1000;20;"simonebontempi";" ";;"N";"N";
"DBELE";"ODV23DBEBS00054";2000;35;"federicomodonesi";" ";;"N";"N";
"DBELE";"ODV23DBEBS00054";3000;35;"federicomodonesi";" ";;"N";"N";
"DBELE";"ODV23DBEBS00054";4000;20;"danieledotti";" ";"PAL B/G - DVB-T

Ch. 55 (743 MHZ


Driver di SFT502U_B8A";"S";"N";
"DBELE";"ODV23DBEBS00055";1000;35;"robertorosa";" ";;"N";"N";
"DBELE";"ODV23DBEBS00056";1000;27;"robertorosa";" ";;"N";"N";
"DBELE";"ODV23DBEBS00056";2000;50;;" ";;"N";"N";
"DBELE";"ODV23DBEBS00057";1000;20;"danieledotti";" ";;"N";"N";
"DBELE";"ODV23DBEBS00058";1000;27;"EnricoCiscato";" ";;"N";"N";
"DBELE";"ODV23DBEBS00058";2000;27;"EnricoCiscato";" ";;"N";"N";
"DBELE";"ODV23DBEBS00058";3000;27;"EnricoCiscato";" ";;"N";"N";
"DBELE";"ODV23DBEBS00058";4000;27;"EnricoCiscato";" ";;"N";"N";
"DBELE";"ODV23DBEBS00058";5000;27;"EnricoCiscato";" ";;"N";"N";
"DBELE";"ODV23DBEBS00058";6000;27;"EnricoCiscato";" ";;"N";"N";
"DBELE";"ODV23DBEBS00058";7000;27;"EnricoCiscato";" ";;"N";"N";
"DBELE";"ODV23DBEBS00058";8000;27;"EnricoCiscato";" ";;"N";"N";
"DBELE";"ODV23DBEBS00058";9000;27;"EnricoCiscato";" ";;"N";"N";
"DBELE";"ODV23DBEBS00058";10000;27;"EnricoCiscato";" ";;"N";"N";
"DBELE";"ODV23DBEBS00058";11000;27;"EnricoCiscato";" ";;"N";"N";
"DBELE";"ODV23DBEBS00058";12000;27;"EnricoCiscato";" ";;"N";"N";
"DBELE";"ODV23DBEBS00058";13000;27;"EnricoCiscato";" ";;"N";"N";
"DBELE";"ODV23DBEBS00058";14000;27;"EnricoCiscato";" ";;"N";"N";
"DBELE";"ODV23DBEBS00058";15000;27;"EnricoCiscato";" ";;"N";"N";
"DBELE";"ODV23DBEBS00058";16000;27;"EnricoCiscato";" ";;"N";"N";
"DBELE";"ODV23DBEBS00058";17000;27;"EnricoCiscato";" ";;"N";"N";
"DBELE";"ODV23DBEBS00058";18000;27;"EnricoCiscato";" ";;"N";"N";
"DBELE";"ODV23DBEBS00058";19000;27;"EnricoCiscato";" ";;"N";"N";
"DBELE";"ODV23DBEBS00058";20000;27;"EnricoCiscato";" ";;"N";"N";
"DBELE";"ODV23DBEBS00058";21000;27;"EnricoCiscato";" ";;"N";"N";
"DBELE";"ODV23DBEBS00058";22000;20;"lucabressana";" ";;"N";"N";
"DBELE";"ODV23DBEBS00058";23000;20;"lucabressana";" ";;"N";"N";
"DBELE";"ODV23DBEBS00058";24000;20;"lucabressana";" ";;"N";"N";
"DBELE";"ODV23DBEBS00058";25000;20;"lucabressana";" ";;"N";"N";
"DBELE";"ODV23DBEBS00058";26000;20;"lucabressana";" ";;"N";"N";
"DBELE";"ODV23DBEBS00058";27000;20;"lucabressana";" ";;"N";"N";
"DBELE";"ODV23DBEBS00058";28000;20;"lucabressana";" ";;"N";"N";
"DBELE";"ODV23DBEBS00058";29000;20;"lucabressana";" ";;"N";"N";
"DBELE";"ODV23DBEBS00058";30000;20;"lucabressana";" ";;"N";"N";
"DBELE";"ODV23DBEBS00058";31000;20;"lucabressana";" ";;"N";"N";
"DBELE";"ODV23DBEBS00058";32000;20;"lucabressana";" ";;"N";"N";
"DBELE";"ODV23DBEBS00059";1000;10;;" ";;"N";"N";
"DBELE";"ODV23DBEBS00059";2000;10;;" ";;"N";"N";
"DBELE";"ODV23DBEBS00060";1000;27;"robertorosa";" ";;"N";"N";
"DBELE";"ODV23DBEBS00060";2000;27;"robertorosa";" ";;"N";"N";
"DBELE";"ODV23DBEBS00061";1000;20;"lucabressana";" ";"Ch. 34-36

Ch. 33-40

Ch. 31-35


DVB-T/T2 8 MHz";"S";"N";
"DBELE";"ODV23DBEBS00061";2000;27;"robertorosa";" ";;"N";"N";
"DBELE";"ODV23DBEBS00061";3000;20;"lucabressana";" ";;"N";"N";
"DBELE";"ODV23DBEBS00061";4000;45;"EnricoCiscato";" ";;"N";"N";
"DBELE";"ODV23DBEBS00061";5000;45;"EnricoCiscato";" ";;"N";"N";
"DBELE";"ODV23DBEBS00061";6000;45;"EnricoCiscato";" ";;"N";"N";
"DBELE";"ODV23DBEBS00061";7000;45;"EnricoCiscato";" ";;"N";"N";
"DBELE";"ODV23DBEBS00061";8000;45;"EnricoCiscato";" ";;"N";"N";
"DBELE";"ODV23DBEBS00061";9000;45;"EnricoCiscato";" ";;"N";"N";
"DBELE";"ODV23DBEBS00061";10000;45;"EnricoCiscato";" ";;"N";"N";
"DBELE";"ODV23DBEBS00061";11000;45;"EnricoCiscato";" ";;"N";"N";
"DBELE";"ODV23DBEBS00062";1000;27;"federicomodonesi";" ";;"N";"N";
"DBELE";"ODV23DBEBS00062";2000;27;"federicomodonesi";" ";;"N";"N";
"DBELE";"ODV23DBEBS00062";3000;27;"federicomodonesi";" ";;"N";"N";
"DBELE";"ODV23DBEBS00064";1000;35;"federicomodonesi";" ";;"N";"N";
"DBELE";"ODV23DBEBS00065";1000;35;"robertorosa";" ";;"N";"N";
"DBELE";"ODV23DBEBS00065";2000;45;"robertorosa";" ";;"N";"N";
"DBELE";"ODV23DBEBS00066";1000;20;"ManuelVega";" ";;"N";"N";
"DBELE";"ODV23DBEBS00066";2000;50;;" ";;"N";"N";
"DBELE";"ODV23DBEBS00066";3000;35;"robertorosa";" ";;"N";"N";
"DBELE";"ODV23DBEBS00066";4000;20;"simonebontempi";" ";;"N";"N";
"DBELE";"ODV23DBEBS00066";5000;20;"simonebontempi";" ";;"N";"N";
"DBELE";"ODV23DBEBS00066";6000;20;"simonebontempi";" ";;"N";"N";
"DBELE";"ODV23DBEBS00066";7000;35;"robertorosa";" ";;"N";"N";
"DBELE";"ODV23DBEBS00066";8000;20;"simonebontempi";" ";;"N";"N";
"DBELE";"ODV23DBEBS00066";9000;35;"robertorosa";" ";;"N";"N";
"DBELE";"ODV23DBEBS00066";10000;35;"robertorosa";" ";;"N";"N";
"DBELE";"ODV23DBEBS00066";11000;20;"lucabressana";" ";;"N";"N";
"DBELE";"ODV23DBEBS00066";12000;50;;" ";;"N";"N";
"DBELE";"ODV23DBEBS00066";13000;35;"robertorosa";" ";;"N";"N";
"DBELE";"ODV23DBEBS00066";14000;20;"simonebontempi";" ";;"N";"N";
"DBELE";"ODV23DBEBS00066";15000;20;"simonebontempi";" ";;"N";"N";
"DBELE";"ODV23DBEBS00066";16000;20;"simonebontempi";" ";;"N";"N";
"DBELE";"ODV23DBEBS00066";17000;20;"simonebontempi";" ";;"N";"N";
"DBELE";"ODV23DBEBS00066";18000;35;"robertorosa";" ";;"N";"N";
"DBELE";"ODV23DBEBS00066";19000;35;"robertorosa";" ";;"N";"N";
"DBELE";"ODV23DBEBS00066";20000;20;"lucabressana";" ";;"N";"N";
"DBELE";"ODV23DBEBS00066";21000;20;"lucabressana";" ";;"N";"N";
"DBELE";"ODV23DBEBS00067";1000;27;"robertorosa";" ";;"N";"N";
"DBELE";"ODV23DBEBS00068";1000;27;"robertorosa";" ";;"N";"N";
"DBELE";"ODV23DBEBS00068";2000;20;"lucabressana";" ";;"N";"N";
"DBELE";"ODV23DBEBS00068";3000;20;"simonebontempi";" ";;"N";"N";
"DBELE";"ODV23DBEBS00069";1000;10;;" ";;"N";"N";
"DBELE";"ODV23DBEBS00069";2000;35;"federicomodonesi";" ";;"N";"N";
"DBELE";"ODV23DBEBS00070";1000;20;"simonebontempi";" ";"Ch. 10B";"S";"N";
"DBELE";"ODV23DBEBS00071";1000;50;"lucabressana";" ";"CH. 36 ISDBT-Tb con opzione ReMux
220V 3P";"S";"N";
"DBELE";"ODV23DBEBS00071";2000;20;"simonebontempi";" ";;"N";"N";
"DBELE";"ODV23DBEBS00071";3000;27;"robertorosa";" ";;"N";"N";
"DBELE";"ODV23DBEBS00072";1000;35;;" ";;"N";"N";
"DBELE";"ODV23DBEBS00072";2000;35;;" ";;"N";"N";
"DBELE";"ODV23DBEBS00073";1000;10;;" ";;"N";"N";
"DBELE";"ODV23DBEBS00073";2000;10;;" ";;"N";"N";
"DBELE";"ODV23DBEBS00073";3000;10;;" ";;"N";"N";
"DBELE";"ODV23DBEBS00074";1000;27;"robertorosa";" ";;"N";"N";
"DBELE";"ODV23DBEBS00077";1000;50;"lucabressana";" ";"ch. 30 DVB-T2 8MHz";"S";"N";
"DBELE";"ODV23DBEBS00077";2000;50;"robertorosa";" ";;"N";"N";
"DBELE";"ODV23DBEBS00077";3000;50;"robertorosa";" ";;"N";"N";
"DBELE";"ODV23DBEBS00077";4000;50;"lucabressana";" ";;"N";"N";
"DBELE";"ODV23DBEBS00078";1000;20;"simonebontempi";" ";"1pz per SFTDAB015 
1pz per SFTDAB150";"S";"N";
"DBELE";"ODV23DBEBS00080";1000;20;"EnricoCiscato";" ";;"N";"N";
"DBELE";"ODV23DBEBS00081";1000;35;"federicomodonesi";" ";;"N";"N";
"DBELE";"ODV23DBEBS00082";1000;35;"federicomodonesi";" ";;"N";"N";
"DBELE";"ODV23DBEBS00082";2000;35;"federicomodonesi";" ";;"N";"N";
"DBELE";"ODV23DBEBS00083";1000;27;"robertorosa";" ";;"N";"N";
"DBELE";"ODV23DBEBS00083";2000;27;"robertorosa";" ";;"N";"N";
"DBELE";"ODV23DBEBS00083";3000;27;"robertorosa";" ";;"N";"N";
"DBELE";"ODV23DBEBS00083";4000;27;"robertorosa";" ";;"N";"N";
"DBELE";"ODV23DBEBS00084";1000;20;"lucabressana";" ";"2pz ch. 25 + 2pz ch. 29

DVB-T 8MHz";"S";"N";
"DBELE";"ODV23DBEBS00084";2000;20;"lucabressana";" ";"1pz Ch. 25 + 1pz Ch. 29

DVB-T 8MHz";"S";"N";
"DBELE";"ODV23DBEBS00085";1000;20;"lucabressana";" ";"Ch. 8A";"S";"N";
"DBELE";"ODV23DBEBS00087";1000;20;"lucabressana";" ";"Ch. 9D";"S";"N";
"DBELE";"ODV23DBEBS00088";1000;50;"lucabressana";" ";;"N";"N";
"DBELE";"ODV23DBEBS00088";2000;50;"robertorosa";" ";;"N";"N";
"DBELE";"ODV23DBEBS00089";1000;20;"lucabressana";" ";;"N";"N";
"DBELE";"ODV23DBEBS00089";2000;20;"lucabressana";" ";;"N";"N";
"DBELE";"ODV23DBEBS00089";3000;20;"lucabressana";" ";;"N";"N";
"DBELE";"ODV23DBEBS00089";3500;20;"lucabressana";" ";;"N";"N";
"DBELE";"ODV23DBEBS00089";3750;35;"lucabressana";" ";;"N";"N";
"DBELE";"ODV23DBEBS00089";4000;20;"lucabressana";" ";;"N";"N";
"DBELE";"ODV23DBEBS00090";2000;20;"lucabressana";" ";"IN: ch. 30

OUT: ch. 25 - 3 Wrms


DVB-T/T2";"S";"N";
"DBELE";"ODV23DBEBS00091";1000;27;"robertorosa";" ";;"N";"N";
"DBELE";"ODV23DBEBS00091";2000;27;"robertorosa";" ";;"N";"N";
"DBELE";"ODV23DBEBS00092";1000;20;"EnricoCiscato";" ";;"N";"N";
"DBELE";"ODV23DBEBS00093";1000;20;"lucabressana";" ";"Ch. 11C";"S";"N";
"DBELE";"ODV23DBEBS00093";2000;35;"robertorosa";" ";;"N";"N";
"DBELE";"ODV23DBEBS00093";3000;20;"simonebontempi";" ";"Per SDT500TB_ARK6_E1 - 1508-56304";"S";"N";"#file:///L:\laboratorio\03_MATRICOLE%20E%20COLLAUDO%20APPARATI\Fogli%20di%20Layout%20e%20Collaudo\NEA%20RADIO\1630-56902_L%20(%20Nea%20Radio%20).pdf#"
"DBELE";"ODV23DBEBS00094";1000;10;;" ";;"N";"N";
"DBELE";"ODV23DBEBS00094";2000;10;;" ";;"N";"N";
"DBELE";"ODV23DBEBS00095";1000;10;;" ";;"N";"N";
"DBELE";"ODV23DBEBS00095";2000;10;;" ";;"N";"N";
"DBELE";"ODV23DBEBS00096";2000;20;"danieledotti";" ";;"N";"N";
"DBELE";"ODV23DBEBS00098";1000;50;"lucabressana";" ";"1x ch. 30 ISDB-Tb - 380V
1x ch. 43 ISDB-Tb - 380V";"S";"N";
"DBELE";"ODV23DBEBS00099";1000;27;"robertorosa";" ";;"N";"N";
"DBELE";"ODV23DBEBS00099";2000;27;"robertorosa";" ";;"N";"N";
"DBELE";"ODV23DBEBS00100";1000;35;"federicomodonesi";" ";;"N";"N";
"DBELE";"ODV23DBEBS00102";1000;50;"lucabressana";" ";"Ch. 8A - 220V 1P
ETI over IP";"S";"N";
"DBELE";"ODV23DBEBS00102";2000;27;"robertorosa";" ";;"N";"N";
"DBELE";"ODV23DBEBS00102";3000;27;"robertorosa";" ";;"N";"N";
"DBELE";"ODV23DBEBS00102";4000;50;"lucabressana";" ";;"N";"N";
"DBELE";"ODV23DBEBS00103";1000;10;;" ";"Ingresso Sat 9° Est bouque Mediaset Ch5-Ita1-Rete$ ecc
Uscita Ch 44 DVB-T MFN potenza +35 dBm";"S";"N";
"DBELE";"ODV23DBEBS00104";1000;20;"lucabressana";" ";"Ch. 6A";"S";"N";
"DBELE";"ODV23DBEBS00104";2000;20;"lucabressana";" ";;"N";"N";
"DBELE";"ODV23DBEBS00106";1000;20;"simonebontempi";" ";"S/N 1310-53294

SDT200TA-ARK1_TV - ch. 3 NTSC";"S";"N";"#file:///L:\laboratorio\03_MATRICOLE%20E%20COLLAUDO%20APPARATI\Fogli%20di%20Layout%20e%20Collaudo\MEDIOS%20Y%20SERVICIOS%20INTEGRADOS\20-03-15\1310-53294.pdf#"
"DBELE";"ODV23DBEBS00106";2000;20;"pietroguarinoni";" ";;"N";"N";
"DBELE";"ODV23DBEBS00106";3000;20;"lucabressana";" ";;"N";"N";
"DBELE";"ODV23DBEBS00106";4000;25;"lucabressana";" ";;"N";"N";
"DBELE";"ODV23DBEBS00106";5000;20;"danieledotti";" ";;"N";"N";
"DBELE";"ODV23DBEBS00107";1000;20;"lucabressana";" ";;"N";"N";
"DBELE";"ODV23DBEBS00107";2000;20;"lucabressana";" ";;"N";"N";
"DBELE";"ODV23DBEBS00107";3000;20;"lucabressana";" ";;"N";"N";
"DBELE";"ODV23DBEBS00109";1000;20;"lucabressana";" ";;"N";"N";
"DBELE";"ODV23DBEBS00110";1000;27;"lucabressana";" ";;"N";"N";
"DBELE";"ODV23DBEBS00111";1000;35;"federicomodonesi";" ";;"N";"N";
"DBELE";"ODV23DBEBS00112";1000;20;"lucabressana";" ";"Ch. 9 ATSC 1.0/NTSC";"S";"N";
"DBELE";"ODV23DBEBS00113";1000;10;;" ";;"N";"N";
"DBELE";"ODV23DBEBS00114";1000;20;"simonebontempi";" ";;"N";"N";
"DBELE";"ODV23DBEBS00114";2000;20;"simonebontempi";" ";;"N";"N";
"DBELE";"ODV23DBEPD00001";1000;20;"LorenzoTasca";" ";;"N";"N";
"DBELE";"ODV23DBEPD00001";2000;27;"StefanoVanuzzo";" ";;"N";"N";
"DBELE";"ODV23DBEPD00001";3000;27;"StefanoVanuzzo";" ";;"N";"N";
"DBELE";"ODV23DBEPD00002";1000;50;"StefanoVanuzzo";" ";;"N";"N";
"DBELE";"ODV23DBEPD00002";2000;45;"EnricoCiscato";" ";;"N";"N";
"DBELE";"ODV23DBEPD00003";1000;27;"StefanoVanuzzo";" ";;"N";"N";
"DBELE";"ODV23DBEPD00004";1000;50;"lucabressana";" ";"Ch. 46 PAL D/K - DVB-T2
1000 Wps";"S";"N";
"DBELE";"ODV23DBEPD00004";2000;50;"lucabressana";" ";;"N";"N";
"DBELE";"ODV23DBEPD00004";3000;35;"FedericaFavero";" ";;"N";"N";
"DBELE";"ODV23DBEPD00005";1000;50;"StefanoVanuzzo";" ";;"N";"N";
"DBELE";"ODV23DBEPD00005";2000;27;"StefanoVanuzzo";" ";;"N";"N";
"DBELE";"ODV23DBEPD00005";3000;27;"StefanoVanuzzo";" ";;"N";"N";
"DBELE";"ODV23DBEPD00005";4000;27;"StefanoVanuzzo";" ";;"N";"N";
"DBELE";"ODV23DBEPD00005";5000;27;"StefanoVanuzzo";" ";;"N";"N";
"DBELE";"ODV23DBEPD00005";6000;27;"StefanoVanuzzo";" ";;"N";"N";
"DBELE";"ODV23DBEPD00005";7000;27;"StefanoVanuzzo";" ";;"N";"N";
"DBELE";"ODV23DBEPD00005";8000;27;"StefanoVanuzzo";" ";;"N";"N";
"DBELE";"ODV23DBEPD00005";9000;27;"StefanoVanuzzo";" ";;"N";"N";
"DBELE";"ODV23DBEPD00005";10000;27;"StefanoVanuzzo";" ";;"N";"N";
"DBELE";"ODV23DBEPD00006";1000;35;"FedericaFavero";" ";;"N";"N";
"DBELE";"ODV23DBEPD00007";1000;50;"StefanoVanuzzo";" ";;"N";"N";
"DBELE";"ODV23DBEPD00007";2000;50;"StefanoVanuzzo";" ";;"N";"N";
"DBELE";"ODV23DBEPD00007";3000;50;"StefanoVanuzzo";" ";;"N";"N";
"DBELE";"ODV23DBEPD00007";4000;50;"StefanoVanuzzo";" ";;"N";"N";
"DBELE";"ODV23DBEPD00008";1000;50;"StefanoVanuzzo";" ";;"N";"N";
"DBELE";"ODV23DBEPD00009";1000;45;"EnricoCiscato";" ";;"N";"N";
"DBELE";"ODV23DBEPD00009";2000;20;"ManuelVega";" ";;"N";"N";
"DBELE";"ODV23DBEPD00009";3000;45;"EnricoCiscato";" ";;"N";"N";
"DBELE";"ODV23DBEPD00009";4000;45;"EnricoCiscato";" ";;"N";"N";
"DBELE";"ODV23DBEPD00009";5000;45;"EnricoCiscato";" ";;"N";"N";
"DBELE";"ODV23DBEPD00009";6000;45;"EnricoCiscato";" ";;"N";"N";
"DBELE";"ODV23DBEPD00009";7000;45;"EnricoCiscato";" ";;"N";"N";
"DBELE";"ODV23DBEPD00009";8000;45;"EnricoCiscato";" ";;"N";"N";
"DBELE";"ODV23DBEPD00009";9000;45;"EnricoCiscato";" ";;"N";"N";
"DBELE";"ODV23DBEPD00009";10000;45;"EnricoCiscato";" ";;"N";"N";
"DBELE";"ODV23DBEPD00009";11000;45;"EnricoCiscato";" ";;"N";"N";
"DBELE";"ODV23DBEPD00009";12000;45;"EnricoCiscato";" ";;"N";"N";
"DBELE";"ODV23DBEPD00009";13000;45;"EnricoCiscato";" ";;"N";"N";
"DBELE";"ODV23DBEPD00010";1000;50;"StefanoVanuzzo";" ";;"N";"N";
"DBELE";"ODV23DBEPD00010";2000;50;"StefanoVanuzzo";" ";;"N";"N";
"DBELE";"ODV23DBEPD00011";1000;35;"FedericaFavero";" ";;"N";"N";
"DBELE";"ODV23DBEPD00012";1000;50;"StefanoVanuzzo";" ";;"N";"N";
"DBELE";"ODV23DBEPD00012";2000;27;"StefanoVanuzzo";" ";;"N";"N";
"DBELE";"ODV23DBEPD00012";3000;27;"StefanoVanuzzo";" ";;"N";"N";
"DBELE";"ODV23DBEPD00012";4000;27;"StefanoVanuzzo";" ";;"N";"N";
"DBELE";"ODV23DBEPD00013";1000;50;"StefanoVanuzzo";" ";"Frequenza: 1517.75 MHz";"S";"N";
"DBELE";"ODV23DBEPD00013";2000;50;"StefanoVanuzzo";" ";"Frequenza: 1517.75 MHz";"S";"N";
"DBELE";"ODV23DBEPD00014";1000;50;"StefanoVanuzzo";" ";;"N";"N";
"DBELE";"ODV23DBEPD00014";2000;50;"StefanoVanuzzo";" ";;"N";"N";
"DBELE";"ODV23DBEPD00015";1000;20;"simonebontempi";" ";"Per SFK112V - S/N 2046-59009

Ch. 7 - ATSC";"S";"N";
"DBELE";"ODV23DBEPD00016";1000;50;"StefanoVanuzzo";" ";;"N";"N";
"DBELE";"ODV23DBEPD00016";2000;27;"StefanoVanuzzo";" ";;"N";"N";
"DBELE";"ODV23DBEPD00016";3000;27;"StefanoVanuzzo";" ";;"N";"N";
"DBELE";"ODV23DBEPD00016";4000;27;"StefanoVanuzzo";" ";;"N";"N";
"DBELE";"ODV23DBEPD00016";5000;27;"StefanoVanuzzo";" ";;"N";"N";
"DBELE";"ODV23DBEPD00016";6000;27;"StefanoVanuzzo";" ";;"N";"N";
"DBELE";"ODV23DBEPD00016";7000;27;"StefanoVanuzzo";" ";;"N";"N";
"DBELE";"ODV23DBEPD00016";8000;27;"StefanoVanuzzo";" ";;"N";"N";
"DBELE";"ODV23DBEPD00016";9000;27;"StefanoVanuzzo";" ";;"N";"N";
"DBELE";"ODV23DBEPD00016";10000;27;"StefanoVanuzzo";" ";;"N";"N";
"DBELE";"ODV23DBEPD00016";11000;27;"StefanoVanuzzo";" ";;"N";"N";
"DBELE";"ODV23DBEPD00016";12000;27;"StefanoVanuzzo";" ";;"N";"N";
"DBELE";"ODV23DBEPD00016";13000;27;"StefanoVanuzzo";" ";;"N";"N";
"DBELE";"ODV23DBEPD00017";1000;35;"FedericaFavero";" ";;"N";"N";
"DBELE";"ODV23DBEPD00017";2000;35;"FedericaFavero";" ";;"N";"N";
"DBELE";"ODV23DBEPD00017";3000;35;"FedericaFavero";" ";;"N";"N";
"DBELE";"ODV23DBEPD00018";1000;50;"StefanoVanuzzo";" ";;"N";"N";
"DBELE";"ODV23DBEPD00018";2000;27;"StefanoVanuzzo";" ";;"N";"N";
"DBELE";"ODV23DBEPD00018";3000;27;"StefanoVanuzzo";" ";;"N";"N";
"DBELE";"ODV23DBEPD00018";4000;27;"StefanoVanuzzo";" ";;"N";"N";
"DBELE";"ODV23DBEPD00019";1000;50;"StefanoVanuzzo";" ";;"N";"N";
"DBELE";"ODV23DBEPD00019";2000;27;"StefanoVanuzzo";" ";;"N";"N";
"DBELE";"ODV23DBEPD00019";3000;27;"StefanoVanuzzo";" ";;"N";"N";
"DBELE";"ODV23DBEPD00020";1000;50;"StefanoVanuzzo";" ";;"N";"N";
"DBELE";"ODV23DBEPD00021";1000;45;"EnricoCiscato";" ";;"N";"N";
"DBELE";"ODV23DBEPD00021";2000;45;"EnricoCiscato";" ";;"N";"N";
"DBELE";"ODV23DBEPD00021";3000;45;"EnricoCiscato";" ";;"N";"N";
"DBELE";"ODV23DBEPD00022";1000;27;"StefanoVanuzzo";" ";;"N";"N";
"DBELE";"ODV23DBEPD00022";2000;50;"StefanoVanuzzo";" ";;"N";"N";
"DBELE";"ODV23DBEPD00023";1000;45;"EnricoCiscato";" ";;"N";"N";
"DBELE";"ODV23DBEPD00024";1000;45;"EnricoCiscato";" ";;"N";"N";
"DBELE";"ODV23DBEPD00025";1000;35;"FedericaFavero";" ";;"N";"N";
"DBELE";"ODV23DBEPD00025";2000;35;"FedericaFavero";" ";;"N";"N";
"DBELE";"ODV23DBEPD00025";3000;35;"FedericaFavero";" ";;"N";"N";
"DBELE";"ODV23DBEPD00025";4000;35;"FedericaFavero";" ";;"N";"N";
"DBELE";"ODV23DBEPD00025";5000;35;"FedericaFavero";" ";;"N";"N";
"DBELE";"ODV23DBEPD00025";6000;35;"FedericaFavero";" ";;"N";"N";
"DBELE";"ODV23DBEPD00025";7000;35;"FedericaFavero";" ";;"N";"N";
"DBELE";"ODV23DBEPD00025";8000;35;"FedericaFavero";" ";;"N";"N";
"DBELE";"ODV23DBEPD00025";9000;35;"FedericaFavero";" ";;"N";"N";
"DBELE";"ODV23DBEPD00025";10000;35;"FedericaFavero";" ";;"N";"N";
"DBELE";"ODV23DBEPD00025";11000;35;"FedericaFavero";" ";;"N";"N";
"DBELE";"ODV23DBEPD00025";12000;35;"FedericaFavero";" ";;"N";"N";
"DBELE";"ODV23DBEPD00025";13000;35;"FedericaFavero";" ";;"N";"N";
"DBELE";"ODV23DBEPD00025";14000;35;"FedericaFavero";" ";;"N";"N";
"DBELE";"ODV23DBEPD00026";1000;30;"LorenzoTasca";" ";;"N";"N";
"DBELE";"ODV23DBEPD00026";2000;30;"LorenzoTasca";" ";;"N";"N";
"DBELE";"ODV23DBEPD00026";3000;30;"LorenzoTasca";" ";;"N";"N";
"DBELE";"ODV23DBEPD00026";4000;30;"LorenzoTasca";" ";;"N";"N";
"DBELE";"ODV23DBEPD00026";5000;30;"LorenzoTasca";" ";;"N";"N";
"DBELE";"ODV23DBEPD00026";6000;30;"LorenzoTasca";" ";;"N";"N";
"DBELE";"ODV23DBEPD00026";7000;30;"LorenzoTasca";" ";;"N";"N";
"DBELE";"ODV23DBEPD00026";8000;30;"LorenzoTasca";" ";;"N";"N";
"DBELE";"ODV23DBEPD00026";9000;30;"LorenzoTasca";" ";;"N";"N";
"DBELE";"ODV23DBEPD00026";10000;35;"FedericaFavero";" ";;"N";"N";
"DBELE";"ODV23DBEPD00027";1000;27;"stefanoroverato";" ";;"N";"N";
"DBELE";"ODV23DBEPD00028";1000;27;"EnricoCiscato";" ";;"N";"N";
"DBELE";"ODV23DBEPD00028";2000;27;"StefanoVanuzzo";" ";;"N";"N";
"DBELE";"ODV23DBEPD00028";3000;27;"StefanoVanuzzo";" ";;"N";"N";
"DBELE";"ODV23DBEPD00029";1000;35;"FedericaFavero";" ";;"N";"N";
"DBELE";"ODV23DBEPD00029";2000;35;"FedericaFavero";" ";;"N";"N";
"DBELE";"ODV23DBEPD00030";1000;50;"StefanoVanuzzo";" ";"Freq. 406.6 MHz";"S";"N";
"DBELE";"ODV23DBEPD00031";1000;50;"StefanoVanuzzo";" ";;"N";"N";
"DBELE";"ODV23DBEPD00031";2000;50;"StefanoVanuzzo";" ";;"N";"N";
"DBELE";"ODV23DBEPD00031";3000;27;"StefanoVanuzzo";" ";;"N";"N";
"DBELE";"ODV23DBEPD00031";4000;27;"StefanoVanuzzo";" ";;"N";"N";
"DBELE";"ODV23DBEPD00032";1000;50;"StefanoVanuzzo";" ";;"N";"N";
"DBELE";"ODV23DBEPD00032";2000;50;"StefanoVanuzzo";" ";;"N";"N";
"DBELE";"ODV23DBEPD00032";3000;50;"StefanoVanuzzo";" ";;"N";"N";
"DBELE";"ODV23DBEPD00032";4000;50;"StefanoVanuzzo";" ";;"N";"N";
"DBELE";"ODV23DBEPD00032";5000;50;"StefanoVanuzzo";" ";;"N";"N";
"DBELE";"ODV23DBEPD00033";1000;50;"StefanoVanuzzo";" ";;"N";"N";
"DBELE";"ODV23DBEPD00033";2000;27;"StefanoVanuzzo";" ";;"N";"N";
"DBELE";"ODV23DBEPD00033";3000;27;"StefanoVanuzzo";" ";;"N";"N";
"DBELE";"ODV23DBEPD00033";4000;27;"StefanoVanuzzo";" ";;"N";"N";
"DBELE";"ODV23DBEPD00033";5000;27;"StefanoVanuzzo";" ";;"N";"N";
"DBELE";"ODV23DBEPD00033";6000;27;"StefanoVanuzzo";" ";;"N";"N";
"DBELE";"ODV23DBEPD00033";7000;27;"StefanoVanuzzo";" ";;"N";"N";
"DBELE";"ODV23DBEPD00034";1000;35;"FedericaFavero";" ";;"N";"N";
"DBELE";"ODV23DBEPD00036";1000;35;"FedericaFavero";" ";;"N";"N";
"DBELE";"ODV23DBEPD00037";1000;35;"FedericaFavero";" ";;"N";"N";
"DBELE";"ODV23DBEPD00038";1000;35;"StefanoVanuzzo";" ";;"N";"N";
"DBELE";"ODV23DBEPD00038";2000;35;"StefanoVanuzzo";" ";;"N";"N";
"DBELE";"ODV23DBEPD00038";3000;35;"StefanoVanuzzo";" ";;"N";"N";
"DBELE";"ODV23DBEPD00038";4000;35;"StefanoVanuzzo";" ";;"N";"N";
"DBELE";"ODV23DBEPD00038";5000;35;"StefanoVanuzzo";" ";;"N";"N";
"DBELE";"ODV23DBEPD00038";6000;35;"StefanoVanuzzo";" ";;"N";"N";
"DBELE";"ODV23DBEPD00038";7000;35;"StefanoVanuzzo";" ";;"N";"N";
"DBELE";"ODV23DBEPD00038";8000;35;"StefanoVanuzzo";" ";;"N";"N";
"DBELE";"ODV23DBEPD00038";9000;35;"StefanoVanuzzo";" ";;"N";"N";
"DBELE";"ODV23DBEPD00038";10000;35;"StefanoVanuzzo";" ";;"N";"N";
"DBELE";"ODV23DBEPD00038";11000;35;"StefanoVanuzzo";" ";;"N";"N";
"DBELE";"ODV23DBEPD00038";12000;35;"StefanoVanuzzo";" ";;"N";"N";
"DBELE";"ODV23DBEPD00038";12250;35;"StefanoVanuzzo";" ";;"N";"N";
"DBELE";"ODV23DBEPD00038";12625;35;"StefanoVanuzzo";" ";;"N";"N";
"DBELE";"ODV23DBEPD00038";12750;35;"StefanoVanuzzo";" ";;"N";"N";
"DBELE";"ODV23DBEPD00038";12875;35;"StefanoVanuzzo";" ";;"N";"N";
"DBELE";"ODV23DBEPD00038";13000;35;"StefanoVanuzzo";" ";;"N";"N";
"DBELE";"ODV23DBEPD00039";1000;50;"StefanoVanuzzo";" ";;"N";"N";
"DBELE";"ODV23DBEPD00039";2000;50;"StefanoVanuzzo";" ";;"N";"N";
"DBELE";"ODV23DBEPD00039";3000;50;"StefanoVanuzzo";" ";;"N";"N";
"DBELE";"ODV23DBEPD00039";4000;50;"StefanoVanuzzo";" ";;"N";"N";
"DBELE";"ODV23DBEPD00039";5000;50;"StefanoVanuzzo";" ";;"N";"N";
"DBELE";"ODV23DBEPD00039";6000;50;"StefanoVanuzzo";" ";;"N";"N";
"DBELE";"ODV23DBEPD00039";7000;50;"StefanoVanuzzo";" ";;"N";"N";
"DBELE";"ODV23DBEPD00039";8000;50;"StefanoVanuzzo";" ";;"N";"N";
"DBELE";"ODV23DBEPD00039";9000;27;"StefanoVanuzzo";" ";;"N";"N";
"DBELE";"ODV23DBEPD00039";10000;50;"StefanoVanuzzo";" ";;"N";"N";
"DBELE";"ODV23DBEPD00039";11000;35;"federicomodonesi";" ";;"N";"N";
"DBELE";"ODV23DBEPD00040";1000;20;"LorenzoTasca";" ";"Alimentación : 220 Vac ,60 Hz monofasica";"S";"N";
"DBELE";"ODV23DBEPD00041";1000;50;"StefanoVanuzzo";" ";;"N";"N";
"DBELE";"ODV23DBEPD00041";2000;50;"StefanoVanuzzo";" ";;"N";"N";
"DBELE";"ODV23DBEPD00041";3000;50;"StefanoVanuzzo";" ";;"N";"N";
"DBELE";"ODV23DBEPD00042";1000;50;"StefanoVanuzzo";" ";;"N";"N";
"DBELE";"ODV23DBEPD00043";1000;27;"robertorosa";" ";;"N";"N";
"DBELE";"ODV23DBEPD00043";2000;25;"robertorosa";" ";;"N";"N";
"DBELE";"ODV23DBEPD00043";3000;50;;" ";;"N";"N";
"DBELE";"ODV23DBEPD00044";1000;35;"EnricoCiscato";" ";;"N";"N";
"DBELE";"ODV23DBEPD00045";1000;50;"StefanoVanuzzo";" ";;"N";"N";
"DBELE";"ODV23DBEPD00046";1000;50;"StefanoVanuzzo";" ";;"N";"N";
"DBELE";"ODV23DBEPD00046";2000;50;"StefanoVanuzzo";" ";;"N";"N";
"DBELE";"ODV23DBEPD00046";3000;50;"StefanoVanuzzo";" ";;"N";"N";
"DBELE";"ODV23DBEPD00047";1000;50;"StefanoVanuzzo";" ";;"N";"N";
"DBELE";"ODV23DBEPD00047";2000;50;"StefanoVanuzzo";" ";;"N";"N";
"DBELE";"ODV23DBEPD00047";3000;50;"StefanoVanuzzo";" ";;"N";"N";
"DBELE";"ODV23DBEPD00049";1000;50;"StefanoVanuzzo";" ";;"N";"N";
"DBELE";"ODV23DBEPD00049";2000;50;"StefanoVanuzzo";" ";;"N";"N";
"DBELE";"ODV23DBEPD00049";3000;50;"StefanoVanuzzo";" ";;"N";"N";
"DBELE";"ODV23DBEPD00049";4000;50;"StefanoVanuzzo";" ";;"N";"N";
"DBELE";"ODV23DBEPD00049";5000;27;"StefanoVanuzzo";" ";;"N";"N";
"DBELE";"ODV23DBEPD00049";6000;50;"StefanoVanuzzo";" ";;"N";"N";
"DBELE";"ODV23DBEPD00049";7000;27;"StefanoVanuzzo";" ";;"N";"N";
"DBELE";"ODV23DBEPD00049";8000;20;"LorenzoTasca";" ";;"N";"N";
"DBELE";"ODV23DBEPD00049";9000;50;"StefanoVanuzzo";" ";;"N";"N";
"DBELE";"ODV23DBEPD00049";10000;50;"StefanoVanuzzo";" ";;"N";"N";
"DBELE";"ODV23DBEPD00049";11000;27;"StefanoVanuzzo";" ";;"N";"N";
"DBELE";"ODV23DBEPD00049";12000;27;"StefanoVanuzzo";" ";;"N";"N";
"DBELE";"ODV23DBEPD00049";13000;27;"StefanoVanuzzo";" ";;"N";"N";
"DBELE";"ODV23DBEPD00049";14000;50;"StefanoVanuzzo";" ";;"N";"N";
"DBELE";"ODV23DBEPD00049";15000;27;"EnricoCiscato";" ";;"N";"N";
"DBELE";"ODV23DBEPD00049";16000;50;"StefanoVanuzzo";" ";;"N";"N";
"DBELE";"ODV23DBEPD00050";1000;50;"StefanoVanuzzo";" ";;"N";"N";
"DBELE";"ODV23DBEPD00050";2000;27;"StefanoVanuzzo";" ";;"N";"N";
"DBELE";"ODV23DBEPD00050";3000;27;"StefanoVanuzzo";" ";;"N";"N";
"DBELE";"ODV23DBEPD00050";4000;45;"EnricoCiscato";" ";;"N";"N";
"DBELE";"ODV23DBEPD00050";5000;27;"EnricoCiscato";" ";;"N";"N";
"DBELE";"ODV23DBEPD00050";6000;27;"StefanoVanuzzo";" ";;"N";"N";
"DBELE";"ODV23DBEPD00050";7000;50;"StefanoVanuzzo";" ";;"N";"N";
"DBELE";"ODV23DBEPD00050";8000;50;"StefanoVanuzzo";" ";;"N";"N";
"DBELE";"ODV23DBEPD00050";9000;27;"StefanoVanuzzo";" ";;"N";"N";
"DBELE";"ODV23DBEPD00050";10000;27;"EnricoCiscato";" ";;"N";"N";
"DBELE";"ODV23DBEPD00050";11000;35;"FedericaFavero";" ";;"N";"N";
"DBELE";"ODV23DBEPD00050";12000;35;"FedericaFavero";" ";;"N";"N";
"DBELE";"ODV23DBEPD00051";2000;50;"StefanoVanuzzo";" ";;"N";"N";
"DBELE";"ODV23DBEPD00052";1000;50;"StefanoVanuzzo";" ";;"N";"N";
"DBELE";"ODV23DBEPD00053";1000;20;"LorenzoTasca";" ";;"N";"N";
"DBELE";"ODV23DBEPD00053";2000;50;"StefanoVanuzzo";" ";;"N";"N";
"DBELE";"ODV23DBEPD00054";1000;27;"StefanoVanuzzo";" ";;"N";"N";
"DBELE";"ODV23DBEPD00054";2000;50;"StefanoVanuzzo";" ";;"N";"N";
"DBELE";"ODV23DBEPD00055";1000;50;"StefanoVanuzzo";" ";;"N";"N";
"DBELE";"ODV23DBEPD00056";1000;50;"StefanoVanuzzo";" ";;"N";"N";
"DBELE";"ODV23DBEPD00057";1000;50;"StefanoVanuzzo";" ";"Spedire insieme a due riparazioni attualmente a Brescia";"S";"N";
"DBELE";"ODV23DBEPD00058";1000;45;"EnricoCiscato";" ";;"N";"N";
"DBELE";"ODV23DBEPD00059";1000;27;"StefanoVanuzzo";" ";;"N";"N";
"DBELE";"ODV23DBEPD00059";2000;45;"EnricoCiscato";" ";;"N";"N";
"DBELE";"ODV23DBEPD00060";1000;10;;" ";;"N";"N";
"DBELE";"ODV23DBEPD00060";2000;10;;" ";;"N";"N";
"DBELE";"ODV23DBEPD00060";3000;10;;" ";;"N";"N";
"DBELE";"ODV23DBEPD00062";1000;35;"FedericaFavero";" ";;"N";"N";
"DBELE";"ODV23DBEPD00062";2000;35;"FedericaFavero";" ";;"N";"N";
"DBELE";"ODV23DBEPD00063";1000;30;"LorenzoTasca";" ";;"N";"N";
"DBELE";"ODV23DBEPD00063";2000;50;"StefanoVanuzzo";" ";;"N";"N";
"DBELE";"ODV23DBEPD00063";3000;35;"FedericaFavero";" ";;"N";"N";
"DBELE";"ODV23DBEPD00064";1000;20;"federicomodonesi";" ";;"N";"N";
"DBELE";"ODV23DBEPD00065";1000;27;"StefanoVanuzzo";" ";;"N";"N";
"DBELE";"ODV23DBEPD00065";2000;27;"StefanoVanuzzo";" ";;"N";"N";
"DBELE";"ODV23DBEPD00065";3000;27;"StefanoVanuzzo";" ";;"N";"N";
"DBELE";"ODV23DBEPD00065";4000;27;"StefanoVanuzzo";" ";;"N";"N";
"DBELE";"ODV23DBEPD00065";5000;27;"StefanoVanuzzo";" ";;"N";"N";
"DBELE";"ODV23DBEPD00065";6000;27;"StefanoVanuzzo";" ";;"N";"N";
"DBELE";"ODV23DBEPD00066";1000;50;"StefanoVanuzzo";" ";;"N";"N";
"DBELE";"ODV23DBEPD00066";2000;50;"StefanoVanuzzo";" ";;"N";"N";
"DBELE";"ODV23DBEPD00066";3000;50;"StefanoVanuzzo";" ";;"N";"N";
"DBELE";"ODV23DBEPD00066";4000;50;"StefanoVanuzzo";" ";;"N";"N";
"DBELE";"ODV23DBEPD00067";1000;50;"StefanoVanuzzo";" ";;"N";"N";
"DBELE";"ODV23DBEPD00068";1000;50;"StefanoVanuzzo";" ";;"N";"N";
"DBELE";"ODV23DBEPD00069";1000;50;"StefanoVanuzzo";" ";;"N";"N";
"DBELE";"ODV23DBEPD00069";2000;50;"StefanoVanuzzo";" ";;"N";"N";
"DBELE";"ODV23DBEPD00069";3000;50;"StefanoVanuzzo";" ";;"N";"N";
"DBELE";"ODV23DBEPD00069";4000;50;"StefanoVanuzzo";" ";;"N";"N";
"DBELE";"ODV23DBEPD00070";1000;50;"StefanoVanuzzo";" ";;"N";"N";
"DBELE";"ODV23DBEPD00071";1000;50;"stefanoroverato";" ";;"N";"N";
"DBELE";"ODV23DBEPD00072";1000;35;"FedericaFavero";" ";;"N";"N";
"DBELE";"ODV23DBEPD00073";1000;35;"FedericaFavero";" ";;"N";"N";
"DBELE";"ODV23DBEPD00074";1000;50;"StefanoVanuzzo";" ";;"N";"N";
"DBELE";"ODV23DBEPD00074";2000;50;"StefanoVanuzzo";" ";;"N";"N";
"DBELE";"ODV23DBEPD00075";1000;20;"LorenzoTasca";" ";"PER STOCK MAGAZZINO";"S";"N";
"DBELE";"ODV23DBEPD00075";2000;50;"StefanoVanuzzo";" ";;"N";"N";
"DBELE";"ODV23DBEPD00076";1000;20;"LorenzoTasca";" ";;"N";"N";
"DBELE";"ODV23DBEPD00076";2000;50;"StefanoVanuzzo";" ";;"N";"N";
"DBELE";"ODV23DBEPD00077";500;35;"FedericaFavero";" ";;"N";"N";
"DBELE";"ODV23DBEPD00077";1000;35;"FedericaFavero";" ";;"N";"N";
"DBELE";"ODV23DBEPD00077";2000;35;"FedericaFavero";" ";;"N";"N";
"DBELE";"ODV23DBEPD00077";3000;35;"FedericaFavero";" ";;"N";"N";
"DBELE";"ODV23DBEPD00077";4000;35;"FedericaFavero";" ";;"N";"N";
"DBELE";"ODV23DBEPD00077";5000;35;"FedericaFavero";" ";;"N";"N";
"DBELE";"ODV23DBEPD00078";1000;50;"StefanoVanuzzo";" ";"220V 1P";"S";"N";
"DBELE";"ODV23DBEPD00078";1250;50;"StefanoVanuzzo";" ";;"N";"N";
"DBELE";"ODV23DBEPD00078";1500;20;"LorenzoTasca";" ";;"N";"N";
"DBELE";"ODV23DBEPD00078";2000;50;"StefanoVanuzzo";" ";"220V 1P";"S";"N";
"DBELE";"ODV23DBEPD00078";3000;50;"StefanoVanuzzo";" ";"220V 3P";"S";"N";
"DBELE";"ODV23DBEPD00079";1000;35;"FedericaFavero";" ";;"N";"N";
"DBELE";"ODV23DBEPD00080";1000;50;"StefanoVanuzzo";" ";;"N";"N";
"DBELE";"ODV23DBEPD00080";2000;50;"StefanoVanuzzo";" ";;"N";"N";
"DBELE";"ODV23DBEPD00081";1000;50;"StefanoVanuzzo";" ";;"N";"N";
"DBELE";"ODV23DBEPD00082";1000;30;"LorenzoTasca";" ";;"N";"N";
"DBELE";"ODV23DBEPD00083";1000;35;"FedericaFavero";" ";;"N";"N";
"DBELE";"ODV23DBEPD00084";1000;50;"StefanoVanuzzo";" ";;"N";"N";
"DBELE";"ODV23DBEPD00084";2000;50;"StefanoVanuzzo";" ";;"N";"N";
"DBELE";"ODV23DBEPD00084";3000;50;"StefanoVanuzzo";" ";;"N";"N";
"DBELE";"ODV23DBEPD00084";4000;50;"StefanoVanuzzo";" ";;"N";"N";
"DBELE";"ODV23DBEPD00084";5000;50;"StefanoVanuzzo";" ";;"N";"N";
"DBELE";"ODV23DBEPD00084";6000;50;"StefanoVanuzzo";" ";;"N";"N";
"DBELE";"ODV23DBEPD00084";7000;20;"LorenzoTasca";" ";;"N";"N";
"DBELE";"ODV23DBEPD00084";8000;50;"StefanoVanuzzo";" ";;"N";"N";
"DBELE";"ODV23DBEPD00085";1000;50;"StefanoVanuzzo";" ";"Freq. 312.350 MHz";"S";"N";
"DBELE";"ODV23DBEPD00085";2000;50;"StefanoVanuzzo";" ";"Freq. 312.350 MHz";"S";"N";
"DBELE";"ODV23DBEPD00086";2000;50;"StefanoVanuzzo";" ";;"N";"N";
"DBELE";"ODV23DBEPD00087";1000;50;"StefanoVanuzzo";" ";;"N";"N";
"DBELE";"ODV23DBEPD00088";1000;50;"StefanoVanuzzo";" ";;"N";"N";
"DBELE";"ODV23DBEPD00088";1500;50;"StefanoVanuzzo";" ";;"N";"N";
"DBELE";"ODV23DBEPD00088";4000;27;"StefanoVanuzzo";" ";;"N";"N";
"DBELE";"ODV23DBEPD00088";5000;27;"StefanoVanuzzo";" ";;"N";"N";
"DBELE";"ODV23DBEPD00088";6000;27;"StefanoVanuzzo";" ";;"N";"N";
"DBELE";"ODV23DBEPD00088";7000;27;"StefanoVanuzzo";" ";;"N";"N";
"DBELE";"ODV23DBEPD00088";8000;27;"StefanoVanuzzo";" ";;"N";"N";
"DBELE";"ODV23DBEPD00088";9000;27;"StefanoVanuzzo";" ";;"N";"N";
"DBELE";"ODV23DBEPD00088";10000;27;"StefanoVanuzzo";" ";;"N";"N";
"DBELE";"ODV23DBEPD00088";11000;27;"StefanoVanuzzo";" ";;"N";"N";
"DBELE";"ODV23DBEPD00088";12000;50;"StefanoVanuzzo";" ";;"N";"N";
"DBELE";"ODV23DBEPD00088";13000;50;"StefanoVanuzzo";" ";;"N";"N";
"DBELE";"ODV23DBEPD00088";13500;50;"StefanoVanuzzo";" ";;"N";"N";
"DBELE";"ODV23DBEPD00088";16000;27;"StefanoVanuzzo";" ";;"N";"N";
"DBELE";"ODV23DBEPD00088";17000;27;"StefanoVanuzzo";" ";;"N";"N";
"DBELE";"ODV23DBEPD00088";18000;27;"StefanoVanuzzo";" ";;"N";"N";
"DBELE";"ODV23DBEPD00088";19000;27;"StefanoVanuzzo";" ";;"N";"N";
"DBELE";"ODV23DBEPD00088";20000;27;"StefanoVanuzzo";" ";;"N";"N";
"DBELE";"ODV23DBEPD00088";21000;27;"StefanoVanuzzo";" ";;"N";"N";
"DBELE";"ODV23DBEPD00088";22000;27;"StefanoVanuzzo";" ";;"N";"N";
"DBELE";"ODV23DBEPD00088";23000;50;"StefanoVanuzzo";" ";;"N";"N";
"DBELE";"ODV23DBEPD00089";1000;50;"StefanoVanuzzo";" ";"freq1: 305.250 MHz
freq2: 312.250 MHz";"S";"N";
"DBELE";"ODV23DBEPD00089";2000;50;"StefanoVanuzzo";" ";"freq1: 305.250 MHz
freq2: 312.250 MHz";"S";"N";
"DBELE";"ODV23DBEPD00090";1000;35;"FedericaFavero";" ";;"N";"N";
"DBELE";"ODV23DBEPD00092";1000;35;"FedericaFavero";" ";;"N";"N";
"DBELE";"ODV23DBEPD00093";1000;20;"LorenzoTasca";" ";"220V - 60Hz";"S";"N";
"DBELE";"ODV23DBEPD00093";2000;50;"StefanoVanuzzo";" ";;"N";"N";
"DBELE";"ODV23DBEPD00094";1000;50;"StefanoVanuzzo";" ";;"N";"N";
"DBELE";"ODV23DBEPD00095";1000;50;"StefanoVanuzzo";" ";;"N";"N";
"DBELE";"ODV23DBEPD00096";1000;35;"FedericaFavero";" ";;"N";"N";
"DBELE";"ODV23DBEPD00097";500;35;"FedericaFavero";" ";;"N";"N";
"DBELE";"ODV23DBEPD00097";1000;50;"StefanoVanuzzo";" ";"Fornire adattatore 7/8"" - 1+5/8""";"S";"N";
"DBELE";"ODV23DBEPD00097";2000;45;"EnricoCiscato";" ";;"N";"N";
"DBELE";"ODV23DBEPD00097";3000;45;"EnricoCiscato";" ";;"N";"N";
"DBELE";"ODV23DBEPD00097";4000;45;"EnricoCiscato";" ";;"N";"N";
"DBELE";"ODV23DBEPD00097";5000;45;"EnricoCiscato";" ";;"N";"N";
"DBELE";"ODV23DBEPD00097";6000;45;"EnricoCiscato";" ";;"N";"N";
"DBELE";"ODV23DBEPD00097";7000;45;"EnricoCiscato";" ";;"N";"N";
"DBELE";"ODV23DBEPD00097";8000;45;"EnricoCiscato";" ";;"N";"N";
"DBELE";"ODV23DBEPD00098";1000;50;"FedericaFavero";" ";;"N";"N";
"DBELE";"ODV23DBEPD00098";2000;50;"FedericaFavero";" ";;"N";"N";
"DBELE";"ODV23DBEPD00098";3000;50;"FedericaFavero";" ";;"N";"N";
"DBELE";"ODV23DBEPD00098";4000;50;"FedericaFavero";" ";;"N";"N";
"DBELE";"ODV23DBEPD00098";5000;50;"FedericaFavero";" ";;"N";"N";
"DBELE";"ODV23DBEPD00099";1000;50;"StefanoVanuzzo";" ";;"N";"N";
"DBELE";"ODV23DBEPD00099";2000;50;"StefanoVanuzzo";" ";;"N";"N";
"DBELE";"ODV23DBEPD00099";3000;50;"StefanoVanuzzo";" ";;"N";"N";
"DBELE";"ODV23DBEPD00099";4000;50;"StefanoVanuzzo";" ";;"N";"N";
"DBELE";"ODV23DBEPD00100";1000;50;"StefanoVanuzzo";" ";;"N";"N";
"DBELE";"ODV23DBEPD00101";1000;50;"StefanoVanuzzo";" ";;"N";"N";
"DBELE";"ODV23DBEPD00101";2000;50;"StefanoVanuzzo";" ";;"N";"N";
"DBELE";"ODV23DBEPD00101";3000;50;"StefanoVanuzzo";" ";;"N";"N";
"DBELE";"ODV23DBEPD00101";4000;50;"StefanoVanuzzo";" ";;"N";"N";
"DBELE";"ODV23DBEPD00101";5000;45;"EnricoCiscato";" ";;"N";"N";
"DBELE";"ODV23DBEPD00102";1000;50;"StefanoVanuzzo";" ";;"N";"N";
"DBELE";"ODV23DBEPD00103";1000;50;"StefanoVanuzzo";" ";"Indicare sui colli:

 Shariif MGQ Somalia tel +252616984488";"S";"N";
"DBELE";"ODV23DBEPD00103";2000;27;"StefanoVanuzzo";" ";;"N";"N";
"DBELE";"ODV23DBEPD00103";3000;27;"StefanoVanuzzo";" ";;"N";"N";
"DBELE";"ODV23DBEPD00103";4000;27;"StefanoVanuzzo";" ";;"N";"N";
"DBELE";"ODV23DBEPD00103";5000;45;"EnricoCiscato";" ";;"N";"N";
"DBELE";"ODV23DBEPD00103";6000;45;"EnricoCiscato";" ";;"N";"N";
"DBELE";"ODV23DBEPD00103";7000;45;"EnricoCiscato";" ";;"N";"N";
"DBELE";"ODV23DBEPD00103";8000;45;"EnricoCiscato";" ";;"N";"N";
"DBELE";"ODV23DBEPD00104";1000;50;"FedericaFavero";" ";;"N";"N";
"DBELE";"ODV23DBEPD00104";2000;50;"FedericaFavero";" ";;"N";"N";
"DBELE";"ODV23DBEPD00105";1000;20;"LorenzoTasca";" ";"Per RADIO BRUNO

Garanzia 2 anni";"S";"N";
"DBELE";"ODV23DBEPD00106";1000;35;"FedericaFavero";" ";;"N";"N";
"DBELE";"ODV23DBEPD00106";2000;35;"FedericaFavero";" ";;"N";"N";
"DBELE";"ODV23DBEPD00106";3000;35;"FedericaFavero";" ";;"N";"N";
"DBELE";"ODV23DBEPD00106";4000;35;"FedericaFavero";" ";;"N";"N";
"DBELE";"ODV23DBEPD00106";5000;35;"FedericaFavero";" ";;"N";"N";
"DBELE";"ODV23DBEPD00106";6000;35;"FedericaFavero";" ";;"N";"N";
"DBELE";"ODV23DBEPD00106";7000;35;"FedericaFavero";" ";;"N";"N";
"DBELE";"ODV23DBEPD00106";8000;35;"FedericaFavero";" ";;"N";"N";
"DBELE";"ODV23DBEPD00106";9000;35;"FedericaFavero";" ";;"N";"N";
"DBELE";"ODV23DBEPD00106";10000;35;"FedericaFavero";" ";;"N";"N";
"DBELE";"ODV23DBEPD00106";11000;35;"FedericaFavero";" ";;"N";"N";
"DBELE";"ODV23DBEPD00106";12000;35;"FedericaFavero";" ";;"N";"N";
"DBELE";"ODV23DBEPD00106";13000;35;"FedericaFavero";" ";;"N";"N";
"DBELE";"ODV23DBEPD00106";14000;35;"FedericaFavero";" ";;"N";"N";
"DBELE";"ODV23DBEPD00106";15000;35;"FedericaFavero";" ";;"N";"N";
"DBELE";"ODV23DBEPD00106";16000;35;"FedericaFavero";" ";;"N";"N";
"DBELE";"ODV23DBEPD00106";17000;35;"FedericaFavero";" ";;"N";"N";
"DBELE";"ODV23DBEPD00106";18000;35;"FedericaFavero";" ";;"N";"N";
"DBELE";"ODV23DBEPD00106";19000;35;"FedericaFavero";" ";;"N";"N";
"DBELE";"ODV23DBEPD00107";1000;45;"EnricoCiscato";" ";;"N";"N";
"DBELE";"ODV23DBEPD00107";2000;27;"StefanoVanuzzo";" ";;"N";"N";
"DBELE";"ODV23DBEPD00107";3000;50;"StefanoVanuzzo";" ";;"N";"N";
"DBELE";"ODV23DBEPD00107";4000;27;"StefanoVanuzzo";" ";;"N";"N";
"DBELE";"ODV23DBEPD00108";1000;30;"LorenzoTasca";" ";;"N";"N";
"DBELE";"ODV23DBEPD00108";2000;30;"LorenzoTasca";" ";;"N";"N";
"DBELE";"ODV23DBEPD00108";3000;30;"LorenzoTasca";" ";;"N";"N";
"DBELE";"ODV23DBEPD00108";4000;27;"StefanoVanuzzo";" ";;"N";"N";
"DBELE";"ODV23DBEPD00108";5000;27;"StefanoVanuzzo";" ";;"N";"N";
"DBELE";"ODV23DBEPD00109";1000;50;"FedericaFavero";" ";;"N";"N";
"DBELE";"ODV23DBEPD00109";2000;50;"FedericaFavero";" ";;"N";"N";
"DBELE";"ODV23DBEPD00110";1000;50;"FedericaFavero";" ";;"N";"N";
"DBELE";"ODV23DBEPD00110";2000;27;"StefanoVanuzzo";" ";;"N";"N";
"DBELE";"ODV23DBEPD00111";1000;50;"StefanoVanuzzo";" ";;"N";"N";
"DBELE";"ODV23DBEPD00112";1000;50;"StefanoVanuzzo";" ";;"N";"N";
"DBELE";"ODV23DBEPD00112";2000;50;"StefanoVanuzzo";" ";;"N";"N";
"DBELE";"ODV23DBEPD00113";1000;45;"EnricoCiscato";" ";;"N";"N";
"DBELE";"ODV23DBEPD00114";1000;50;"StefanoVanuzzo";" ";"Preparare entro il 2/6 e dare a Luisa";"S";"N";
"DBELE";"ODV23DBEPD00114";2000;50;"StefanoVanuzzo";" ";"Preparare entro il 2/6 e dare a Luisa";"S";"N";
"DBELE";"ODV23DBEPD00115";1000;50;"EnricoCiscato";" ";;"N";"N";
"DBELE";"ODV23DBEPD00115";2000;27;"StefanoVanuzzo";" ";;"N";"N";
"DBELE";"ODV23DBEPD00115";3000;27;"StefanoVanuzzo";" ";;"N";"N";
"DBELE";"ODV23DBEPD00115";4000;50;"StefanoVanuzzo";" ";;"N";"N";
"DBELE";"ODV23DBEPD00115";5000;50;"StefanoVanuzzo";" ";;"N";"N";
"DBELE";"ODV23DBEPD00115";6000;50;"EnricoCiscato";" ";;"N";"N";
"DBELE";"ODV23DBEPD00115";7000;27;"StefanoVanuzzo";" ";;"N";"N";
"DBELE";"ODV23DBEPD00115";8000;27;"StefanoVanuzzo";" ";;"N";"N";
"DBELE";"ODV23DBEPD00115";9000;50;"StefanoVanuzzo";" ";;"N";"N";
"DBELE";"ODV23DBEPD00115";10000;50;"EnricoCiscato";" ";;"N";"N";
"DBELE";"ODV23DBEPD00115";11000;27;"StefanoVanuzzo";" ";;"N";"N";
"DBELE";"ODV23DBEPD00115";12000;27;"StefanoVanuzzo";" ";;"N";"N";
"DBELE";"ODV23DBEPD00115";13000;50;"StefanoVanuzzo";" ";;"N";"N";
"DBELE";"ODV23DBEPD00115";14000;50;"StefanoVanuzzo";" ";;"N";"N";
"DBELE";"ODV23DBEPD00115";15000;50;"StefanoVanuzzo";" ";;"N";"N";
"DBELE";"ODV23DBEPD00115";16000;50;"EnricoCiscato";" ";;"N";"N";
"DBELE";"ODV23DBEPD00115";17000;27;"StefanoVanuzzo";" ";;"N";"N";
"DBELE";"ODV23DBEPD00115";18000;27;"StefanoVanuzzo";" ";;"N";"N";
"DBELE";"ODV23DBEPD00115";19000;50;"StefanoVanuzzo";" ";;"N";"N";
"DBELE";"ODV23DBEPD00115";20000;50;"StefanoVanuzzo";" ";;"N";"N";
"DBELE";"ODV23DBEPD00115";21000;50;"StefanoVanuzzo";" ";;"N";"N";
"DBELE";"ODV23DBEPD00115";22000;50;"EnricoCiscato";" ";;"N";"N";
"DBELE";"ODV23DBEPD00115";23000;27;"StefanoVanuzzo";" ";;"N";"N";
"DBELE";"ODV23DBEPD00115";24000;27;"StefanoVanuzzo";" ";;"N";"N";
"DBELE";"ODV23DBEPD00115";25000;50;"StefanoVanuzzo";" ";;"N";"N";
"DBELE";"ODV23DBEPD00115";26000;50;"StefanoVanuzzo";" ";;"N";"N";
"DBELE";"ODV23DBEPD00115";27000;50;"StefanoVanuzzo";" ";;"N";"N";
"DBELE";"ODV23DBEPD00115";28000;50;"EnricoCiscato";" ";;"N";"N";
"DBELE";"ODV23DBEPD00115";29000;50;"StefanoVanuzzo";" ";;"N";"N";
"DBELE";"ODV23DBEPD00115";30000;50;"StefanoVanuzzo";" ";;"N";"N";
"DBELE";"ODV23DBEPD00115";31000;27;"StefanoVanuzzo";" ";;"N";"N";
"DBELE";"ODV23DBEPD00115";32000;27;"StefanoVanuzzo";" ";;"N";"N";
"DBELE";"ODV23DBEPD00115";33000;50;"EnricoCiscato";" ";;"N";"N";
"DBELE";"ODV23DBEPD00115";34000;27;"StefanoVanuzzo";" ";;"N";"N";
"DBELE";"ODV23DBEPD00116";1000;50;"StefanoVanuzzo";" ";;"N";"N";
"DBELE";"ODV23DBEPD00116";2000;50;"StefanoVanuzzo";" ";;"N";"N";
"DBELE";"ODV23DBEPD00116";3000;27;"StefanoVanuzzo";" ";;"N";"N";
"DBELE";"ODV23DBEPD00116";4000;45;"EnricoCiscato";" ";;"N";"N";
"DBELE";"ODV23DBEPD00116";5000;27;"StefanoVanuzzo";" ";;"N";"N";
"DBELE";"ODV23DBEPD00116";6000;27;"StefanoVanuzzo";" ";;"N";"N";
"DBELE";"ODV23DBEPD00116";7000;27;"StefanoVanuzzo";" ";;"N";"N";
"DBELE";"ODV23DBEPD00117";1000;50;"StefanoVanuzzo";" ";;"N";"N";
"DBELE";"ODV23DBEPD00118";1000;30;"LorenzoTasca";" ";"Impostare alla frequenza 418.58 MHz

codice RSP: rs-002221";"S";"N";
"DBELE";"ODV23DBEPD00119";2000;50;"FedericaFavero";" ";;"N";"N";
"DBELE";"ODV23DBEPD00120";1000;10;;" ";;"N";"N";
"DBELE";"ODV23DBEPD00120";2000;10;;" ";;"N";"N";
"DBELE";"ODV23DBEPD00121";1000;50;"StefanoVanuzzo";" ";;"N";"N";
"DBELE";"ODV23DBEPD00123";1000;50;"StefanoVanuzzo";" ";;"N";"N";
"DBELE";"ODV23DBEPD00124";500;50;"FedericaFavero";" ";;"N";"N";
"DBELE";"ODV23DBEPD00124";1000;27;"StefanoVanuzzo";" ";;"N";"N";
"DBELE";"ODV23DBEPD00124";2000;27;"StefanoVanuzzo";" ";;"N";"N";
"DBELE";"ODV23DBEPD00124";3000;27;"StefanoVanuzzo";" ";;"N";"N";
"DBELE";"ODV23DBEPD00124";4000;27;"StefanoVanuzzo";" ";;"N";"N";
"DBELE";"ODV23DBEPD00124";5000;27;"StefanoVanuzzo";" ";;"N";"N";
"DBELE";"ODV23DBEPD00124";6000;27;"StefanoVanuzzo";" ";;"N";"N";
"DBELE";"ODV23DBEPD00125";1000;50;"StefanoVanuzzo";" ";;"N";"N";
"DBELE";"ODV23DBEPD00126";1000;50;"StefanoVanuzzo";" ";;"N";"N";
"DBELE";"ODV23DBEPD00127";1000;50;"FedericaFavero";" ";;"N";"N";
"DBELE";"ODV23DBEPD00128";1000;10;;" ";;"N";"N";
"DBELE";"ODV23DBEPD00128";2000;10;;" ";;"N";"N";
"DBELE";"ODV23DBEPD00129";1000;50;"StefanoVanuzzo";" ";;"N";"N";
"DBELE";"ODV23DBEPD00129";2000;27;"StefanoVanuzzo";" ";;"N";"N";
"DBELE";"ODV23DBEPD00130";1000;50;"StefanoVanuzzo";" ";;"N";"N";
"DBELE";"ODV23DBEPD00130";2000;50;"StefanoVanuzzo";" ";;"N";"N";
"DBELE";"ODV23DBEPD00130";2500;20;"LorenzoTasca";" ";;"N";"N";
"DBELE";"ODV23DBEPD00130";4000;50;"StefanoVanuzzo";" ";;"N";"N";
"DBELE";"ODV23DBEPD00130";4500;20;"LorenzoTasca";" ";;"N";"N";
"DBELE";"ODV23DBEPD00130";6000;50;"StefanoVanuzzo";" ";;"N";"N";
"DBELE";"ODV23DBEPD00130";7000;20;"LorenzoTasca";" ";;"N";"N";
"DBELE";"ODV23DBEPD00132";1000;27;"StefanoVanuzzo";" ";;"N";"N";
"DBELE";"ODV23DBEPD00132";2000;27;"StefanoVanuzzo";" ";;"N";"N";
"DBELE";"ODV23DBEPD00132";3000;27;"StefanoVanuzzo";" ";;"N";"N";
"DBELE";"ODV23DBEPD00133";1000;50;"StefanoVanuzzo";" ";;"N";"N";
"DBELE";"ODV23DBEPD00134";1000;50;"StefanoVanuzzo";" ";;"N";"N";
"DBELE";"ODV23DBEPD00135";1000;50;"StefanoVanuzzo";" ";;"N";"N";
"DBELE";"ODV23DBEPD00135";2000;50;"StefanoVanuzzo";" ";;"N";"N";
"DBELE";"ODV23DBEPD00136";1000;50;"StefanoVanuzzo";" ";;"N";"N";
"DBELE";"ODV23DBEPD00136";2000;50;"StefanoVanuzzo";" ";;"N";"N";
"DBELE";"ODV23DBEPD00136";3000;50;"StefanoVanuzzo";" ";;"N";"N";
"DBELE";"ODV23DBEPD00136";4000;50;"StefanoVanuzzo";" ";;"N";"N";
"DBELE";"ODV23DBEPD00138";1000;50;"StefanoVanuzzo";" ";;"N";"N";
"DBELE";"ODV23DBEPD00140";1000;50;"StefanoVanuzzo";" ";;"N";"N";
"DBELE";"ODV23DBEPD00141";1000;50;"StefanoVanuzzo";" ";;"N";"N";
"DBELE";"ODV23DBEPD00141";2000;50;"StefanoVanuzzo";" ";;"N";"N";
"DBELE";"ODV23DBEPD00141";3000;50;"StefanoVanuzzo";" ";;"N";"N";
"DBELE";"ODV23DBEPD00142";1000;50;"StefanoVanuzzo";" ";;"N";"N";
"DBELE";"ODV23DBEPD00143";1000;50;"FedericaFavero";" ";;"N";"N";
"DBELE";"ODV23DBEPD00144";1000;27;"StefanoVanuzzo";" ";;"N";"N";
"DBELE";"ODV23DBEPD00144";2000;27;"StefanoVanuzzo";" ";;"N";"N";
"DBELE";"ODV23DBEPD00145";1000;50;"StefanoVanuzzo";" ";;"N";"N";
"DBELE";"ODV23DBEPD00145";2000;50;"StefanoVanuzzo";" ";;"N";"N";
"DBELE";"ODV23DBEPD00145";3000;50;"StefanoVanuzzo";" ";;"N";"N";
"DBELE";"ODV23DBEPD00145";4000;50;"StefanoVanuzzo";" ";;"N";"N";
"DBELE";"ODV23DBEPD00145";5000;50;"StefanoVanuzzo";" ";;"N";"N";
"DBELE";"ODV23DBEPD00145";6000;50;"StefanoVanuzzo";" ";;"N";"N";
"DBELE";"ODV23DBEPD00146";1000;50;"StefanoVanuzzo";" ";;"N";"N";
"DBELE";"ODV23DBEPD00146";2000;50;"StefanoVanuzzo";" ";;"N";"N";
"DBELE";"ODV23DBEPD00147";1000;50;"FedericaFavero";" ";;"N";"N";
"DBELE";"ODV23DBEPD00147";2000;50;"FedericaFavero";" ";;"N";"N";
"DBELE";"ODV23DBEPD00148";1000;50;"StefanoVanuzzo";" ";;"N";"N";
"DBELE";"ODV23DBEPD00148";2000;30;"LorenzoTasca";" ";;"N";"N";
"DBELE";"ODV23DBEPD00148";3000;10;;" ";;"N";"N";
"DBELE";"ODV23DBEPD00149";1000;50;"StefanoVanuzzo";" ";;"N";"N";
"DBELE";"ODV23DBEPD00149";2000;27;"StefanoVanuzzo";" ";;"N";"N";
"DBELE";"ODV23DBEPD00149";3000;27;"StefanoVanuzzo";" ";;"N";"N";
"DBELE";"ODV23DBEPD00149";4000;27;"StefanoVanuzzo";" ";;"N";"N";
"DBELE";"ODV23DBEPD00149";5000;27;"StefanoVanuzzo";" ";;"N";"N";
"DBELE";"ODV23DBEPD00149";6000;27;"StefanoVanuzzo";" ";;"N";"N";
"DBELE";"ODV23DBEPD00149";7000;27;"StefanoVanuzzo";" ";;"N";"N";
"DBELE";"ODV23DBEPD00149";8000;27;"StefanoVanuzzo";" ";;"N";"N";
"DBELE";"ODV23DBEPD00150";1000;50;"StefanoVanuzzo";" ";;"N";"N";
"DBELE";"ODV23DBEPD00150";2000;27;"StefanoVanuzzo";" ";;"N";"N";
"DBELE";"ODV23DBEPD00150";3000;27;"StefanoVanuzzo";" ";;"N";"N";
"DBELE";"ODV23DBEPD00151";1000;20;"LorenzoTasca";" ";;"N";"N";
"DBELE";"ODV23DBEPD00152";1000;50;"StefanoVanuzzo";" ";"FREQUENCY 1517.25 MHz";"S";"N";
"DBELE";"ODV23DBEPD00152";2000;50;"StefanoVanuzzo";" ";"FREQUENCY 1517.25 MHz";"S";"N";
"DBELE";"ODV23DBEPD00153";1000;50;"StefanoVanuzzo";" ";;"N";"N";
"DBELE";"ODV23DBEPD00153";2000;27;"StefanoVanuzzo";" ";;"N";"N";
"DBELE";"ODV23DBEPD00153";3000;27;"StefanoVanuzzo";" ";;"N";"N";
"DBELE";"ODV23DBEPD00153";4000;27;"StefanoVanuzzo";" ";;"N";"N";
"DBELE";"ODV23DBEPD00153";5000;27;"StefanoVanuzzo";" ";;"N";"N";
"DBELE";"ODV23DBEPD00153";6000;27;"StefanoVanuzzo";" ";;"N";"N";
"DBELE";"ODV23DBEPD00153";7000;27;"StefanoVanuzzo";" ";;"N";"N";
"DBELE";"ODV23DBEPD00154";1000;50;"StefanoVanuzzo";" ";;"N";"N";
"DBELE";"ODV23DBEPD00154";2000;50;"StefanoVanuzzo";" ";;"N";"N";
"DBELE";"ODV23DBEPD00154";3000;50;"StefanoVanuzzo";" ";;"N";"N";
"DBELE";"ODV23DBEPD00154";4000;50;"StefanoVanuzzo";" ";;"N";"N";
"DBELE";"ODV23DBEPD00154";5000;50;"StefanoVanuzzo";" ";;"N";"N";
"DBELE";"ODV23DBEPD00154";6000;50;"StefanoVanuzzo";" ";;"N";"N";
"DBELE";"ODV23DBEPD00154";7000;50;"StefanoVanuzzo";" ";;"N";"N";
"DBELE";"ODV23DBEPD00154";8000;50;"StefanoVanuzzo";" ";;"N";"N";
"DBELE";"ODV23DBEPD00154";8500;27;"StefanoVanuzzo";" ";;"N";"N";
"DBELE";"ODV23DBEPD00154";9000;30;"LorenzoTasca";" ";;"N";"N";
"DBELE";"ODV23DBEPD00154";10000;50;"StefanoVanuzzo";" ";;"N";"N";
"DBELE";"ODV23DBEPD00155";1000;27;"federicomodonesi";" ";;"N";"N";
"DBELE";"ODV23DBEPD00156";1000;50;"FedericaFavero";" ";;"N";"N";
"DBELE";"ODV23DBEPD00157";1000;50;"FedericaFavero";" ";;"N";"N";
"DBELE";"ODV23DBEPD00158";1000;50;"FedericaFavero";" ";;"N";"N";
"DBELE";"ODV23DBEPD00159";1000;50;"StefanoVanuzzo";" ";;"N";"N";
"DBELE";"ODV23DBEPD00160";1000;50;"FedericaFavero";" ";;"N";"N";
"DBELE";"ODV23DBEPD00160";2000;50;"FedericaFavero";" ";;"N";"N";
"DBELE";"ODV23DBEPD00160";3000;50;"FedericaFavero";" ";;"N";"N";
"DBELE";"ODV23DBEPD00161";1000;50;"StefanoVanuzzo";" ";;"N";"N";
"DBELE";"ODV23DBEPD00162";1000;50;"StefanoVanuzzo";" ";;"N";"N";
"DBELE";"ODV23DBEPD00163";1000;50;"StefanoVanuzzo";" ";;"N";"N";
"DBELE";"ODV23DBEPD00164";1000;27;"StefanoVanuzzo";" ";;"N";"N";
"DBELE";"ODV23DBEPD00165";2000;50;"StefanoVanuzzo";" ";;"N";"N";
"DBELE";"ODV23DBEPD00166";1000;27;"StefanoVanuzzo";" ";;"N";"N";
"DBELE";"ODV23DBEPD00166";2000;27;"StefanoVanuzzo";" ";;"N";"N";
"DBELE";"ODV23DBEPD00166";3000;27;"StefanoVanuzzo";" ";;"N";"N";
"DBELE";"ODV23DBEPD00167";1000;20;"LorenzoTasca";" ";;"N";"N";
"DBELE";"ODV23DBEPD00167";2000;27;"StefanoVanuzzo";" ";;"N";"N";
"DBELE";"ODV23DBEPD00167";3000;27;"StefanoVanuzzo";" ";;"N";"N";
"DBELE";"ODV23DBEPD00167";4000;27;"StefanoVanuzzo";" ";;"N";"N";
"DBELE";"ODV23DBEPD00167";5000;27;"StefanoVanuzzo";" ";;"N";"N";
"DBELE";"ODV23DBEPD00167";6000;27;"StefanoVanuzzo";" ";;"N";"N";
"DBELE";"ODV23DBEPD00167";7000;27;"StefanoVanuzzo";" ";;"N";"N";
"DBELE";"ODV23DBEPD00167";8000;27;"StefanoVanuzzo";" ";;"N";"N";
"DBELE";"ODV23DBEPD00167";9000;10;;" ";;"N";"N";
"DBELE";"ODV23DBEPD00167";10000;50;"StefanoVanuzzo";" ";;"N";"N";
"DBELE";"ODV23DBEPD00168";1000;45;"EnricoCiscato";" ";;"N";"N";
"DBELE";"ODV23DBEPD00169";1000;45;"EnricoCiscato";" ";;"N";"N";
"DBELE";"ODV23DBEPD00170";1000;45;"EnricoCiscato";" ";;"N";"N";
"DBELE";"ODV23DBEPD00170";2000;45;"EnricoCiscato";" ";;"N";"N";
"DBELE";"ODV23DBEPD00171";1000;20;"LorenzoTasca";" ";;"N";"N";
"DBELE";"ODV23DBEPD00171";2000;20;"LorenzoTasca";" ";;"N";"N";
"DBELE";"ODV23DBEPD00171";3000;45;"EnricoCiscato";" ";;"N";"N";
"DBELE";"ODV23DBEPD00171";4000;45;"EnricoCiscato";" ";;"N";"N";
"DBELE";"ODV23DBEPD00171";5000;45;"EnricoCiscato";" ";;"N";"N";
"DBELE";"ODV23DBEPD00171";6000;45;"EnricoCiscato";" ";;"N";"N";
"DBELE";"ODV23DBEPD00171";7000;45;"EnricoCiscato";" ";;"N";"N";
"DBELE";"ODV23DBEPD00171";8000;45;"EnricoCiscato";" ";;"N";"N";
"DBELE";"ODV23DBEPD00171";9000;45;"EnricoCiscato";" ";;"N";"N";
"DBELE";"ODV23DBEPD00172";1000;20;"LorenzoTasca";" ";;"N";"N";
"DBELE";"ODV23DBEPD00172";2000;20;"LorenzoTasca";" ";;"N";"N";
"DBELE";"ODV23DBEPD00172";3000;20;"LorenzoTasca";" ";;"N";"N";
"DBELE";"ODV23DBEPD00173";1000;20;"LorenzoTasca";" ";;"N";"N";
"DBELE";"ODV23DBEPD00173";2000;20;"LorenzoTasca";" ";;"N";"N";
"DBELE";"ODV23DBEPD00174";1000;27;"robertorosa";" ";;"N";"N";
"DBELE";"ODV23DBEPD00175";1000;50;"StefanoVanuzzo";" ";;"N";"N";
"DBELE";"ODV23DBEPD00176";1000;50;"StefanoVanuzzo";" ";;"N";"N";
"DBELE";"ODV23DBEPD00177";1000;27;"StefanoVanuzzo";" ";;"N";"N";
"DBELE";"ODV23DBEPD00177";2000;27;"StefanoVanuzzo";" ";;"N";"N";
"DBELE";"ODV23DBEPD00177";3000;27;"StefanoVanuzzo";" ";;"N";"N";
"DBELE";"ODV23DBEPD00178";1000;35;"EnricoCiscato";" ";;"N";"N";
"DBELE";"ODV23DBEPD00178";2000;50;"EnricoCiscato";" ";;"N";"N";
"DBELE";"ODV23DBEPD00179";1000;50;"StefanoVanuzzo";" ";;"N";"N";
"DBELE";"ODV23DBEPD00179";2000;50;"StefanoVanuzzo";" ";;"N";"N";
"DBELE";"ODV23DBEPD00180";1000;27;"StefanoVanuzzo";" ";;"N";"N";
"DBELE";"ODV23DBEPD00181";1000;50;"StefanoVanuzzo";" ";;"N";"N";
"DBELE";"ODV23DBEPD00181";2000;27;"StefanoVanuzzo";" ";;"N";"N";
"DBELE";"ODV23DBEPD00181";3000;27;"StefanoVanuzzo";" ";;"N";"N";
"DBELE";"ODV23DBEPD00181";4000;27;"StefanoVanuzzo";" ";;"N";"N";
"DBELE";"ODV23DBEPD00181";5000;27;"StefanoVanuzzo";" ";;"N";"N";
"DBELE";"ODV23DBEPD00181";6000;27;"StefanoVanuzzo";" ";;"N";"N";
"DBELE";"ODV23DBEPD00181";7000;27;"StefanoVanuzzo";" ";;"N";"N";
"DBELE";"ODV23DBEPD00181";8000;27;"StefanoVanuzzo";" ";;"N";"N";
"DBELE";"ODV23DBEPD00182";1000;50;"StefanoVanuzzo";" ";;"N";"N";
"DBELE";"ODV23DBEPD00183";1000;27;"StefanoVanuzzo";" ";;"N";"N";
"DBELE";"ODV23DBEPD00183";2000;27;"StefanoVanuzzo";" ";;"N";"N";
"DBELE";"ODV23DBEPD00183";3000;27;"StefanoVanuzzo";" ";;"N";"N";
"DBELE";"ODV23DBEPD00183";4000;27;"StefanoVanuzzo";" ";;"N";"N";
"DBELE";"ODV23DBEPD00183";5000;27;"StefanoVanuzzo";" ";;"N";"N";
"DBELE";"ODV23DBEPD00184";1000;50;"StefanoVanuzzo";" ";;"N";"N";
"DBELE";"ODV23DBEPD00184";2000;50;"StefanoVanuzzo";" ";;"N";"N";
"DBELE";"ODV23DBEPD00184";3000;27;"EnricoCiscato";" ";;"N";"N";
"DBELE";"ODV23DBEPD00184";4000;27;"EnricoCiscato";" ";;"N";"N";
"DBELE";"ODV23DBEPD00184";5000;45;"EnricoCiscato";" ";;"N";"N";
"DBELE";"ODV23DBEPD00184";6000;27;"StefanoVanuzzo";" ";;"N";"N";
"DBELE";"ODV23DBEPD00184";6500;10;;" ";;"N";"N";
"DBELE";"ODV23DBEPD00184";7000;27;"EnricoCiscato";" ";;"N";"N";
"DBELE";"ODV23DBEPD00184";8000;27;"EnricoCiscato";" ";;"N";"N";
"DBELE";"ODV23DBEPD00184";8500;27;"EnricoCiscato";" ";;"N";"N";
"DBELE";"ODV23DBEPD00184";9000;10;;" ";;"N";"N";
"DBELE";"ODV23DBEPD00184";10000;27;"EnricoCiscato";" ";;"N";"N";
"DBELE";"ODV23DBEPD00184";11000;27;"EnricoCiscato";" ";;"N";"N";
"DBELE";"ODV23DBEPD00184";12000;27;"EnricoCiscato";" ";;"N";"N";
"DBELE";"ODV23DBEPD00184";13000;27;"EnricoCiscato";" ";;"N";"N";
"DBELE";"ODV23DBEPD00184";14000;27;"EnricoCiscato";" ";;"N";"N";
"DBELE";"ODV23DBEPD00184";15000;27;"EnricoCiscato";" ";;"N";"N";
"DBELE";"ODV23DBEPD00184";16000;27;"EnricoCiscato";" ";;"N";"N";
"DBELE";"ODV23DBEPD00184";17000;27;"EnricoCiscato";" ";;"N";"N";
"DBELE";"ODV23DBEPD00184";18000;27;"EnricoCiscato";" ";;"N";"N";
"DBELE";"ODV23DBEPD00184";19000;27;"EnricoCiscato";" ";;"N";"N";
"DBELE";"ODV23DBEPD00184";20000;27;"EnricoCiscato";" ";;"N";"N";
"DBELE";"ODV23DBEPD00184";21000;27;"EnricoCiscato";" ";;"N";"N";
"DBELE";"ODV23DBEPD00184";22000;27;"EnricoCiscato";" ";;"N";"N";
"DBELE";"ODV23DBEPD00184";23000;27;"EnricoCiscato";" ";;"N";"N";
"DBELE";"ODV23DBEPD00184";24000;45;"EnricoCiscato";" ";;"N";"N";
"DBELE";"ODV23DBEPD00184";25000;27;"StefanoVanuzzo";" ";;"N";"N";
"DBELE";"ODV23DBEPD00184";30000;50;"StefanoVanuzzo";" ";;"N";"N";
"DBELE";"ODV23DBEPD00184";31000;50;"StefanoVanuzzo";" ";;"N";"N";
"DBELE";"ODV23DBEPD00184";32000;50;"StefanoVanuzzo";" ";;"N";"N";
"DBELE";"ODV23DBEPD00184";33000;10;;" ";;"N";"N";
"DBELE";"ODV23DBEPD00184";34000;10;;" ";;"N";"N";
"DBELE";"ODV23DBEPD00184";35000;27;"EnricoCiscato";" ";;"N";"N";
"DBELE";"ODV23DBEPD00184";36000;27;"EnricoCiscato";" ";;"N";"N";
"DBELE";"ODV23DBEPD00184";37000;27;"EnricoCiscato";" ";;"N";"N";
"DBELE";"ODV23DBEPD00184";38000;50;"StefanoVanuzzo";" ";;"N";"N";
"DBELE";"ODV23DBEPD00184";39000;50;"StefanoVanuzzo";" ";;"N";"N";
"DBELE";"ODV23DBEPD00184";40000;20;"lucabressana";" ";"Ch. 7 NTSC - ISDB-Tb";"S";"N";
"DBELE";"ODV23DBEPD00184";41000;20;"lucabressana";" ";;"N";"N";
"DBELE";"ODV23DBEPD00184";42000;27;"EnricoCiscato";" ";;"N";"N";
"DBELE";"ODV23DBEPD00184";43000;27;"EnricoCiscato";" ";;"N";"N";
"DBELE";"ODV23DBEPD00184";44000;27;"EnricoCiscato";" ";;"N";"N";
"DBELE";"ODV23DBEPD00185";1000;50;"StefanoVanuzzo";" ";;"N";"N";
"DBELE";"ODV23DBEPD00186";1000;50;"StefanoVanuzzo";" ";;"N";"N";
"DBELE";"ODV23DBEPD00186";2000;27;"StefanoVanuzzo";" ";;"N";"N";
"DBELE";"ODV23DBEPD00186";3000;27;"StefanoVanuzzo";" ";;"N";"N";
"DBELE";"ODV23DBEPD00186";4000;27;"StefanoVanuzzo";" ";;"N";"N";
"DBELE";"ODV23DBEPD00187";1000;27;"StefanoVanuzzo";" ";;"N";"N";
"DBELE";"ODV23DBEPD00187";2000;27;"StefanoVanuzzo";" ";;"N";"N";
"DBELE";"ODV23DBEPD00187";3000;27;"StefanoVanuzzo";" ";;"N";"N";
"DBELE";"ODV23DBEPD00187";4000;27;"StefanoVanuzzo";" ";;"N";"N";
"DBELE";"ODV23DBEPD00187";5000;27;"StefanoVanuzzo";" ";;"N";"N";
"DBELE";"ODV23DBEPD00187";6000;27;"StefanoVanuzzo";" ";;"N";"N";
"DBELE";"ODV23DBEPD00187";7000;27;"StefanoVanuzzo";" ";;"N";"N";
"DBELE";"ODV23DBEPD00188";1000;50;"StefanoVanuzzo";" ";;"N";"N";
"DBELE";"ODV23DBEPD00189";1000;50;"StefanoVanuzzo";" ";;"N";"N";
"DBELE";"ODV23DBEPD00189";2000;27;"StefanoVanuzzo";" ";;"N";"N";
"DBELE";"ODV23DBEPD00189";3000;27;"StefanoVanuzzo";" ";;"N";"N";
"DBELE";"ODV23DBEPD00189";4000;27;"StefanoVanuzzo";" ";;"N";"N";
"DBELE";"ODV23DBEPD00190";1000;35;"FedericaFavero";" ";;"N";"N";
"DBELE";"ODV23DBEPD00191";1000;50;"StefanoVanuzzo";" ";;"N";"N";
"DBELE";"ODV23DBEPD00191";2000;50;"StefanoVanuzzo";" ";;"N";"N";
"DBELE";"ODV23DBEPD00191";3000;50;"StefanoVanuzzo";" ";;"N";"N";
"DBELE";"ODV23DBEPD00193";1000;50;"FedericaFavero";" ";;"N";"N";
"DBELE";"ODV23DBEPD00194";1000;27;"StefanoVanuzzo";" ";;"N";"N";
"DBELE";"ODV23DBEPD00196";1000;27;"StefanoVanuzzo";" ";;"N";"N";
"DBELE";"ODV23DBEPD00196";2000;50;"StefanoVanuzzo";" ";;"N";"N";
"DBELE";"ODV23DBEPD00196";3000;27;"federicomodonesi";" ";;"N";"N";
"DBELE";"ODV23DBEPD00196";4000;27;"StefanoVanuzzo";" ";;"N";"N";
"DBELE";"ODV23DBEPD00196";5000;27;"federicomodonesi";" ";;"N";"N";
"DBELE";"ODV23DBEPD00196";6000;27;"StefanoVanuzzo";" ";;"N";"N";
"DBELE";"ODV23DBEPD00196";7000;27;"StefanoVanuzzo";" ";;"N";"N";
"DBELE";"ODV23DBEPD00196";8000;27;"StefanoVanuzzo";" ";;"N";"N";
"DBELE";"ODV23DBEPD00196";9000;27;"StefanoVanuzzo";" ";;"N";"N";
"DBELE";"ODV23DBEPD00196";10000;27;"StefanoVanuzzo";" ";;"N";"N";
"DBELE";"ODV23DBEPD00196";11000;27;"StefanoVanuzzo";" ";;"N";"N";
"DBELE";"ODV23DBEPD00196";12000;27;"federicomodonesi";" ";;"N";"N";
"DBELE";"ODV23DBEPD00196";13000;27;"StefanoVanuzzo";" ";;"N";"N";
"DBELE";"ODV23DBEPD00196";14000;27;;" ";;"N";"N";
"DBELE";"ODV23DBEPD00196";15000;27;"StefanoVanuzzo";" ";;"N";"N";
"DBELE";"ODV23DBEPD00196";16000;27;"StefanoVanuzzo";" ";;"N";"N";
"DBELE";"ODV23DBEPD00196";17000;27;"StefanoVanuzzo";" ";;"N";"N";
"DBELE";"ODV23DBEPD00196";18000;27;"StefanoVanuzzo";" ";;"N";"N";
"DBELE";"ODV23DBEPD00196";19000;27;"StefanoVanuzzo";" ";;"N";"N";
"DBELE";"ODV23DBEPD00196";20000;27;"StefanoVanuzzo";" ";;"N";"N";
"DBELE";"ODV23DBEPD00196";21000;27;"StefanoVanuzzo";" ";;"N";"N";
"DBELE";"ODV23DBEPD00196";22000;27;"StefanoVanuzzo";" ";;"N";"N";
"DBELE";"ODV23DBEPD00196";23000;27;"StefanoVanuzzo";" ";;"N";"N";
"DBELE";"ODV23DBEPD00196";24000;27;"StefanoVanuzzo";" ";;"N";"N";
"DBELE";"ODV23DBEPD00197";1500;50;"StefanoVanuzzo";" ";;"N";"N";
"DBELE";"ODV23DBEPD00197";2000;50;"StefanoVanuzzo";" ";;"N";"N";
"DBELE";"ODV23DBEPD00197";3000;50;"StefanoVanuzzo";" ";;"N";"N";
"DBELE";"ODV23DBEPD00197";4000;50;"StefanoVanuzzo";" ";;"N";"N";
"DBELE";"ODV23DBEPD00198";1000;45;"EnricoCiscato";" ";;"N";"N";
"DBELE";"ODV23DBEPD00198";2000;45;"EnricoCiscato";" ";;"N";"N";
"DBELE";"ODV23DBEPD00199";1000;27;"StefanoVanuzzo";" ";;"N";"N";
"DBELE";"ODV23DBEPD00199";2000;27;"StefanoVanuzzo";" ";;"N";"N";
"DBELE";"ODV23DBEPD00200";1000;10;;" ";;"N";"N";
"DBELE";"ODV23DBEPD00200";2000;10;;" ";;"N";"N";
"DBELE";"ODV23DBEPD00200";4000;10;;" ";;"N";"N";
"DBELE";"ODV23DBEPD00203";2000;20;"LorenzoTasca";" ";;"N";"N";
"DBELE";"ODV23DBEPD00204";1000;27;"StefanoVanuzzo";" ";;"N";"N";
"DBELE";"ODV23DBEPD00204";2000;27;"StefanoVanuzzo";" ";;"N";"N";
"DBELE";"ODV23DBEPD00204";3000;27;"StefanoVanuzzo";" ";;"N";"N";
"DBELE";"ODV23DBEPD00204";4000;50;"StefanoVanuzzo";" ";;"N";"N";
"DBELE";"ODV23DBEPD00205";1000;50;"StefanoVanuzzo";" ";;"N";"N";
"DBELE";"ODV23DBEPD00206";1000;50;"StefanoVanuzzo";" ";;"N";"N";
"DBELE";"ODV23DBEPD00206";2000;27;"EnricoCiscato";" ";;"N";"N";
"DBELE";"ODV23DBEPD00206";3000;27;"EnricoCiscato";" ";;"N";"N";
"DBELE";"ODV23DBEPD00207";1000;45;"EnricoCiscato";" ";;"N";"N";
"DBELE";"ODV23DBEPD00208";1000;10;;" ";;"N";"N";
"DBELE";"ODV23DBEPD00208";2000;10;;" ";;"N";"N";
"DBELE";"ODV23DBEPD00208";3000;10;;" ";;"N";"N";
"DBELE";"ODV23DBEPD00208";4000;10;;" ";;"N";"N";
"DBELE";"ODV23DBEPD00208";5000;10;;" ";;"N";"N";
"DBELE";"ODV23DBEPD00208";6000;10;;" ";;"N";"N";
"DBELE";"ODV23DBEPD00208";7000;10;;" ";;"N";"N";
"DBELE";"ODV23DBEPD00208";8000;10;;" ";;"N";"N";
"DBELE";"ODV23DBEPD00208";9000;10;;" ";;"N";"N";
"DBELE";"ODV23DBEPD00208";10000;10;;" ";;"N";"N";
"DBELE";"ODV23DBEPD00208";11000;10;;" ";;"N";"N";
"DBELE";"ODV23DBEPD00208";12000;10;;" ";;"N";"N";
"DBELE";"ODV23DBEPD00208";13000;10;;" ";;"N";"N";
"DBELE";"ODV23DBEPD00208";14000;10;;" ";;"N";"N";
"DBELE";"ODV23DBEPD00208";15000;10;;" ";;"N";"N";
"DBELE";"ODV23DBEPD00208";16000;10;;" ";;"N";"N";
"DBELE";"ODV23DBEPD00208";17000;10;;" ";;"N";"N";
"DBELE";"ODV23DBEPD00208";18000;10;;" ";;"N";"N";
"DBELE";"ODV23DBEPD00208";19000;10;;" ";;"N";"N";
"DBELE";"ODV23DBEPD00208";20000;10;;" ";;"N";"N";
"DBELE";"ODV23DBEPD00208";21000;10;;" ";;"N";"N";
"DBELE";"ODV23DBEPD00208";22000;10;;" ";;"N";"N";
"DBELE";"ODV23DBEPD00208";23000;10;;" ";;"N";"N";
"DBELE";"ODV23DBEPD00208";24000;10;;" ";;"N";"N";
"DBELE";"ODV23DBEPD00208";25000;10;;" ";;"N";"N";
"DBELE";"ODV23DBEPD00208";26000;10;;" ";;"N";"N";
"DBELE";"ODV23DBEPD00208";27000;10;;" ";;"N";"N";
"DBELE";"ODV23DBEPD00208";28000;10;;" ";;"N";"N";
"DBELE";"ODV23DBEPD00208";29000;10;;" ";;"N";"N";
"DBELE";"ODV23DBEPD00208";30000;10;;" ";;"N";"N";
"DBELE";"ODV23DBEPD00208";31000;10;;" ";;"N";"N";
"DBELE";"ODV23DBEPD00208";32000;10;;" ";;"N";"N";
"DBELE";"ODV23DBEPD00208";33000;10;;" ";;"N";"N";
"DBELE";"ODV23DBEPD00208";35000;10;;" ";;"N";"N";
"DBELE";"ODV23DBEPD00208";36000;10;;" ";;"N";"N";
"DBELE";"ODV23DBEPD00208";37000;10;;" ";;"N";"N";
"DBELE";"ODV23DBEPD00208";38000;10;;" ";;"N";"N";
"DBELE";"ODV23DBEPD00209";1000;27;"StefanoVanuzzo";" ";;"N";"N";
"DBELE";"ODV23DBEPD00209";2000;50;"StefanoVanuzzo";" ";;"N";"N";
"DBELE";"ODV23DBEPD00209";3000;50;"StefanoVanuzzo";" ";;"N";"N";
"DBELE";"ODV23DBEPD00210";1000;50;"StefanoVanuzzo";" ";;"N";"N";
"DBELE";"ODV23DBEPD00210";2000;50;"StefanoVanuzzo";" ";;"N";"N";
"DBELE";"ODV23DBEPD00210";3000;27;"StefanoVanuzzo";" ";;"N";"N";
"DBELE";"ODV23DBEPD00210";3500;27;"StefanoVanuzzo";" ";;"N";"N";
"DBELE";"ODV23DBEPD00210";4000;40;"EnricoCiscato";" ";;"N";"N";
"DBELE";"ODV23DBEPD00211";1000;50;"StefanoVanuzzo";" ";;"N";"N";
"DBELE";"ODV23DBEPD00212";1000;35;"EnricoCiscato";" ";;"N";"N";
"DBELE";"ODV23DBEPD00212";2000;35;"EnricoCiscato";" ";;"N";"N";
"DBELE";"ODV23DBEPD00212";3000;35;"EnricoCiscato";" ";;"N";"N";
"DBELE";"ODV23DBEPD00212";5000;27;"EnricoCiscato";" ";;"N";"N";
"DBELE";"ODV23DBEPD00212";6000;27;"EnricoCiscato";" ";;"N";"N";
"DBELE";"ODV23DBEPD00212";7000;27;"EnricoCiscato";" ";;"N";"N";
"DBELE";"ODV23DBEPD00212";8000;27;"EnricoCiscato";" ";;"N";"N";
"DBELE";"ODV23DBEPD00213";1000;27;"StefanoVanuzzo";" ";;"N";"N";
"DBELE";"ODV23DBEPD00213";2000;27;"StefanoVanuzzo";" ";;"N";"N";
"DBELE";"ODV23DBEPD00214";1000;10;;" ";;"N";"N";
"DBELE";"ODV23DBEPD00214";2000;10;;" ";;"N";"N";
"DBELE";"ODV23DBEPD00214";3000;10;;" ";;"N";"N";
"DBELE";"ODV23DBEPD00214";4000;10;;" ";;"N";"N";
"DBELE";"ODV23DBEPD00214";5000;10;;" ";;"N";"N";
"DBELE";"ODV23DBEPD00214";6000;10;;" ";;"N";"N";
"DBELE";"ODV23DBEPD00214";7000;10;;" ";;"N";"N";
"DBELE";"ODV23DBEPD00214";8000;10;;" ";;"N";"N";
"DBELE";"ODV23DBEPD00214";9000;10;;" ";;"N";"N";
"DBELE";"ODV23DBEPD00214";10000;10;;" ";;"N";"N";
"DBELE";"ODV23DBEPD00214";11000;10;;" ";;"N";"N";
"DBELE";"ODV23DBEPD00214";12000;10;;" ";;"N";"N";
"DBELE";"ODV23DBEPD00214";13000;10;;" ";;"N";"N";
"DBELE";"ODV23DBEPD00214";14000;10;;" ";;"N";"N";
"DBELE";"ODV23DBEPD00214";15000;10;;" ";;"N";"N";
"DBELE";"ODV23DBEPD00214";17000;10;;" ";;"N";"N";
"DBELE";"ODV23DBEPD00214";18000;10;;" ";;"N";"N";
"DBELE";"ODV23DBEPD00214";19000;10;;" ";;"N";"N";
"DBELE";"ODV23DBEPD00214";20000;10;;" ";;"N";"N";
"DBELE";"ODV23DBEPD00215";1000;27;"StefanoVanuzzo";" ";;"N";"N";
"DBELE";"ODV23DBEPD00215";2000;27;"StefanoVanuzzo";" ";;"N";"N";
"DBELE";"ODV23DBEPD00216";1000;10;;" ";;"N";"N";
"DBELE";"ODV23DBEPD00218";1000;10;;" ";;"N";"N";
"DBELE";"ODV23DBEPD00219";1000;50;"StefanoVanuzzo";" ";;"N";"N";
"DBELE";"ODV23DBEPD00219";2000;50;"StefanoVanuzzo";" ";;"N";"N";
"DBELE";"ODV23DBEPD00221";1000;27;"StefanoVanuzzo";" ";;"N";"N";
"DBELE";"ODV23DBEPD00221";2000;27;"StefanoVanuzzo";" ";;"N";"N";
"DBELE";"ODV23DBEPD00221";3000;27;"StefanoVanuzzo";" ";;"N";"N";
"DBELE";"ODV23DBEPD00222";1000;27;"StefanoVanuzzo";" ";;"N";"N";
"DBELE";"ODV23DBEPD00222";2000;10;;" ";;"N";"N";
"DBELE";"ODV23DBEPD00222";3000;27;"StefanoVanuzzo";" ";;"N";"N";
"DBELE";"ODV23DBEPD00222";4000;27;"StefanoVanuzzo";" ";;"N";"N";
"DBELE";"ODV23DBEPD00223";1000;50;"StefanoVanuzzo";" ";;"N";"N";
"DBELE";"ODV23DBEPD00223";2000;20;"LorenzoTasca";" ";;"N";"N";
"DBELE";"ODV23DBEPD00223";3000;20;"LorenzoTasca";" ";;"N";"N";
"DBELE";"ODV23DBEPD00223";4000;20;"LorenzoTasca";" ";;"N";"N";
"DBELE";"ODV23DBEPD00224";1000;50;"StefanoVanuzzo";" ";;"N";"N";
"DBELE";"ODV23DBEPD00224";2000;50;"StefanoVanuzzo";" ";;"N";"N";
"DBELE";"ODV23DBEPD00224";3000;27;"StefanoVanuzzo";" ";;"N";"N";
"DBELE";"ODV23DBEPD00224";4000;27;"StefanoVanuzzo";" ";;"N";"N";
"DBELE";"ODV23DBEPD00224";5000;27;"StefanoVanuzzo";" ";;"N";"N";
"DBELE";"ODV23DBEPD00225";1000;45;"EnricoCiscato";" ";;"N";"N";
"DBELE";"ODV23DBEPD00225";2000;45;"EnricoCiscato";" ";;"N";"N";
"DBELE";"ODV23DBEPD00225";3000;45;"EnricoCiscato";" ";;"N";"N";
"DBELE";"ODV23DBEPD00225";4000;45;"EnricoCiscato";" ";;"N";"N";
"DBELE";"ODV23DBEPD00225";5000;45;"EnricoCiscato";" ";;"N";"N";
"DBELE";"ODV23DBEPD00225";6000;45;"EnricoCiscato";" ";;"N";"N";
"DBELE";"ODV23DBEPD00225";7000;45;"EnricoCiscato";" ";;"N";"N";
"DBELE";"ODV23DBEPD00225";8000;45;"EnricoCiscato";" ";;"N";"N";
"DBELE";"ODV23DBEPD00225";9000;45;"EnricoCiscato";" ";;"N";"N";
"DBELE";"ODV23DBEPD00225";10000;45;"EnricoCiscato";" ";;"N";"N";
"DBELE";"ODV23DBEPD00225";11000;45;"EnricoCiscato";" ";;"N";"N";
"DBELE";"ODV23DBEPD00225";12000;45;"EnricoCiscato";" ";;"N";"N";
"DBELE";"ODV23DBEPD00225";13000;45;"EnricoCiscato";" ";;"N";"N";
"DBELE";"ODV23DBEPD00225";14000;27;"StefanoVanuzzo";" ";;"N";"N";
"DBELE";"ODV23DBEPD00226";1000;50;"StefanoVanuzzo";" ";;"N";"N";
"DBELE";"ODV23DBEPD00226";2000;50;"StefanoVanuzzo";" ";;"N";"N";
"DBELE";"ODV23DBEPD00226";3000;50;"StefanoVanuzzo";" ";;"N";"N";
"DBELE";"ODV23DBEPD00227";1000;27;"StefanoVanuzzo";" ";;"N";"N";
"DBELE";"ODV23DBEPD00227";2000;45;"EnricoCiscato";" ";;"N";"N";
"DBELE";"ODV23DBEPD00227";3000;27;"StefanoVanuzzo";" ";;"N";"N";
"DBELE";"ODV23DBEPD00227";4000;45;"EnricoCiscato";" ";;"N";"N";
"DBELE";"ODV23DBEPD00227";5000;45;"EnricoCiscato";" ";;"N";"N";
"DBELE";"ODV23DBEPD00228";1000;30;"LorenzoTasca";" ";;"N";"N";
"DBELE";"ODV23DBEPD00230";1000;27;"StefanoVanuzzo";" ";;"N";"N";
"DBELE";"ODV23DBEPD00230";2000;50;"StefanoVanuzzo";" ";;"N";"N";
"DBELE";"ODV23DBEPD00230";3000;27;"StefanoVanuzzo";" ";;"N";"N";
"DBELE";"ODV23DBEPD00230";4000;50;"StefanoVanuzzo";" ";;"N";"N";
"DBELE";"ODV23DBEPD00230";5000;50;"StefanoVanuzzo";" ";;"N";"N";
"DBELE";"ODV23DBEPD00231";1000;20;"LorenzoTasca";" ";;"N";"N";
"DBELE";"ODV23DBEPD00232";1000;10;;" ";;"N";"N";
"DBELE";"ODV23DBEPD00232";2000;27;"StefanoVanuzzo";" ";;"N";"N";
"DBELE";"ODV23DBEPD00232";3000;27;"StefanoVanuzzo";" ";;"N";"N";
"DBELE";"ODV23DBEPD00232";4000;20;"LorenzoTasca";" ";;"N";"N";
"DBELE";"ODV23DBEPD00232";5000;45;"EnricoCiscato";" ";;"N";"N";
"DBELE";"ODV23DBEPD00233";1000;27;"StefanoVanuzzo";" ";;"N";"N";
"DBELE";"ODV23DBEPD00234";1000;27;"StefanoVanuzzo";" ";;"N";"N";
"DBELE";"ODV23DBEPD00234";2000;27;"StefanoVanuzzo";" ";;"N";"N";
"DBELE";"ODV23DBEPD00235";1000;20;"LorenzoTasca";" ";;"N";"N";
"DBELE";"ODV23DBEPD00235";2000;27;"StefanoVanuzzo";" ";;"N";"N";
"DBELE";"ODV23DBEPD00235";3000;27;"StefanoVanuzzo";" ";;"N";"N";
"DBELE";"ODV23DBEPD00235";4000;27;"StefanoVanuzzo";" ";;"N";"N";
"DBELE";"ODV23DBEPD00235";5000;27;"StefanoVanuzzo";" ";;"N";"N";
"DBELE";"ODV23DBEPD00235";6000;27;"StefanoVanuzzo";" ";;"N";"N";
"DBELE";"ODV23DBEPD00236";1000;20;"LorenzoTasca";" ";;"N";"N";
"DBELE";"ODV23DBEPD00237";1000;20;"LorenzoTasca";" ";;"N";"N";
"DBELE";"ODV23DBEPD00237";2000;20;"LorenzoTasca";" ";;"N";"N";
"DBELE";"ODV23DBEPD00237";3000;20;"LorenzoTasca";" ";;"N";"N";
"DBELE";"ODV23DBEPD00237";4000;20;"LorenzoTasca";" ";;"N";"N";
"DBELE";"ODV23DBEPD00237";5000;20;"LorenzoTasca";" ";;"N";"N";
"DBELE";"ODV23DBEPD00237";6000;20;"LorenzoTasca";" ";;"N";"N";
"DBELE";"ODV23DBEPD00237";7000;20;"LorenzoTasca";" ";;"N";"N";
"DBELE";"ODV23DBEPD00238";1000;20;"LorenzoTasca";" ";;"N";"N";
"DBELE";"ODV23DBEPD00239";1000;20;"LorenzoTasca";" ";;"N";"N";
"DBELE";"ODV23DBEPD00239";2000;20;"LorenzoTasca";" ";;"N";"N";
"DBELE";"ODV23DBEPD00241";1000;20;"LorenzoTasca";" ";;"N";"N";
"DBELE";"ODV23DBEPD00241";2000;20;"LorenzoTasca";" ";;"N";"N";
"DBELE";"ODV23DBEPD00241";3000;20;"LorenzoTasca";" ";;"N";"N";
"DBELE";"ODV23DBEPD00241";4000;27;"StefanoVanuzzo";" ";;"N";"N";
"DBELE";"ODV23DBEPD00241";5000;35;"FedericaFavero";" ";;"N";"N";
"DBELE";"ODV23DBEPD00241";6000;20;"LorenzoTasca";" ";;"N";"N";
"DBELE";"ODV23DBEPD00242";1000;27;"StefanoVanuzzo";" ";;"N";"N";
"DBELE";"ODV23DBEPD00243";1000;20;"LorenzoTasca";" ";;"N";"N";
"DBELE";"ODV23DBEPD00243";2000;27;"StefanoVanuzzo";" ";;"N";"N";
"DBELE";"ODV23DBEPD00243";3000;27;"StefanoVanuzzo";" ";;"N";"N";
"DBELE";"ODV23DBEPD00244";1000;20;"LorenzoTasca";" ";;"N";"N";
"DBELE";"ODV23DBEPD00244";2000;50;"StefanoVanuzzo";" ";;"N";"N";
"DBELE";"ODV23DBEPD00244";3000;20;"LorenzoTasca";" ";;"N";"N";
"DBELE";"ODV23DBEPD00244";4000;50;"StefanoVanuzzo";" ";;"N";"N";
"DBELE";"ODV23DBEPD00244";5000;50;"StefanoVanuzzo";" ";;"N";"N";
"DBELE";"ODV23DBEPD00244";6000;50;"StefanoVanuzzo";" ";;"N";"N";
"DBELE";"ODV23DBEPD00244";7000;50;"StefanoVanuzzo";" ";;"N";"N";
"DBELE";"ODV23DBEPD00244";8000;50;"StefanoVanuzzo";" ";;"N";"N";
"DBELE";"ODV23DBEPD00244";9000;50;"StefanoVanuzzo";" ";;"N";"N";
"DBELE";"ODV23DBEPD00244";10000;20;"LorenzoTasca";" ";;"N";"N";
"DBELE";"ODV23DBEPD00244";10500;50;"StefanoVanuzzo";" ";;"N";"N";
"DBELE";"ODV23DBEPD00244";11000;50;"StefanoVanuzzo";" ";;"N";"N";
"DBELE";"ODV23DBEPD00244";12000;50;"StefanoVanuzzo";" ";;"N";"N";
"DBELE";"ODV23DBEPD00244";13000;20;"LorenzoTasca";" ";;"N";"N";
"DBELE";"ODV23DBEPD00244";14000;50;"StefanoVanuzzo";" ";;"N";"N";
"DBELE";"ODV23DBEPD00244";15000;50;"StefanoVanuzzo";" ";;"N";"N";
"DBELE";"ODV23DBEPD00244";16000;50;"StefanoVanuzzo";" ";;"N";"N";
"DBELE";"ODV23DBEPD00245";1000;30;"LorenzoTasca";" ";;"N";"N";
"DBELE";"ODV23DBEPD00246";1000;30;"LorenzoTasca";" ";;"N";"N";
"DBELE";"ODV23DBEPD00247";2000;20;"LorenzoTasca";" ";"Freq. 310 MHz";"S";"N";
"DBELE";"ODV23DBEPD00247";3000;20;"LorenzoTasca";" ";"Freq. 310 MHz

cerchiamo di ottimizzare il finale per fare 30W a 310MHz";"S";"N";
"DBELE";"ODV23DBEPD00248";1000;20;"LorenzoTasca";" ";;"N";"N";
"DBELE";"ODV23DBEPD00249";1000;20;"LorenzoTasca";" ";;"N";"N";
"DBELE";"ODV23DBEPD00249";2000;20;"LorenzoTasca";" ";;"N";"N";
"DBELE";"ODV23DBEPD00249";3000;10;;" ";;"N";"N";
"DBELE";"ODV23DBEPD00249";4000;20;"LorenzoTasca";" ";;"N";"N";
"DBELE";"ODV23DBEPD00250";1000;20;"LorenzoTasca";" ";;"N";"N";
"DBELE";"ODV23DBEPD00251";1000;20;"LorenzoTasca";" ";;"N";"N";
"DBELE";"ODV23DBEPD00251";2000;20;"LorenzoTasca";" ";;"N";"N";
"DBELE";"ODV23DBEPD00251";3000;27;"StefanoVanuzzo";" ";;"N";"N";
"DBELE";"ODV23DBEPD00251";4000;27;"StefanoVanuzzo";" ";;"N";"N";
"DBELE";"ODV23DBEPD00251";5000;27;;" ";;"N";"N";
"DBELE";"ODV23DBEPD00251";6000;27;"StefanoVanuzzo";" ";;"N";"N";
"DBELE";"ODV23DBEPD00251";7000;27;"StefanoVanuzzo";" ";;"N";"N";
"DBELE";"ODV23DBEPD00251";8000;27;"StefanoVanuzzo";" ";;"N";"N";
"DBELE";"ODV23DBEPD00251";9000;27;"StefanoVanuzzo";" ";;"N";"N";
"DBELE";"ODV23DBEPD00252";1000;27;"StefanoVanuzzo";" ";;"N";"N";
"DBELE";"ODV23DBEPD00253";1000;20;"LorenzoTasca";" ";;"N";"N";
"DBELE";"ODV23DBEPD00254";1000;50;"StefanoVanuzzo";" ";;"N";"N";
"DBELE";"ODV23DBEPD00254";2000;50;"StefanoVanuzzo";" ";;"N";"N";
"DBELE";"ODV23DBEPD00254";3000;27;"StefanoVanuzzo";" ";;"N";"N";
"DBELE";"ODV23DBEPD00254";4000;27;"StefanoVanuzzo";" ";;"N";"N";
"DBELE";"ODV23DBEPD00254";5000;27;"StefanoVanuzzo";" ";;"N";"N";
"DBELE";"ODV23DBEPD00254";6000;27;"StefanoVanuzzo";" ";;"N";"N";
"DBELE";"ODV23DBEPD00254";7000;27;"StefanoVanuzzo";" ";;"N";"N";
"DBELE";"ODV23DBEPD00254";8000;27;"StefanoVanuzzo";" ";;"N";"N";
"DBELE";"ODV23DBEPD00254";9000;27;"StefanoVanuzzo";" ";;"N";"N";
"DBELE";"ODV23DBEPD00254";10000;27;"StefanoVanuzzo";" ";;"N";"N";
"DBELE";"ODV23DBEPD00254";11000;27;"StefanoVanuzzo";" ";;"N";"N";
"DBELE";"ODV23DBEPD00255";1000;50;"StefanoVanuzzo";" ";;"N";"N";
"DBELE";"ODV23DBEPD00255";2000;27;"StefanoVanuzzo";" ";;"N";"N";
"DBELE";"ODV23DBEPD00255";3000;27;"StefanoVanuzzo";" ";;"N";"N";
"DBELE";"ODV23DBEPD00255";4000;27;"StefanoVanuzzo";" ";;"N";"N";
"DBELE";"ODV23DBEPD00255";5000;27;"StefanoVanuzzo";" ";;"N";"N";
"DBELE";"ODV23DBEPD00256";1000;50;"StefanoVanuzzo";" ";"Freq. 1518.25 MHz";"S";"N";
"DBELE";"ODV23DBEPD00256";2000;50;"StefanoVanuzzo";" ";"Freq. 1518.25 MHz";"S";"N";
"DBELE";"ODV23DBEPD00257";1000;30;"LorenzoTasca";" ";;"N";"N";
"DBELE";"ODV23DBEPD00257";2000;30;"LorenzoTasca";" ";;"N";"N";
"DBELE";"ODV23DBEPD00258";1000;30;"LorenzoTasca";" ";;"N";"N";
"DBELE";"ODV23DBEPD00258";1500;30;"LorenzoTasca";" ";;"N";"N";
"DBELE";"ODV23DBEPD00258";2000;10;;" ";;"N";"N";
"DBELE";"ODV23DBEPD00258";3000;27;"StefanoVanuzzo";" ";;"N";"N";
"DBELE";"ODV23DBEPD00258";4000;35;"FedericaFavero";" ";;"N";"N";
"DBELE";"ODV23DBEPD00259";1000;27;"StefanoVanuzzo";" ";;"N";"N";
"DBELE";"ODV23DBEPD00260";1000;20;"LorenzoTasca";" ";"Freq: 228.98 MHz";"S";"N";
"DBELE";"ODV23DBEPD00260";2000;20;"LorenzoTasca";" ";"Freq: 228.98 MHz";"S";"N";
"DBELE";"ODV23DBEPD00260";3000;27;"StefanoVanuzzo";" ";;"N";"N";
"DBELE";"ODV23DBEPD00261";1000;35;"FedericaFavero";" ";;"N";"N";
"DBELE";"ODV23DBEPD00262";1000;30;"LorenzoTasca";" ";;"N";"N";
"DBELE";"ODV23DBEPD00262";2000;30;"LorenzoTasca";" ";;"N";"N";
"DBELE";"ODV23DBEPD00262";3000;27;"StefanoVanuzzo";" ";;"N";"N";
"DBELE";"ODV23DBEPD00263";1000;20;"LorenzoTasca";" ";;"N";"N";
"DBELE";"ODV23DBEPD00264";1000;20;"LorenzoTasca";" ";;"N";"N";
"DBELE";"ODV23DBEPD00264";2000;10;;" ";;"N";"N";
"DBELE";"ODV23DBEPD00265";1000;45;"EnricoCiscato";" ";;"N";"N";
"DBELE";"ODV23DBEPD00266";1000;20;"LorenzoTasca";" ";;"N";"N";
"DBELE";"ODV23DBEPD00266";2000;50;"StefanoVanuzzo";" ";;"N";"N";
"DBELE";"ODV23DBEPD00267";1000;35;"FedericaFavero";" ";;"N";"N";
"DBELE";"ODV23DBEPD00268";1000;50;"StefanoVanuzzo";" ";;"N";"N";
"DBELE";"ODV23DBEPD00268";2000;50;"StefanoVanuzzo";" ";;"N";"N";
"DBELE";"ODV23DBEPD00268";3000;27;"StefanoVanuzzo";" ";;"N";"N";
"DBELE";"ODV23DBEPD00269";1000;30;"LorenzoTasca";" ";;"N";"N";
"DBELE";"ODV23DBEPD00270";1000;45;"EnricoCiscato";" ";;"N";"N";
"DBELE";"ODV23DBEPD00270";2000;45;"EnricoCiscato";" ";;"N";"N";
"DBELE";"ODV23DBEPD00271";1000;50;"StefanoVanuzzo";" ";;"N";"N";
"DBELE";"ODV23DBEPD00271";2000;50;"StefanoVanuzzo";" ";;"N";"N";
"DBELE";"ODV23DBEPD00272";1000;50;"StefanoVanuzzo";" ";;"N";"N";
"DBELE";"ODV23DBEPD00273";1000;30;"LorenzoTasca";" ";;"N";"N";
"DBELE";"ODV23DBEPD00274";1000;50;"StefanoVanuzzo";" ";"freq: 328.200 MHz";"S";"N";
"DBELE";"ODV23DBEPD00274";2000;50;"StefanoVanuzzo";" ";"freq: 328.200 MHz";"S";"N";
"DBELE";"ODV23DBEPD00275";1000;35;"FedericaFavero";" ";;"N";"N";
"DBELE";"ODV23DBEPD00276";1000;20;"LorenzoTasca";" ";;"N";"N";
"DBELE";"ODV23DBEPD00276";2000;50;"StefanoVanuzzo";" ";;"N";"N";
"DBELE";"ODV23DBEPD00276";3000;27;"EnricoCiscato";" ";;"N";"N";
"DBELE";"ODV23DBEPD00277";1000;27;"StefanoVanuzzo";" ";;"N";"N";
"DBELE";"ODV23DBEPD00277";2000;27;"stefanoroverato";" ";;"N";"N";
"DBELE";"ODV23DBEPD00278";1000;35;"FedericaFavero";" ";;"N";"N";
"DBELE";"ODV23DBEPD00278";2000;35;"FedericaFavero";" ";;"N";"N";
"DBELE";"ODV23DBEPD00279";1000;50;"StefanoVanuzzo";" ";;"N";"N";
"DBELE";"ODV23DBEPD00280";1000;50;"StefanoVanuzzo";" ";;"N";"N";
"DBELE";"ODV23DBEPD00282";1000;27;"StefanoVanuzzo";" ";;"N";"N";
"DBELE";"ODV23DBEPD00282";2000;27;"StefanoVanuzzo";" ";;"N";"N";
"DBELE";"ODV23DBEPD00282";3000;27;"StefanoVanuzzo";" ";;"N";"N";
"DBELE";"ODV23DBEPD00282";4000;27;"StefanoVanuzzo";" ";;"N";"N";
"DBELE";"ODV23DBEPD00282";5000;27;"StefanoVanuzzo";" ";;"N";"N";
"DBELE";"ODV23DBEPD00282";6000;27;"StefanoVanuzzo";" ";;"N";"N";
"DBELE";"ODV23DBEPD00282";7000;45;"EnricoCiscato";" ";;"N";"N";
"DBELE";"ODV23DBEPD00283";1000;50;"StefanoVanuzzo";" ";;"N";"N";
"DBELE";"ODV23DBEPD00283";2000;50;"StefanoVanuzzo";" ";;"N";"N";
"DBELE";"ODV23DBEPD00283";3000;50;"StefanoVanuzzo";" ";;"N";"N";
"DBELE";"ODV23DBEPD00283";3500;50;"StefanoVanuzzo";" ";;"N";"N";
"DBELE";"ODV23DBEPD00283";4000;50;"StefanoVanuzzo";" ";;"N";"N";
"DBELE";"ODV23DBEPD00283";5000;20;"LorenzoTasca";" ";;"N";"N";
"DBELE";"ODV23DBEPD00284";1000;35;"FedericaFavero";" ";;"N";"N";
"DBELE";"ODV23DBEPD00285";1000;50;"StefanoVanuzzo";" ";;"N";"N";
"DBELE";"ODV23DBEPD00285";2000;27;"StefanoVanuzzo";" ";;"N";"N";
"DBELE";"ODV23DBEPD00285";3000;27;"StefanoVanuzzo";" ";;"N";"N";
"DBELE";"ODV23DBEPD00285";4000;27;"StefanoVanuzzo";" ";;"N";"N";
"DBELE";"ODV23DBEPD00285";5000;45;"EnricoCiscato";" ";;"N";"N";
"DBELE";"ODV23DBEPD00285";6000;45;"EnricoCiscato";" ";;"N";"N";
"DBELE";"ODV23DBEPD00286";1000;50;"StefanoVanuzzo";" ";;"N";"N";
"DBELE";"ODV23DBEPD00286";2000;27;"StefanoVanuzzo";" ";;"N";"N";
"DBELE";"ODV23DBEPD00287";1000;50;"StefanoVanuzzo";" ";;"N";"N";
"DBELE";"ODV23DBEPD00288";1000;50;"StefanoVanuzzo";" ";;"N";"N";
"DBELE";"ODV23DBEPD00289";1000;50;"StefanoVanuzzo";" ";;"N";"N";
"DBELE";"ODV23DBEPD00289";2000;50;"StefanoVanuzzo";" ";;"N";"N";
"DBELE";"ODV23DBEPD00291";1000;50;"StefanoVanuzzo";" ";;"N";"N";
"DBELE";"ODV23DBEPD00293";1000;20;"LorenzoTasca";" ";;"N";"N";
"DBELE";"ODV23DBEPD00293";2000;50;"StefanoVanuzzo";" ";;"N";"N";
"DBELE";"ODV23DBEPD00294";1000;45;"EnricoCiscato";" ";;"N";"N";
"DBELE";"ODV23DBEPD00295";1000;50;"StefanoVanuzzo";" ";"FREQ. BAND 220-240 MHz 

FREQ. BAND 210-230 MHz

RF MONITOR-WITH CONNECTOR BNC";"S";"N";
"DBELE";"ODV23DBEPD00296";1000;50;"StefanoVanuzzo";" ";;"N";"N";
"DBELE";"ODV23DBEPD00297";1000;30;"LorenzoTasca";" ";;"N";"N";
"DBELE";"ODV23DBEPD00297";2000;30;"LorenzoTasca";" ";;"N";"N";
"DBELE";"ODV23DBEPD00298";1000;27;"StefanoVanuzzo";" ";;"N";"N";
"DBELE";"ODV23DBEPD00298";2000;27;"StefanoVanuzzo";" ";;"N";"N";
"DBELE";"ODV23DBEPD00298";3000;27;"StefanoVanuzzo";" ";;"N";"N";
"DBELE";"ODV23DBEPD00299";1000;50;"StefanoVanuzzo";" ";;"N";"N";
"DBELE";"ODV23DBEPD00300";1000;45;"EnricoCiscato";" ";;"N";"N";
"DBELE";"ODV23DBEPD00301";1000;50;"StefanoVanuzzo";" ";;"N";"N";
"DBELE";"ODV23DBEPD00302";1000;50;"StefanoVanuzzo";" ";;"N";"N";
"DBELE";"ODV23DBEPD00303";1000;27;"EnricoCiscato";" ";;"N";"N";
"DBELE";"ODV24DBEBS00001";1000;20;"simonebontempi";" ";"Per SCA202TB 
ch. 8 
NTSC-M";"S";"N";"#file:///L:\laboratorio\03_MATRICOLE%20E%20COLLAUDO%20APPARATI\Fogli%20di%20Layout%20e%20Collaudo\Advicom\1246-52257_L%20(%20Advicom%20).pdf#"
"DBELE";"ODV24DBEBS00001";2000;20;"simonebontempi";" ";;"S";"N";"#file:///L:\laboratorio\03_MATRICOLE%20E%20COLLAUDO%20APPARATI\Fogli%20di%20Layout%20e%20Collaudo\Advicom\1246-52257_L%20(%20Advicom%20).pdf#"
"DBELE";"ODV24DBEBS00001";3000;20;"simonebontempi";" ";;"N";"N";
"DBELE";"ODV24DBEBS00001";4000;20;"simonebontempi";" ";;"N";"N";
"DBELE";"ODV24DBEBS00001";5000;20;"simonebontempi";" ";;"N";"N";
"DBELE";"ODV24DBEBS00002";1000;20;"lucabressana";" ";;"N";"N";
"DBELE";"ODV24DBEBS00003";1000;20;"lucabressana";" ";;"N";"N";
"DBELE";"ODV24DBEBS00003";2000;20;"pietroguarinoni";" ";;"N";"N";
"DBELE";"ODV24DBEBS00003";3000;27;"robertorosa";" ";;"N";"N";
"DBELE";"ODV24DBEBS00005";1000;20;"lucabressana";" ";"Ch28 530MHz DVB-T";"S";"N";
"DBELE";"ODV24DBEBS00007";1000;50;"lucabressana";" ";;"N";"N";
"DBELE";"ODV24DBEBS00007";2000;50;"lucabressana";" ";;"N";"N";
"DBELE";"ODV24DBEBS00008";1000;20;"lucabressana";" ";;"N";"N";
"DBELE";"ODV24DBEBS00008";2000;20;"lucabressana";" ";;"N";"N";
"DBELE";"ODV24DBEBS00008";3000;20;"danieledotti";" ";;"N";"N";
"DBELE";"ODV24DBEBS00008";4000;20;"danieledotti";" ";;"N";"N";
"DBELE";"ODV24DBEBS00008";5000;20;"danieledotti";" ";;"N";"N";
"DBELE";"ODV24DBEBS00009";1000;20;"simonebontempi";" ";;"N";"N";
"DBELE";"ODV24DBEBS00010";1000;20;"lucabressana";" ";"Ch. 8A (maschera critica)
Il trasmettitore funzionerà con potenza 35Wrms prima del filtro";"S";"N";
"DBELE";"ODV24DBEBS00010";2000;20;"lucabressana";" ";"Ch. 8A (maschera critica)
Il trasmettitore funzionerà con potenza 200Wrms prima del filtro";"S";"N";
"DBELE";"ODV24DBEBS00010";3000;20;"lucabressana";" ";;"N";"N";
"DBELE";"ODV24DBEBS00010";4000;20;"lucabressana";" ";;"N";"N";
"DBELE";"ODV24DBEBS00011";1000;20;"lucabressana";" ";;"N";"N";
"DBELE";"ODV24DBEBS00011";2000;20;"lucabressana";" ";;"N";"N";
"DBELE";"ODV24DBEBS00013";1000;45;"federicomodonesi";" ";;"N";"N";
"DBELE";"ODV24DBEBS00014";1000;20;"lucabressana";" ";"Ch. 6A";"S";"N";
"DBELE";"ODV24DBEBS00015";1000;20;"lucabressana";" ";"Ch. 39 ISDB-Tb";"S";"N";
"DBELE";"ODV24DBEBS00016";1000;20;"lucabressana";" ";"Ch. 30

ISDB-Tb con ReMux";"S";"N";
"DBELE";"ODV24DBEBS00017";1000;20;"lucabressana";" ";"Per apparati SDT501-ARK6_X0_C
1529-56606
1529-56607

TX con transistor 888 (NON 888A) - ATSC";"S";"N";
"DBELE";"ODV24DBEBS00017";2000;20;"simonebontempi";" ";"Per apparati SDT101-ARK6_X0_C (ATSC - 1U)
1529-56602                         
1519-56468";"S";"N";
"DBELE";"ODV24DBEBS00018";1000;20;"lucabressana";" ";;"N";"N";
"DBELE";"ODV24DBEBS00018";2000;20;"lucabressana";" ";;"N";"N";
"DBELE";"ODV24DBEBS00018";3000;20;"lucabressana";" ";;"N";"N";
"DBELE";"ODV24DBEBS00019";1000;20;"lucabressana";" ";;"N";"N";
"DBELE";"ODV24DBEBS00022";1000;50;"lucabressana";" ";;"N";"N";
"DBELE";"ODV24DBEBS00022";2000;27;"EnricoCiscato";" ";;"N";"N";
"DBELE";"ODV24DBEBS00022";3000;27;"EnricoCiscato";" ";;"N";"N";
"DBELE";"ODV24DBEBS00022";4000;27;"EnricoCiscato";" ";;"N";"N";
"DBELE";"ODV24DBEBS00022";5000;27;"EnricoCiscato";" ";;"N";"N";
"DBELE";"ODV24DBEBS00022";6000;27;"EnricoCiscato";" ";;"N";"N";
"DBELE";"ODV24DBEBS00022";7000;27;"EnricoCiscato";" ";;"N";"N";
"DBELE";"ODV24DBEBS00022";8000;27;"EnricoCiscato";" ";;"N";"N";
"DBELE";"ODV24DBEBS00022";9000;27;"EnricoCiscato";" ";;"N";"N";
"DBELE";"ODV24DBEBS00025";1000;20;"lucabressana";" ";;"N";"N";
"DBELE";"ODV24DBEBS00026";1000;10;;" ";;"N";"N";
"DBELE";"ODV24DBEBS00026";2000;10;;" ";;"N";"N";
"DBELE";"ODV24DBEBS00027";1000;50;"lucabressana";" ";;"N";"N";
"DBELE";"ODV24DBEBS00028";1000;27;"federicomodonesi";" ";;"N";"N";
"DBELE";"ODV24DBEBS00029";1000;10;;" ";;"N";"N";
"DBELE";"ODV24DBEBS00030";1000;20;"danieledotti";" ";;"N";"N";
"DBELE";"ODV24DBEBS00031";1000;20;"lucabressana";" ";"Ch. 9D (verrà usato dal cliente come backup per seguenti ch. --> 9B,9D, 8D, 12A)";"S";"N";
"DBELE";"ODV24DBEBS00031";2000;27;"federicomodonesi";" ";;"N";"N";
"DBELE";"ODV24DBEBS00032";1000;20;"lucabressana";" ";"Standard: DVB-T/T2 6 MHz + NTSC";"S";"N";
"DBELE";"ODV24DBEBS00033";1000;27;"federicomodonesi";" ";;"N";"N";
"DBELE";"ODV24DBEBS00033";2000;20;"federicomodonesi";" ";;"N";"N";
"DBELE";"ODV24DBEBS00034";1000;20;"lucabressana";" ";"Ch. 21 ATSC";"S";"N";
"DBELE";"ODV24DBEBS00035";1000;50;"lucabressana";" ";"Ch. 36 PAL B/G - DVB-T/T2
380V";"S";"N";
"DBELE";"ODV24DBEBS00037";1000;20;"danieledotti";" ";;"N";"N";
"DBELE";"ODV24DBEBS00038";1000;10;;" ";;"N";"N";
"DBELE";"ODV24DBEBS00038";2000;10;;" ";;"N";"N";
"DBELE";"ODV24DBEBS00039";1000;20;"lucabressana";" ";;"N";"N";
"DBELE";"ODV24DBEBS00039";2000;20;"lucabressana";" ";;"N";"N";
"DBELE";"ODV24DBEBS00039";3000;20;"lucabressana";" ";;"N";"N";
"DBELE";"ODV24DBEBS00040";1000;20;"lucabressana";" ";;"N";"N";
"DBELE";"ODV24DBEBS00041";1000;10;;" ";;"N";"N";
"DBELE";"ODV24DBEBS00044";1000;20;"lucabressana";" ";"Ch. 28 DVB-T/T2";"S";"N";
"DBELE";"ODV24DBEBS00045";1000;20;"lucabressana";" ";"con opzione ReMux";"S";"N";
"DBELE";"ODV24DBEBS00046";1000;20;"simonebontempi";" ";"Per SFTDAB600";"S";"N";
"DBELE";"ODV24DBEBS00047";1000;20;"lucabressana";" ";"MUX-C


Digital Area: PLJESEVICA - Postazione: VELIKA GOMILA - Ch. 47

Digital Area: MAJEVICA - Postazione: UDRIGOVO - Ch.31

Digital Area: TUSNICA - Postazione: TUSNICA - Ch. 48

Digital Area: BJELASNICA - Postazione: TREBEVIC - Ch. 47

Digital Area: VELEZ - Postazione: HRGUD - Ch. 39

Digital Area: LEOTAR - Postazione: LEOTAR - Ch. 40";"S";"N";
"DBELE";"ODV24DBEBS00047";2000;20;"lucabressana";" ";"MUX-C


Digital Area: KOZARA - Postazione: KOZARA - Ch. 45

Digital Area: VLASIC - Postazione: VLASIC - Ch. 46";"S";"N";
"DBELE";"ODV24DBEBS00047";3000;20;"lucabressana";" ";"MUX-C


Digital Area: TROVRH - Postazione: KMUR - Ch. 45";"S";"N";
"DBELE";"ODV24DBEBS00047";4000;20;"lucabressana";" ";;"N";"N";
"DBELE";"ODV24DBEBS00047";5000;20;"lucabressana";" ";;"N";"N";
"DBELE";"ODV24DBEBS00047";6000;20;"lucabressana";" ";;"N";"N";
"DBELE";"ODV24DBEBS00047";7000;20;"lucabressana";" ";;"N";"N";
"DBELE";"ODV24DBEBS00047";8000;20;"lucabressana";" ";;"N";"N";
"DBELE";"ODV24DBEBS00047";9000;27;"EnricoCiscato";" ";;"N";"N";
"DBELE";"ODV24DBEBS00047";10000;27;"EnricoCiscato";" ";;"N";"N";
"DBELE";"ODV24DBEBS00047";11000;27;"EnricoCiscato";" ";;"N";"N";
"DBELE";"ODV24DBEBS00047";12000;27;"federicomodonesi";" ";;"N";"N";
"DBELE";"ODV24DBEBS00047";13000;27;"federicomodonesi";" ";;"N";"N";
"DBELE";"ODV24DBEBS00047";14000;27;"federicomodonesi";" ";;"N";"N";
"DBELE";"ODV24DBEBS00050";1000;20;"lucabressana";" ";"ATSC 1.0 6MHz";"S";"N";
"DBELE";"ODV24DBEBS00051";1000;20;"lucabressana";" ";;"N";"N";
"DBELE";"ODV24DBEBS00051";2000;20;"lucabressana";" ";;"N";"N";
"DBELE";"ODV24DBEBS00051";3000;25;"lucabressana";" ";;"N";"N";
"DBELE";"ODV24DBEBS00052";1000;35;"simonebontempi";" ";"Per SFTDAB015_ARKX_E1 - 1828-57578";"S";"N";"#file:///L:\laboratorio\03_MATRICOLE%20E%20COLLAUDO%20APPARATI\Fogli%20di%20Layout%20e%20Collaudo\ONT\1831-57627%201821-57628_L%20(%20ONT%20).pdf#"
"DBELE";"ODV24DBEBS00052";2000;35;"simonebontempi";" ";"Per amplificatori SFK11V/A + SFTDAB600_ARXK_E1_C";"S";"N";
"DBELE";"ODV24DBEBS00052";3000;20;"lucabressana";" ";;"N";"N";
"DBELE";"ODV24DBEBS00052";4000;27;"federicomodonesi";" ";;"N";"N";
"DBELE";"ODV24DBEBS00052";5000;27;"federicomodonesi";" ";;"N";"N";
"DBELE";"ODV24DBEBS00052";6000;27;"federicomodonesi";" ";;"N";"N";
"DBELE";"ODV24DBEBS00053";1000;20;"lucabressana";" ";;"N";"N";
"DBELE";"ODV24DBEBS00053";2000;20;"lucabressana";" ";;"N";"N";
"DBELE";"ODV24DBEBS00056";1000;50;"lucabressana";" ";"Ch. 39 - M-NTSC/ISDB-Tb (con opzione ReMux)";"S";"N";
"DBELE";"ODV24DBEBS00058";1000;35;"federicomodonesi";" ";;"N";"N";
"DBELE";"ODV24DBEBS00058";2000;35;"federicomodonesi";" ";;"N";"N";
"DBELE";"ODV24DBEBS00059";1000;20;"lucabressana";" ";;"N";"N";
"DBELE";"ODV24DBEBS00059";2000;20;"lucabressana";" ";;"N";"N";
"DBELE";"ODV24DBEBS00059";3000;45;"EnricoCiscato";" ";;"N";"N";
"DBELE";"ODV24DBEBS00059";4000;45;"EnricoCiscato";" ";;"N";"N";
"DBELE";"ODV24DBEBS00059";5000;27;"StefanoVanuzzo";" ";;"N";"N";
"DBELE";"ODV24DBEBS00059";6000;45;"EnricoCiscato";" ";;"N";"N";
"DBELE";"ODV24DBEBS00059";7000;27;"StefanoVanuzzo";" ";;"N";"N";
"DBELE";"ODV24DBEBS00059";8000;27;"StefanoVanuzzo";" ";;"N";"N";
"DBELE";"ODV24DBEBS00059";9000;27;"StefanoVanuzzo";" ";;"N";"N";
"DBELE";"ODV24DBEBS00060";1000;20;"lucabressana";" ";;"N";"N";
"DBELE";"ODV24DBEBS00061";1000;50;"lucabressana";" ";"Ch. 36 ISDB-Tb - con opzione ReMux";"S";"N";
"DBELE";"ODV24DBEBS00062";1000;20;"danieledotti";" ";"Ch. 22 PAL D/K - DVB-T2";"S";"N";
"DBELE";"ODV24DBEBS00063";1000;20;"danieledotti";" ";"Ch. 47 DVB-T/T2 -  9° Est streaming Mediaset";"S";"N";
"DBELE";"ODV24DBEBS00064";1000;20;"simonebontempi";" ";"Ch. 8B per SFTDAB600_ARKX_XEI_C";"S";"N";"#file:///L:\laboratorio\03_MATRICOLE%20E%20COLLAUDO%20APPARATI\Fogli%20di%20Layout%20e%20Collaudo\DTBS\2022-58724_L_C%20(DTBS).pdf#"
"DBELE";"ODV24DBEBS00065";1000;27;"federicomodonesi";" ";;"N";"N";
"DBELE";"ODV24DBEBS00065";2000;27;"federicomodonesi";" ";;"N";"N";
"DBELE";"ODV24DBEBS00066";1000;20;"lucabressana";" ";"Ch. 23 ATSC (600Wrms output power)";"S";"N";
"DBELE";"ODV24DBEBS00067";1000;50;"lucabressana";" ";"Ch. 47 DVB-T - PAL D/K - 220V 1P

Username: CB";"S";"N";
"DBELE";"ODV24DBEBS00067";2000;27;"StefanoVanuzzo";" ";;"N";"N";
"DBELE";"ODV24DBEBS00067";3000;27;"StefanoVanuzzo";" ";;"N";"N";
"DBELE";"ODV24DBEBS00067";4000;27;"StefanoVanuzzo";" ";;"N";"N";
"DBELE";"ODV24DBEBS00067";5000;45;"EnricoCiscato";" ";;"N";"N";
"DBELE";"ODV24DBEBS00067";6000;27;"StefanoVanuzzo";" ";;"N";"N";
"DBELE";"ODV24DBEBS00067";7000;27;"StefanoVanuzzo";" ";;"N";"N";
"DBELE";"ODV24DBEBS00067";8000;27;"StefanoVanuzzo";" ";;"N";"N";
"DBELE";"ODV24DBEBS00068";1000;50;"lucabressana";" ";"Ch. 12A";"S";"N";
"DBELE";"ODV24DBEBS00069";1000;20;"lucabressana";" ";"1522-56513 (Moduli Doherty WB 8600)";"S";"N";"#file:///L:\laboratorio\03_MATRICOLE%20E%20COLLAUDO%20APPARATI\Fogli%20di%20Layout%20e%20Collaudo\Innovaction\1522-56513_L%20(%20Innovaction%20-%20Messico%20).pdf#"
"DBELE";"ODV24DBEBS00070";1000;20;"lucabressana";" ";"Per TX 1522-56513";"S";"N";
"DBELE";"ODV24DBEBS00071";1000;20;"simonebontempi";" ";;"N";"N";
"DBELE";"ODV24DBEBS00072";1000;50;"lucabressana";" ";;"N";"N";
"DBELE";"ODV24DBEBS00072";2000;50;"lucabressana";" ";;"N";"N";
"DBELE";"ODV24DBEBS00073";1000;10;;" ";;"N";"N";
"DBELE";"ODV24DBEBS00073";2000;10;;" ";;"N";"N";
"DBELE";"ODV24DBEBS00074";1000;35;"federicomodonesi";" ";;"N";"N";
"DBELE";"ODV24DBEBS00074";2000;20;"carlosdasilva";" ";;"N";"N";
"DBELE";"ODV24DBEBS00074";3000;20;"simonebontempi";" ";;"N";"N";
"DBELE";"ODV24DBEBS00074";4000;27;"federicomodonesi";" ";;"N";"N";
"DBELE";"ODV24DBEBS00074";5000;27;"federicomodonesi";" ";;"N";"N";
"DBELE";"ODV24DBEBS00075";1000;35;"federicomodonesi";" ";;"N";"N";
"DBELE";"ODV24DBEBS00076";1000;20;"simonebontempi";" ";;"N";"N";
"DBELE";"ODV24DBEBS00076";2000;20;"simonebontempi";" ";;"N";"N";
"DBELE";"ODV24DBEBS00077";1000;20;"lucabressana";" ";"DVB-T / PAL D/K ch. 23
(C.F. 490 MHz – Picture Carrier 487.25 MHz – Sound Carrier 492.75 MHz)";"S";"N";
"DBELE";"ODV24DBEBS00077";2000;27;"EnricoCiscato";" ";;"N";"N";
"DBELE";"ODV24DBEBS00077";3000;27;"EnricoCiscato";" ";;"N";"N";
"DBELE";"ODV24DBEBS00077";4000;27;"federicomodonesi";" ";;"N";"N";
"DBELE";"ODV24DBEBS00077";5000;27;"federicomodonesi";" ";;"N";"N";
"DBELE";"ODV24DBEBS00077";6000;27;"EnricoCiscato";" ";;"N";"N";
"DBELE";"ODV24DBEBS00077";7000;27;"federicomodonesi";" ";;"N";"N";
"DBELE";"ODV24DBEPD00001";1000;27;"EnricoCiscato";" ";;"N";"N";
"DBELE";"ODV24DBEPD00001";2000;20;"DomenicoAggio";" ";;"N";"N";
"DBELE";"ODV24DBEPD00001";3000;27;"EnricoCiscato";" ";;"N";"N";
"DBELE";"ODV24DBEPD00001";4000;27;"EnricoCiscato";" ";;"N";"N";
"DBELE";"ODV24DBEPD00001";5000;20;"DomenicoAggio";" ";;"N";"N";
"DBELE";"ODV24DBEPD00002";1000;50;"StefanoVanuzzo";" ";;"N";"N";
"DBELE";"ODV24DBEPD00003";1000;50;"StefanoVanuzzo";" ";;"N";"N";
"DBELE";"ODV24DBEPD00003";2000;50;"StefanoVanuzzo";" ";;"N";"N";
"DBELE";"ODV24DBEPD00003";3000;27;"StefanoVanuzzo";" ";;"N";"N";
"DBELE";"ODV24DBEPD00004";1000;35;"FedericaFavero";" ";;"N";"N";
"DBELE";"ODV24DBEPD00004";2000;35;"FedericaFavero";" ";;"N";"N";
"DBELE";"ODV24DBEPD00006";1000;50;"StefanoVanuzzo";" ";;"N";"N";
"DBELE";"ODV24DBEPD00007";1000;45;"EnricoCiscato";" ";;"N";"N";
"DBELE";"ODV24DBEPD00007";2000;45;"EnricoCiscato";" ";;"N";"N";
"DBELE";"ODV24DBEPD00007";3000;45;"EnricoCiscato";" ";;"N";"N";
"DBELE";"ODV24DBEPD00007";4000;45;"EnricoCiscato";" ";;"N";"N";
"DBELE";"ODV24DBEPD00007";5000;45;"EnricoCiscato";" ";;"N";"N";
"DBELE";"ODV24DBEPD00008";1000;10;;" ";;"N";"N";
"DBELE";"ODV24DBEPD00008";2000;10;;" ";;"N";"N";
"DBELE";"ODV24DBEPD00009";1000;50;"StefanoVanuzzo";" ";;"N";"N";
"DBELE";"ODV24DBEPD00010";1000;50;"StefanoVanuzzo";" ";;"N";"N";
"DBELE";"ODV24DBEPD00010";2000;50;"StefanoVanuzzo";" ";;"N";"N";
"DBELE";"ODV24DBEPD00011";1000;50;"StefanoVanuzzo";" ";;"N";"N";
"DBELE";"ODV24DBEPD00012";1000;50;"StefanoVanuzzo";" ";"FREQ: 937.62 MHz";"S";"N";
"DBELE";"ODV24DBEPD00012";2000;50;"StefanoVanuzzo";" ";"FREQ: 937.62 MHz";"S";"N";
"DBELE";"ODV24DBEPD00013";2000;50;"StefanoVanuzzo";" ";;"N";"N";
"DBELE";"ODV24DBEPD00014";1000;27;"StefanoVanuzzo";" ";;"N";"N";
"DBELE";"ODV24DBEPD00014";2000;27;"StefanoVanuzzo";" ";;"N";"N";
"DBELE";"ODV24DBEPD00014";3000;27;"StefanoVanuzzo";" ";;"N";"N";
"DBELE";"ODV24DBEPD00015";1000;27;"StefanoVanuzzo";" ";;"N";"N";
"DBELE";"ODV24DBEPD00015";2000;27;"StefanoVanuzzo";" ";;"N";"N";
"DBELE";"ODV24DBEPD00015";3000;27;"StefanoVanuzzo";" ";;"N";"N";
"DBELE";"ODV24DBEPD00015";4000;27;"StefanoVanuzzo";" ";;"N";"N";
"DBELE";"ODV24DBEPD00015";5000;27;"StefanoVanuzzo";" ";;"N";"N";
"DBELE";"ODV24DBEPD00015";6000;27;"StefanoVanuzzo";" ";;"N";"N";
"DBELE";"ODV24DBEPD00016";1000;35;"EnricoCiscato";" ";;"N";"N";
"DBELE";"ODV24DBEPD00017";1000;50;"StefanoVanuzzo";" ";;"N";"N";
"DBELE";"ODV24DBEPD00020";2000;50;"StefanoVanuzzo";" ";;"N";"N";
"DBELE";"ODV24DBEPD00020";3000;50;"StefanoVanuzzo";" ";;"N";"N";
"DBELE";"ODV24DBEPD00020";4000;27;"StefanoVanuzzo";" ";;"N";"N";
"DBELE";"ODV24DBEPD00022";1000;50;"StefanoVanuzzo";" ";;"N";"N";
"DBELE";"ODV24DBEPD00022";2000;27;"StefanoVanuzzo";" ";;"N";"N";
"DBELE";"ODV24DBEPD00022";3000;27;"StefanoVanuzzo";" ";;"N";"N";
"DBELE";"ODV24DBEPD00023";1000;27;"EnricoCiscato";" ";;"N";"N";
"DBELE";"ODV24DBEPD00025";1000;50;"StefanoVanuzzo";" ";;"N";"N";
"DBELE";"ODV24DBEPD00026";2000;27;"StefanoVanuzzo";" ";;"N";"N";
"DBELE";"ODV24DBEPD00026";3000;50;"StefanoVanuzzo";" ";;"N";"N";
"DBELE";"ODV24DBEPD00027";2000;50;"StefanoVanuzzo";" ";;"N";"N";
"DBELE";"ODV24DBEPD00028";1000;10;;" ";;"N";"N";
"DBELE";"ODV24DBEPD00028";2000;50;"StefanoVanuzzo";" ";;"N";"N";
"DBELE";"ODV24DBEPD00029";1000;35;"FedericaFavero";" ";;"N";"N";
"DBELE";"ODV24DBEPD00030";1000;45;"EnricoCiscato";" ";;"N";"N";
"DBELE";"ODV24DBEPD00030";2000;45;"EnricoCiscato";" ";;"N";"N";
"DBELE";"ODV24DBEPD00030";3000;45;"EnricoCiscato";" ";;"N";"N";
"DBELE";"ODV24DBEPD00030";4000;45;"EnricoCiscato";" ";;"N";"N";
"DBELE";"ODV24DBEPD00031";1000;10;;" ";;"N";"N";
"DBELE";"ODV24DBEPD00031";2000;10;;" ";;"N";"N";
"DBELE";"ODV24DBEPD00032";1000;10;;" ";;"N";"N";
"DBELE";"ODV24DBEPD00033";1000;20;"simonebontempi";" ";;"N";"N";
"DBELE";"ODV24DBEPD00033";2000;20;"simonebontempi";" ";;"N";"N";
"DBELE";"ODV24DBEPD00033";3000;50;"StefanoVanuzzo";" ";;"N";"N";
"DBELE";"ODV24DBEPD00033";4000;50;"StefanoVanuzzo";" ";;"N";"N";
"DBELE";"ODV24DBEPD00033";5000;27;"EnricoCiscato";" ";;"N";"N";
"DBELE";"ODV24DBEPD00033";6000;50;"StefanoVanuzzo";" ";;"N";"N";
"DBELE";"ODV24DBEPD00033";7000;27;"EnricoCiscato";" ";;"N";"N";
"DBELE";"ODV24DBEPD00033";7500;27;"EnricoCiscato";" ";;"N";"N";
"DBELE";"ODV24DBEPD00033";9000;27;"EnricoCiscato";" ";;"N";"N";
"DBELE";"ODV24DBEPD00033";10000;27;"EnricoCiscato";" ";;"N";"N";
"DBELE";"ODV24DBEPD00034";1000;50;"StefanoVanuzzo";" ";;"N";"N";
"DBELE";"ODV24DBEPD00034";2000;50;"StefanoVanuzzo";" ";;"N";"N";
"DBELE";"ODV24DBEPD00035";1000;10;;" ";;"N";"N";
"DBELE";"ODV24DBEPD00036";1000;10;;" ";;"N";"N";
"DBELE";"ODV24DBEPD00036";2000;10;;" ";;"N";"N";
"DBELE";"ODV24DBEPD00036";3000;10;;" ";;"N";"N";
"DBELE";"ODV24DBEPD00036";4000;10;;" ";;"N";"N";
"DBELE";"ODV24DBEPD00036";5000;10;;" ";;"N";"N";
"DBELE";"ODV24DBEPD00036";6000;10;;" ";;"N";"N";
"DBELE";"ODV24DBEPD00036";7000;10;;" ";;"N";"N";
"DBELE";"ODV24DBEPD00036";8000;10;;" ";;"N";"N";
"DBELE";"ODV24DBEPD00037";1000;10;;" ";;"N";"N";
"DBELE";"ODV24DBEPD00037";2000;10;;" ";;"N";"N";
"DBELE";"ODV24DBEPD00038";1000;50;"StefanoVanuzzo";" ";;"N";"N";
"DBELE";"ODV24DBEPD00039";1000;50;"StefanoVanuzzo";" ";;"N";"N";
"DBELE";"ODV24DBEPD00040";1000;45;"EnricoCiscato";" ";;"N";"N";
"DBELE";"ODV24DBEPD00041";1000;50;"StefanoVanuzzo";" ";;"N";"N";
"DBELE";"ODV24DBEPD00041";2000;50;"StefanoVanuzzo";" ";;"N";"N";
"DBELE";"ODV24DBEPD00041";3000;50;"StefanoVanuzzo";" ";;"N";"N";
"DBELE";"ODV24DBEPD00041";4000;50;"StefanoVanuzzo";" ";;"N";"N";
"DBELE";"ODV24DBEPD00041";5000;27;"EnricoCiscato";" ";;"N";"N";
"DBELE";"ODV24DBEPD00041";6000;50;"StefanoVanuzzo";" ";;"N";"N";
"DBELE";"ODV24DBEPD00041";7000;10;;" ";;"N";"N";
"DBELE";"ODV24DBEPD00041";8000;50;"StefanoVanuzzo";" ";;"N";"N";
"DBELE";"ODV24DBEPD00043";1000;45;"DomenicoAggio";" ";;"N";"N";
"DBELE";"ODV24DBEPD00043";2000;45;"EnricoCiscato";" ";;"N";"N";
"DBELE";"ODV24DBEPD00043";3000;45;"EnricoCiscato";" ";;"N";"N";
"DBELE";"ODV24DBEPD00044";1000;50;"StefanoVanuzzo";" ";;"N";"N";
"DBELE";"ODV24DBEPD00045";1000;50;"StefanoVanuzzo";" ";;"N";"N";
"DBELE";"ODV24DBEPD00046";1000;50;"StefanoVanuzzo";" ";;"N";"N";
"DBELE";"ODV24DBEPD00047";1000;27;"EnricoCiscato";" ";;"N";"N";
"DBELE";"ODV24DBEPD00047";2000;27;"EnricoCiscato";" ";;"N";"N";
"DBELE";"ODV24DBEPD00047";3000;27;"EnricoCiscato";" ";;"N";"N";
"DBELE";"ODV24DBEPD00048";1000;50;"StefanoVanuzzo";" ";;"N";"N";
"DBELE";"ODV24DBEPD00049";2000;50;"StefanoVanuzzo";" ";;"N";"N";
"DBELE";"ODV24DBEPD00049";3000;27;"StefanoVanuzzo";" ";;"N";"N";
"DBELE";"ODV24DBEPD00049";4000;27;"StefanoVanuzzo";" ";;"N";"N";
"DBELE";"ODV24DBEPD00049";5000;27;"StefanoVanuzzo";" ";;"N";"N";
"DBELE";"ODV24DBEPD00049";6000;27;"StefanoVanuzzo";" ";;"N";"N";
"DBELE";"ODV24DBEPD00049";7000;50;"StefanoVanuzzo";" ";;"N";"N";
"DBELE";"ODV24DBEPD00052";1000;50;"StefanoVanuzzo";" ";;"N";"N";
"DBELE";"ODV24DBEPD00056";1000;50;"StefanoVanuzzo";" ";;"N";"N";
"DBELE";"ODV24DBEPD00057";1000;27;"StefanoVanuzzo";" ";;"N";"N";
"DBELE";"ODV24DBEPD00058";1000;35;"FedericaFavero";" ";;"N";"N";
"DBELE";"ODV24DBEPD00058";2000;35;"FedericaFavero";" ";;"N";"N";
"DBELE";"ODV24DBEPD00058";3000;35;"FedericaFavero";" ";;"N";"N";
"DBELE";"ODV24DBEPD00059";1000;27;"StefanoVanuzzo";" ";;"N";"N";
"DBELE";"ODV24DBEPD00059";2000;50;"StefanoVanuzzo";" ";;"N";"N";
"DBELE";"ODV24DBEPD00059";3000;50;"StefanoVanuzzo";" ";;"N";"N";
"DBELE";"ODV24DBEPD00059";4000;27;"StefanoVanuzzo";" ";;"N";"N";
"DBELE";"ODV24DBEPD00060";1000;35;"FedericaFavero";" ";;"N";"N";
"DBELE";"ODV24DBEPD00060";2000;35;"FedericaFavero";" ";;"N";"N";
"DBELE";"ODV24DBEPD00060";3000;35;"FedericaFavero";" ";;"N";"N";
"DBELE";"ODV24DBEPD00060";4000;35;"FedericaFavero";" ";;"N";"N";
"DBELE";"ODV24DBEPD00060";5000;35;"FedericaFavero";" ";;"N";"N";
"DBELE";"ODV24DBEPD00060";6000;35;"FedericaFavero";" ";;"N";"N";
"DBELE";"ODV24DBEPD00061";1000;35;"FedericaFavero";" ";;"N";"N";
"DBELE";"ODV24DBEPD00063";1000;50;"StefanoVanuzzo";" ";;"N";"N";
"DBELE";"ODV24DBEPD00063";2000;50;"StefanoVanuzzo";" ";;"N";"N";
"DBELE";"ODV24DBEPD00063";3000;45;"EnricoCiscato";" ";;"N";"N";
"DBELE";"ODV24DBEPD00064";1000;27;"StefanoVanuzzo";" ";;"N";"N";
"DBELE";"ODV24DBEPD00065";1000;10;;" ";;"N";"N";
"DBELE";"ODV24DBEPD00065";2000;10;;" ";;"N";"N";
"DBELE";"ODV24DBEPD00065";3000;10;;" ";;"N";"N";
"DBELE";"ODV24DBEPD00065";4000;10;;" ";;"N";"N";
"DBELE";"ODV24DBEPD00066";1000;50;"StefanoVanuzzo";" ";;"N";"N";
"DBELE";"ODV24DBEPD00066";2000;27;"StefanoVanuzzo";" ";;"N";"N";
"DBELE";"ODV24DBEPD00066";3000;50;"StefanoVanuzzo";" ";;"N";"N";
"DBELE";"ODV24DBEPD00066";4000;27;"StefanoVanuzzo";" ";;"N";"N";
"DBELE";"ODV24DBEPD00067";1000;50;"StefanoVanuzzo";" ";;"N";"N";
"DBELE";"ODV24DBEPD00067";2000;27;"StefanoVanuzzo";" ";;"N";"N";
"DBELE";"ODV24DBEPD00067";3000;27;"StefanoVanuzzo";" ";;"N";"N";
"DBELE";"ODV24DBEPD00067";4000;20;"LorenzoTasca";" ";;"N";"N";
"DBELE";"ODV24DBEPD00068";11500;35;"EnricoCiscato";" ";;"N";"N";
"DBELE";"ODV24DBEPD00070";1000;50;"StefanoVanuzzo";" ";;"N";"N";
"DBELE";"ODV24DBEPD00071";1000;45;"EnricoCiscato";" ";;"N";"N";
"DBELE";"ODV24DBEPD00071";2000;45;"EnricoCiscato";" ";;"N";"N";
"DBELE";"ODV24DBEPD00071";3000;27;"StefanoVanuzzo";" ";;"N";"N";
"DBELE";"ODV24DBEPD00072";1000;27;"StefanoVanuzzo";" ";;"N";"N";
"DBELE";"ODV24DBEPD00072";2000;27;"StefanoVanuzzo";" ";;"N";"N";
"DBELE";"ODV24DBEPD00072";3000;27;"StefanoVanuzzo";" ";;"N";"N";
"DBELE";"ODV24DBEPD00072";4000;27;"StefanoVanuzzo";" ";;"N";"N";
"DBELE";"ODV24DBEPD00073";2000;50;"StefanoVanuzzo";" ";;"N";"N";
"DBELE";"ODV24DBEPD00074";1000;50;"StefanoVanuzzo";" ";;"N";"N";
"DBELE";"ODV24DBEPD00074";2000;27;"StefanoVanuzzo";" ";;"N";"N";
"DBELE";"ODV24DBEPD00074";3000;27;"StefanoVanuzzo";" ";;"N";"N";
"DBELE";"ODV24DBEPD00074";4000;27;"StefanoVanuzzo";" ";;"N";"N";
"DBELE";"ODV24DBEPD00074";5000;27;"StefanoVanuzzo";" ";;"N";"N";
"DBELE";"ODV24DBEPD00074";6000;27;"StefanoVanuzzo";" ";;"N";"N";
"DBELE";"ODV24DBEPD00075";1000;50;"StefanoVanuzzo";" ";;"N";"N";
"DBELE";"ODV24DBEPD00075";2000;50;"StefanoVanuzzo";" ";;"N";"N";
"DBELE";"ODV24DBEPD00076";1000;20;"LorenzoTasca";" ";;"N";"N";
"DBELE";"ODV24DBEPD00077";1000;10;;" ";;"N";"N";
"DBELE";"ODV24DBEPD00077";2000;27;"StefanoVanuzzo";" ";;"N";"N";
"DBELE";"ODV24DBEPD00077";3000;50;"StefanoVanuzzo";" ";;"N";"N";
"DBELE";"ODV24DBEPD00078";1000;50;"StefanoVanuzzo";" ";;"N";"N";
"DBELE";"ODV24DBEPD00078";2000;50;"StefanoVanuzzo";" ";;"N";"N";
"DBELE";"ODV24DBEPD00078";3000;50;"StefanoVanuzzo";" ";;"N";"N";
"DBELE";"ODV24DBEPD00079";1000;50;"StefanoVanuzzo";" ";;"N";"N";
"DBELE";"ODV24DBEPD00080";1000;27;"EnricoCiscato";" ";;"N";"N";
"DBELE";"ODV24DBEPD00081";1000;27;"StefanoVanuzzo";" ";;"N";"N";
"DBELE";"ODV24DBEPD00082";1000;50;"StefanoVanuzzo";" ";;"N";"N";
"DBELE";"ODV24DBEPD00082";2000;50;"StefanoVanuzzo";" ";;"N";"N";
"DBELE";"ODV24DBEPD00082";3000;27;"StefanoVanuzzo";" ";;"N";"N";
"DBELE";"ODV24DBEPD00083";1000;50;"StefanoVanuzzo";" ";;"N";"N";
"DBELE";"ODV24DBEPD00083";2000;27;"StefanoVanuzzo";" ";;"N";"N";
"DBELE";"ODV24DBEPD00084";1000;27;"StefanoVanuzzo";" ";;"N";"N";
"DBELE";"ODV24DBEPD00085";1000;30;"FedericaFavero";" ";;"N";"N";
"DBELE";"ODV24DBEPD00086";1000;50;"StefanoVanuzzo";" ";;"N";"N";
"DBELE";"ODV24DBEPD00086";2000;27;"StefanoVanuzzo";" ";;"N";"N";
"DBELE";"ODV24DBEPD00086";3000;27;"StefanoVanuzzo";" ";;"N";"N";
"DBELE";"ODV24DBEPD00086";4000;27;"StefanoVanuzzo";" ";;"N";"N";
"DBELE";"ODV24DBEPD00086";5000;27;"StefanoVanuzzo";" ";;"N";"N";
"DBELE";"ODV24DBEPD00086";6000;27;"StefanoVanuzzo";" ";;"N";"N";
"DBELE";"ODV24DBEPD00086";7000;27;"StefanoVanuzzo";" ";;"N";"N";
"DBELE";"ODV24DBEPD00086";8000;27;"StefanoVanuzzo";" ";;"N";"N";
"DBELE";"ODV24DBEPD00086";9000;50;"StefanoVanuzzo";" ";;"N";"N";
"DBELE";"ODV24DBEPD00087";1000;50;"StefanoVanuzzo";" ";;"N";"N";
"DBELE";"ODV24DBEPD00087";2000;45;"EnricoCiscato";" ";;"N";"N";
"DBELE";"ODV24DBEPD00087";3000;45;"EnricoCiscato";" ";;"N";"N";
"DBELE";"ODV24DBEPD00087";4000;27;"StefanoVanuzzo";" ";;"N";"N";
"DBELE";"ODV24DBEPD00088";1000;20;"LorenzoTasca";" ";;"N";"N";
"DBELE";"ODV24DBEPD00088";2000;27;"StefanoVanuzzo";" ";;"N";"N";
"DBELE";"ODV24DBEPD00088";3000;27;"StefanoVanuzzo";" ";;"N";"N";
"DBELE";"ODV24DBEPD00089";1000;20;"LorenzoTasca";" ";;"N";"N";
"DBELE";"ODV24DBEPD00090";1000;50;"StefanoVanuzzo";" ";;"N";"N";
"DBELE";"ODV24DBEPD00092";1000;50;"StefanoVanuzzo";" ";;"N";"N";
"DBELE";"ODV24DBEPD00092";2000;27;"EnricoCiscato";" ";;"N";"N";
"DBELE";"ODV24DBEPD00092";3000;27;"EnricoCiscato";" ";;"N";"N";
"DBELE";"ODV24DBEPD00092";4000;27;"EnricoCiscato";" ";;"N";"N";
"DBELE";"ODV24DBEPD00092";5000;27;"EnricoCiscato";" ";;"N";"N";
"DBELE";"ODV24DBEPD00092";6000;27;"EnricoCiscato";" ";;"N";"N";
"DBELE";"ODV24DBEPD00092";7000;45;"EnricoCiscato";" ";;"N";"N";
"DBELE";"ODV24DBEPD00093";1000;50;"StefanoVanuzzo";" ";;"N";"N";
"DBELE";"ODV24DBEPD00094";1000;50;"StefanoVanuzzo";" ";;"N";"N";
"DBELE";"ODV24DBEPD00094";2000;50;"StefanoVanuzzo";" ";;"N";"N";
"DBELE";"ODV24DBEPD00095";1000;27;"StefanoVanuzzo";" ";;"N";"N";
"DBELE";"ODV24DBEPD00096";3000;50;"StefanoVanuzzo";" ";"Freq. 308 MHz";"S";"N";
"DBELE";"ODV24DBEPD00096";4000;50;"StefanoVanuzzo";" ";"Freq. 308 MHz";"S";"N";
"DBELE";"ODV24DBEPD00097";1000;27;"StefanoVanuzzo";" ";;"N";"N";
"DBELE";"ODV24DBEPD00097";2000;27;"StefanoVanuzzo";" ";;"N";"N";
"DBELE";"ODV24DBEPD00098";1000;50;"StefanoVanuzzo";" ";;"N";"N";
"DBELE";"ODV24DBEPD00099";1000;35;"FedericaFavero";" ";;"N";"N";
"DBELE";"ODV24DBEPD00099";2000;35;"FedericaFavero";" ";;"N";"N";
"DBELE";"ODV24DBEPD00099";3000;35;"FedericaFavero";" ";;"N";"N";
"DBELE";"ODV24DBEPD00099";4000;35;"FedericaFavero";" ";;"N";"N";
"DBELE";"ODV24DBEPD00099";5000;35;"FedericaFavero";" ";;"N";"N";
"DBELE";"ODV24DBEPD00099";6000;35;"FedericaFavero";" ";;"N";"N";
"DBELE";"ODV24DBEPD00099";7000;35;"FedericaFavero";" ";;"N";"N";
"DBELE";"ODV24DBEPD00099";8000;35;"FedericaFavero";" ";;"N";"N";
"DBELE";"ODV24DBEPD00099";9000;35;"FedericaFavero";" ";;"N";"N";
"DBELE";"ODV24DBEPD00099";10000;35;"FedericaFavero";" ";;"N";"N";
"DBELE";"ODV24DBEPD00099";11000;35;"FedericaFavero";" ";;"N";"N";
"DBELE";"ODV24DBEPD00099";12000;35;"FedericaFavero";" ";;"N";"N";
"DBELE";"ODV24DBEPD00099";13000;35;"FedericaFavero";" ";;"N";"N";
"DBELE";"ODV24DBEPD00099";14000;35;"FedericaFavero";" ";;"N";"N";
"DBELE";"ODV24DBEPD00100";1000;30;"FedericaFavero";" ";;"N";"N";
"DBELE";"ODV24DBEPD00100";2000;30;"FedericaFavero";" ";;"N";"N";
"DBELE";"ODV24DBEPD00100";2500;30;"FedericaFavero";" ";;"N";"N";
"DBELE";"ODV24DBEPD00100";3000;30;"FedericaFavero";" ";;"N";"N";
"DBELE";"ODV24DBEPD00100";4000;30;"FedericaFavero";" ";;"N";"N";
"DBELE";"ODV24DBEPD00100";5000;30;"FedericaFavero";" ";;"N";"N";
"DBELE";"ODV24DBEPD00100";6000;30;"FedericaFavero";" ";;"N";"N";
"DBELE";"ODV24DBEPD00100";7000;30;"FedericaFavero";" ";;"N";"N";
"DBELE";"ODV24DBEPD00100";8000;30;"FedericaFavero";" ";;"N";"N";
"DBELE";"ODV24DBEPD00100";9000;30;"FedericaFavero";" ";;"N";"N";
"DBELE";"ODV24DBEPD00100";15000;30;"FedericaFavero";" ";;"N";"N";
"DBELE";"ODV24DBEPD00100";16000;30;"FedericaFavero";" ";;"N";"N";
"DBELE";"ODV24DBEPD00101";1000;50;"StefanoVanuzzo";" ";;"N";"N";
"DBELE";"ODV24DBEPD00101";2000;27;"StefanoVanuzzo";" ";;"N";"N";
"DBELE";"ODV24DBEPD00101";3000;27;"StefanoVanuzzo";" ";;"N";"N";
"DBELE";"ODV24DBEPD00101";4000;27;"StefanoVanuzzo";" ";;"N";"N";
"DBELE";"ODV24DBEPD00101";5000;27;"StefanoVanuzzo";" ";;"N";"N";
"DBELE";"ODV24DBEPD00101";6000;27;"StefanoVanuzzo";" ";;"N";"N";
"DBELE";"ODV24DBEPD00101";7000;27;"StefanoVanuzzo";" ";;"N";"N";
"DBELE";"ODV24DBEPD00102";1000;50;"StefanoVanuzzo";" ";;"N";"N";
"DBELE";"ODV24DBEPD00103";1000;45;"EnricoCiscato";" ";;"N";"N";
"DBELE";"ODV24DBEPD00103";2000;45;"EnricoCiscato";" ";;"N";"N";
"DBELE";"ODV24DBEPD00103";6000;45;"EnricoCiscato";" ";;"N";"N";
"DBELE";"ODV24DBEPD00103";7000;45;"EnricoCiscato";" ";;"N";"N";
"DBELE";"ODV24DBEPD00103";8000;45;"EnricoCiscato";" ";;"N";"N";
"DBELE";"ODV24DBEPD00104";1000;50;"StefanoVanuzzo";" ";;"N";"N";
"DBELE";"ODV24DBEPD00104";2000;50;"StefanoVanuzzo";" ";;"N";"N";
"DBELE";"ODV24DBEPD00104";3000;50;"StefanoVanuzzo";" ";;"N";"N";
"DBELE";"ODV24DBEPD00105";1000;27;"StefanoVanuzzo";" ";;"N";"N";
"DBELE";"ODV24DBEPD00106";1000;50;"StefanoVanuzzo";" ";;"N";"N";
"DBELE";"ODV24DBEPD00107";1000;45;"EnricoCiscato";" ";;"N";"N";
"DBELE";"ODV24DBEPD00108";1000;27;"StefanoVanuzzo";" ";;"N";"N";
"DBELE";"ODV24DBEPD00108";2000;27;"StefanoVanuzzo";" ";;"N";"N";
"DBELE";"ODV24DBEPD00109";1000;35;"FedericaFavero";" ";;"N";"N";
"DBELE";"ODV24DBEPD00109";2000;35;"FedericaFavero";" ";;"N";"N";
"DBELE";"ODV24DBEPD00110";1000;50;"StefanoVanuzzo";" ";;"N";"N";
"DBELE";"ODV24DBEPD00110";2000;50;"StefanoVanuzzo";" ";;"N";"N";
"DBELE";"ODV24DBEPD00111";1000;50;"StefanoVanuzzo";" ";;"N";"N";
"DBELE";"ODV24DBEPD00111";2000;50;"StefanoVanuzzo";" ";;"N";"N";
"DBELE";"ODV24DBEPD00112";1000;27;"StefanoVanuzzo";" ";;"N";"N";
"DBELE";"ODV24DBEPD00112";2000;27;"StefanoVanuzzo";" ";;"N";"N";
"DBELE";"ODV24DBEPD00112";3000;27;"StefanoVanuzzo";" ";;"N";"N";
"DBELE";"ODV24DBEPD00112";4000;45;"EnricoCiscato";" ";;"N";"N";
"DBELE";"ODV24DBEPD00112";5000;27;"StefanoVanuzzo";" ";;"N";"N";
"DBELE";"ODV24DBEPD00112";6000;27;"StefanoVanuzzo";" ";;"N";"N";
"DBELE";"ODV24DBEPD00112";7000;27;"StefanoVanuzzo";" ";;"N";"N";
"DBELE";"ODV24DBEPD00113";1000;50;"StefanoVanuzzo";" ";;"N";"N";
"DBELE";"ODV24DBEPD00113";2000;50;"StefanoVanuzzo";" ";;"N";"N";
"DBELE";"ODV24DBEPD00113";3000;50;"StefanoVanuzzo";" ";;"N";"N";
"DBELE";"ODV24DBEPD00114";1000;50;"StefanoVanuzzo";" ";;"N";"N";
"DBELE";"ODV24DBEPD00114";2000;27;"StefanoVanuzzo";" ";;"N";"N";
"DBELE";"ODV24DBEPD00114";3000;27;"StefanoVanuzzo";" ";;"N";"N";
"DBELE";"ODV24DBEPD00114";4000;50;"StefanoVanuzzo";" ";;"N";"N";
"DBELE";"ODV24DBEPD00114";5000;50;"StefanoVanuzzo";" ";;"N";"N";
"DBELE";"ODV24DBEPD00114";6000;50;"StefanoVanuzzo";" ";;"N";"N";
"DBELE";"ODV24DBEPD00115";1000;50;"StefanoVanuzzo";" ";;"N";"N";
"DBELE";"ODV24DBEPD00116";1000;50;"StefanoVanuzzo";" ";"Freq. 1750 MHz +/-10MHz";"S";"N";
"DBELE";"ODV24DBEPD00116";2000;50;"StefanoVanuzzo";" ";"Freq. 1750 MHz +/-10MHz";"S";"N";
"DBELE";"ODV24DBEPD00119";1000;20;"LorenzoTasca";" ";;"N";"N";
"DBELE";"ODV24DBEPD00120";1000;50;"StefanoVanuzzo";" ";;"N";"N";
"DBELE";"ODV24DBEPD00121";1000;50;"StefanoVanuzzo";" ";;"N";"N";
"DBELE";"ODV24DBEPD00122";1000;50;"StefanoVanuzzo";" ";;"N";"N";
"DBELE";"ODV24DBEPD00123";1000;50;"StefanoVanuzzo";" ";;"N";"N";
"DBELE";"ODV24DBEPD00123";2000;45;"EnricoCiscato";" ";;"N";"N";
"DBELE";"ODV24DBEPD00124";1000;30;"LorenzoTasca";" ";;"N";"N";
"DBELE";"ODV24DBEPD00124";2000;30;"LorenzoTasca";" ";;"N";"N";
"DBELE";"ODV24DBEPD00124";3000;30;"LorenzoTasca";" ";;"N";"N";
"DBELE";"ODV24DBEPD00124";4000;30;"LorenzoTasca";" ";;"N";"N";
"DBELE";"ODV24DBEPD00124";5000;30;"LorenzoTasca";" ";;"N";"N";
"DBELE";"ODV24DBEPD00125";1000;50;"StefanoVanuzzo";" ";;"N";"N";
"DBELE";"ODV24DBEPD00125";2000;50;"StefanoVanuzzo";" ";;"N";"N";
"DBELE";"ODV24DBEPD00126";1000;50;"StefanoVanuzzo";" ";;"N";"N";
"DBELE";"ODV24DBEPD00126";2000;27;"EnricoCiscato";" ";;"N";"N";
"DBELE";"ODV24DBEPD00126";3000;27;"EnricoCiscato";" ";;"N";"N";
"DBELE";"ODV24DBEPD00126";4000;27;"StefanoVanuzzo";" ";;"N";"N";
"DBELE";"ODV24DBEPD00128";1000;50;"StefanoVanuzzo";" ";;"N";"N";
"DBELE";"ODV24DBEPD00129";1000;50;"StefanoVanuzzo";" ";;"N";"N";
"DBELE";"ODV24DBEPD00130";1000;50;"StefanoVanuzzo";" ";;"N";"N";
"DBELE";"ODV24DBEPD00131";1000;50;"StefanoVanuzzo";" ";;"N";"N";
"DBELE";"ODV24DBEPD00131";2000;27;"StefanoVanuzzo";" ";;"N";"N";
"DBELE";"ODV24DBEPD00131";3000;27;"StefanoVanuzzo";" ";;"N";"N";
"DBELE";"ODV24DBEPD00132";1000;50;"StefanoVanuzzo";" ";;"N";"N";
"DBELE";"ODV24DBEPD00133";1000;50;"StefanoVanuzzo";" ";;"N";"N";
"DBELE";"ODV24DBEPD00133";2000;50;"StefanoVanuzzo";" ";;"N";"N";
"DBELE";"ODV24DBEPD00135";1000;50;"StefanoVanuzzo";" ";;"N";"N";
"DBELE";"ODV24DBEPD00135";2000;10;;" ";;"N";"N";
"DBELE";"ODV24DBEPD00137";1000;50;"StefanoVanuzzo";" ";;"N";"N";
"DBELE";"ODV24DBEPD00137";2000;27;"StefanoVanuzzo";" ";;"N";"N";
"DBELE";"ODV24DBEPD00137";3000;50;"StefanoVanuzzo";" ";;"N";"N";
"DBELE";"ODV24DBEPD00138";1000;27;"StefanoVanuzzo";" ";;"N";"N";
"DBELE";"ODV24DBEPD00138";3000;27;"StefanoVanuzzo";" ";;"N";"N";
"DBELE";"ODV24DBEPD00139";1000;27;"StefanoVanuzzo";" ";;"N";"N";
"DBELE";"ODV24DBEPD00139";2000;27;"StefanoVanuzzo";" ";;"N";"N";
"DBELE";"ODV24DBEPD00140";1000;27;"StefanoVanuzzo";" ";;"N";"N";
"DBELE";"ODV24DBEPD00140";2000;50;"StefanoVanuzzo";" ";;"N";"N";
"DBELE";"ODV24DBEPD00140";3000;27;"StefanoVanuzzo";" ";;"N";"N";
"DBELE";"ODV24DBEPD00141";1000;50;"StefanoVanuzzo";" ";;"N";"N";
"DBELE";"ODV24DBEPD00142";1000;27;"StefanoVanuzzo";" ";;"N";"N";
"DBELE";"ODV24DBEPD00143";1000;35;"FedericaFavero";" ";;"N";"N";
"DBELE";"ODV24DBEPD00144";1000;35;"FedericaFavero";" ";;"N";"N";
"DBELE";"ODV24DBEPD00145";500;50;"StefanoVanuzzo";" ";;"N";"N";
"DBELE";"ODV24DBEPD00145";2000;50;"StefanoVanuzzo";" ";;"N";"N";
"DBELE";"ODV24DBEPD00145";3000;27;"StefanoVanuzzo";" ";;"N";"N";
"DBELE";"ODV24DBEPD00145";4000;50;"StefanoVanuzzo";" ";;"N";"N";
"DBELE";"ODV24DBEPD00145";5000;27;"StefanoVanuzzo";" ";;"N";"N";
"DBELE";"ODV24DBEPD00146";1000;50;"StefanoVanuzzo";" ";;"N";"N";
"DBELE";"ODV24DBEPD00149";1000;50;"StefanoVanuzzo";" ";;"N";"N";
"DBELE";"ODV24DBEPD00151";1000;27;"StefanoVanuzzo";" ";;"N";"N";
"DBELE";"ODV24DBEPD00152";1000;50;"StefanoVanuzzo";" ";;"N";"N";
"DBELE";"ODV24DBEPD00153";1000;50;"StefanoVanuzzo";" ";;"N";"N";
"DBELE";"ODV24DBEPD00153";2000;50;"StefanoVanuzzo";" ";;"N";"N";
"DBELE";"ODV24DBEPD00154";1000;30;"LorenzoTasca";" ";;"N";"N";
"DBELE";"ODV24DBEPD00154";2000;50;"StefanoVanuzzo";" ";;"N";"N";
"DBELE";"ODV24DBEPD00155";1000;50;"StefanoVanuzzo";" ";;"N";"N";
"DBELE";"ODV24DBEPD00155";2000;27;"StefanoVanuzzo";" ";;"N";"N";
"DBELE";"ODV24DBEPD00156";1000;50;"StefanoVanuzzo";" ";;"N";"N";
"DBELE";"ODV24DBEPD00156";2000;50;"StefanoVanuzzo";" ";;"N";"N";
"DBELE";"ODV24DBEPD00156";3000;50;"StefanoVanuzzo";" ";;"N";"N";
"DBELE";"ODV24DBEPD00156";4000;50;"StefanoVanuzzo";" ";;"N";"N";
"DBELE";"ODV24DBEPD00156";5000;50;"StefanoVanuzzo";" ";;"N";"N";
"DBELE";"ODV24DBEPD00157";1000;50;"StefanoVanuzzo";" ";;"N";"N";
"DBELE";"ODV24DBEPD00157";2000;50;"StefanoVanuzzo";" ";;"N";"N";
"DBELE";"ODV24DBEPD00157";3000;50;"StefanoVanuzzo";" ";;"N";"N";
"DBELE";"ODV24DBEPD00158";1000;20;"LorenzoTasca";" ";;"N";"N";
"DBELE";"ODV24DBEPD00159";1000;50;"StefanoVanuzzo";" ";;"N";"N";
"DBELE";"ODV24DBEPD00159";2000;45;"EnricoCiscato";" ";;"N";"N";
"DBELE";"ODV24DBEPD00159";3000;45;"EnricoCiscato";" ";;"N";"N";
"DBELE";"ODV24DBEPD00159";4000;27;"StefanoVanuzzo";" ";;"N";"N";
"DBELE";"ODV24DBEPD00159";5000;50;"StefanoVanuzzo";" ";;"N";"N";
"DBELE";"ODV24DBEPD00160";1000;50;"StefanoVanuzzo";" ";;"N";"N";
"DBELE";"ODV24DBEPD00160";2000;50;"StefanoVanuzzo";" ";;"N";"N";
"DBELE";"ODV24DBEPD00160";3000;50;"StefanoVanuzzo";" ";;"N";"N";
"DBELE";"ODV24DBEPD00160";4000;50;"StefanoVanuzzo";" ";;"N";"N";
"DBELE";"ODV24DBEPD00160";5000;50;"StefanoVanuzzo";" ";;"N";"N";
"DBELE";"ODV24DBEPD00161";1000;45;"EnricoCiscato";" ";;"N";"N";
"DBELE";"ODV24DBEPD00162";1000;50;"StefanoVanuzzo";" ";;"N";"N";
"DBELE";"ODV24DBEPD00163";1000;50;"StefanoVanuzzo";" ";;"N";"N";
"DBELE";"ODV24DBEPD00164";1000;50;"StefanoVanuzzo";" ";;"N";"N";
"DBELE";"ODV24DBEPD00165";1000;30;"LorenzoTasca";" ";;"N";"N";
"DBELE";"ODV24DBEPD00165";2000;50;"StefanoVanuzzo";" ";;"N";"N";
"DBELE";"ODV24DBEPD00165";3000;50;"StefanoVanuzzo";" ";;"N";"N";
"DBELE";"ODV24DBEPD00165";4000;50;"StefanoVanuzzo";" ";;"N";"N";
"DBELE";"ODV24DBEPD00165";5000;50;"StefanoVanuzzo";" ";;"N";"N";
"DBELE";"ODV24DBEPD00165";6000;50;"StefanoVanuzzo";" ";;"N";"N";
"DBELE";"ODV24DBEPD00166";1000;35;"FedericaFavero";" ";;"N";"N";
"DBELE";"ODV24DBEPD00167";1000;50;"StefanoVanuzzo";" ";;"N";"N";
"DBELE";"ODV24DBEPD00168";1000;50;"StefanoVanuzzo";" ";;"N";"N";
"DBELE";"ODV24DBEPD00168";2000;50;"StefanoVanuzzo";" ";;"N";"N";
"DBELE";"ODV24DBEPD00168";3000;27;"StefanoVanuzzo";" ";;"N";"N";
"DBELE";"ODV24DBEPD00168";4000;45;"EnricoCiscato";" ";;"N";"N";
"DBELE";"ODV24DBEPD00168";5000;45;"EnricoCiscato";" ";;"N";"N";
"DBELE";"ODV24DBEPD00168";6000;45;"EnricoCiscato";" ";;"N";"N";
"DBELE";"ODV24DBEPD00168";7000;45;"EnricoCiscato";" ";;"N";"N";
"DBELE";"ODV24DBEPD00168";8000;45;"EnricoCiscato";" ";;"N";"N";
"DBELE";"ODV24DBEPD00168";9000;45;"EnricoCiscato";" ";;"N";"N";
"DBELE";"ODV24DBEPD00169";1000;27;"StefanoVanuzzo";" ";;"N";"N";
"DBELE";"ODV24DBEPD00170";1000;27;"StefanoVanuzzo";" ";;"N";"N";
"DBELE";"ODV24DBEPD00170";2000;27;"StefanoVanuzzo";" ";;"N";"N";
"DBELE";"ODV24DBEPD00170";3000;27;"StefanoVanuzzo";" ";;"N";"N";
"DBELE";"ODV24DBEPD00171";1000;50;"StefanoVanuzzo";" ";;"N";"N";
"DBELE";"ODV24DBEPD00172";1000;50;"StefanoVanuzzo";" ";;"N";"N";
"DBELE";"ODV24DBEPD00173";1000;20;"LorenzoTasca";" ";;"N";"N";
"DBELE";"ODV24DBEPD00173";2000;20;"LorenzoTasca";" ";;"N";"N";
"DBELE";"ODV24DBEPD00173";3000;20;"LorenzoTasca";" ";;"N";"N";
"DBELE";"ODV24DBEPD00173";4000;20;"LorenzoTasca";" ";;"N";"N";
"DBELE";"ODV24DBEPD00173";5000;20;"LorenzoTasca";" ";;"N";"N";
"DBELE";"ODV24DBEPD00173";6000;20;"LorenzoTasca";" ";;"N";"N";
"DBELE";"ODV24DBEPD00173";7000;20;"LorenzoTasca";" ";;"N";"N";
"DBELE";"ODV24DBEPD00173";8000;20;"LorenzoTasca";" ";;"N";"N";
"DBELE";"ODV24DBEPD00173";9000;20;"LorenzoTasca";" ";;"N";"N";
"DBELE";"ODV24DBEPD00173";10000;20;"LorenzoTasca";" ";;"N";"N";
"DBELE";"ODV24DBEPD00173";11000;20;"LorenzoTasca";" ";;"N";"N";
"DBELE";"ODV24DBEPD00173";12000;20;"LorenzoTasca";" ";;"N";"N";
"DBELE";"ODV24DBEPD00173";13000;20;"LorenzoTasca";" ";;"N";"N";
"DBELE";"ODV24DBEPD00173";14000;20;"LorenzoTasca";" ";;"N";"N";
"DBELE";"ODV24DBEPD00173";15000;20;"LorenzoTasca";" ";;"N";"N";
"DBELE";"ODV24DBEPD00173";16000;20;"LorenzoTasca";" ";;"N";"N";
"DBELE";"ODV24DBEPD00173";17000;20;"LorenzoTasca";" ";;"N";"N";
"DBELE";"ODV24DBEPD00173";18000;20;"LorenzoTasca";" ";;"N";"N";
"DBELE";"ODV24DBEPD00173";19000;20;"LorenzoTasca";" ";;"N";"N";
"DBELE";"ODV24DBEPD00173";20000;20;"LorenzoTasca";" ";;"N";"N";
"DBELE";"ODV24DBEPD00175";1000;50;"StefanoVanuzzo";" ";;"N";"N";
"DBELE";"ODV24DBEPD00175";2000;27;"StefanoVanuzzo";" ";;"N";"N";
"DBELE";"ODV24DBEPD00175";3000;27;"StefanoVanuzzo";" ";;"N";"N";
"DBELE";"ODV24DBEPD00175";4000;27;"StefanoVanuzzo";" ";;"N";"N";
"DBELE";"ODV24DBEPD00175";4500;27;"StefanoVanuzzo";" ";;"N";"N";
"DBELE";"ODV24DBEPD00175";5000;27;"StefanoVanuzzo";" ";;"N";"N";
"DBELE";"ODV24DBEPD00175";6000;27;"StefanoVanuzzo";" ";;"N";"N";
"DBELE";"ODV24DBEPD00175";7000;27;"StefanoVanuzzo";" ";;"N";"N";
"DBELE";"ODV24DBEPD00175";8000;27;"StefanoVanuzzo";" ";;"N";"N";
"DBELE";"ODV24DBEPD00175";9000;27;"StefanoVanuzzo";" ";;"N";"N";
"DBELE";"ODV24DBEPD00176";1000;50;"StefanoVanuzzo";" ";;"N";"N";
"DBELE";"ODV24DBEPD00177";1000;27;"StefanoVanuzzo";" ";;"N";"N";
"DBELE";"ODV24DBEPD00177";2000;27;"StefanoVanuzzo";" ";;"N";"N";
"DBELE";"ODV24DBEPD00178";1000;45;"federicomodonesi";" ";;"N";"N";
"DBELE";"ODV24DBEPD00178";2000;45;"federicomodonesi";" ";;"N";"N";
"DBELE";"ODV24DBEPD00178";2500;10;;" ";;"N";"N";
"DBELE";"ODV24DBEPD00178";3000;20;"LorenzoTasca";" ";;"N";"N";
"DBELE";"ODV24DBEPD00179";1000;50;"StefanoVanuzzo";" ";;"N";"N";
"DBELE";"ODV24DBEPD00180";1000;50;"StefanoVanuzzo";" ";;"N";"N";
"DBELE";"ODV24DBEPD00181";1000;50;"StefanoVanuzzo";" ";;"N";"N";
"DBELE";"ODV24DBEPD00181";2000;27;"StefanoVanuzzo";" ";;"N";"N";
"DBELE";"ODV24DBEPD00181";3000;27;"StefanoVanuzzo";" ";;"N";"N";
"DBELE";"ODV24DBEPD00181";4000;27;"StefanoVanuzzo";" ";;"N";"N";
"DBELE";"ODV24DBEPD00181";5000;45;"EnricoCiscato";" ";;"N";"N";
"DBELE";"ODV24DBEPD00182";1000;27;"StefanoVanuzzo";" ";;"N";"N";
"DBELE";"ODV24DBEPD00183";1000;50;"StefanoVanuzzo";" ";;"N";"N";
"DBELE";"ODV24DBEPD00183";2000;50;"StefanoVanuzzo";" ";;"N";"N";
"DBELE";"ODV24DBEPD00183";3000;50;"StefanoVanuzzo";" ";;"N";"N";
"DBELE";"ODV24DBEPD00184";1000;50;"StefanoVanuzzo";" ";;"N";"N";
"DBELE";"ODV24DBEPD00185";1000;27;"StefanoVanuzzo";" ";;"N";"N";
"DBELE";"ODV24DBEPD00186";1000;20;"LorenzoTasca";" ";;"N";"N";
"DBELE";"ODV24DBEPD00186";2000;27;"StefanoVanuzzo";" ";;"N";"N";
"DBELE";"ODV24DBEPD00186";3000;27;"StefanoVanuzzo";" ";;"N";"N";
"DBELE";"ODV24DBEPD00186";4000;27;"StefanoVanuzzo";" ";;"N";"N";
"DBELE";"ODV24DBEPD00186";5000;27;"StefanoVanuzzo";" ";;"N";"N";
"DBELE";"ODV24DBEPD00186";6000;27;"StefanoVanuzzo";" ";;"N";"N";
"DBELE";"ODV24DBEPD00186";7000;27;"StefanoVanuzzo";" ";;"N";"N";
"DBELE";"ODV24DBEPD00186";8000;27;"StefanoVanuzzo";" ";;"N";"N";
"DBELE";"ODV24DBEPD00186";9000;27;"StefanoVanuzzo";" ";;"N";"N";
"DBELE";"ODV24DBEPD00186";10000;27;"StefanoVanuzzo";" ";;"N";"N";
"DBELE";"ODV24DBEPD00186";11000;27;"StefanoVanuzzo";" ";;"N";"N";
"DBELE";"ODV24DBEPD00186";12000;27;"StefanoVanuzzo";" ";;"N";"N";
"DBELE";"ODV24DBEPD00187";1000;50;"StefanoVanuzzo";" ";;"N";"N";
"DBELE";"ODV24DBEPD00188";1000;50;"StefanoVanuzzo";" ";;"N";"N";
"DBELE";"ODV24DBEPD00188";2000;27;"StefanoVanuzzo";" ";;"N";"N";
"DBELE";"ODV24DBEPD00188";3000;27;"StefanoVanuzzo";" ";;"N";"N";
"DBELE";"ODV24DBEPD00188";4000;27;"StefanoVanuzzo";" ";;"N";"N";
"DBELE";"ODV24DBEPD00188";5000;27;"StefanoVanuzzo";" ";;"N";"N";
"DBELE";"ODV24DBEPD00188";6000;27;"StefanoVanuzzo";" ";;"N";"N";
"DBELE";"ODV24DBEPD00188";7000;27;"StefanoVanuzzo";" ";;"N";"N";
"DBELE";"ODV24DBEPD00188";8000;27;"StefanoVanuzzo";" ";;"N";"N";
"DBELE";"ODV24DBEPD00189";1000;27;"StefanoVanuzzo";" ";;"N";"N";
"DBELE";"ODV24DBEPD00190";1000;50;"StefanoVanuzzo";" ";;"N";"N";
"DBELE";"ODV24DBEPD00191";1000;50;"StefanoVanuzzo";" ";;"N";"N";
"DBELE";"ODV24DBEPD00191";2000;50;"StefanoVanuzzo";" ";;"N";"N";
"DBELE";"ODV24DBEPD00191";3000;50;"StefanoVanuzzo";" ";;"N";"N";
"DBELE";"ODV24DBEPD00191";4000;50;"StefanoVanuzzo";" ";;"N";"N";
"DBELE";"ODV24DBEPD00191";5000;50;"StefanoVanuzzo";" ";;"N";"N";
"DBELE";"ODV24DBEPD00192";1000;10;;" ";;"N";"N";
"DBELE";"ODV24DBEPD00192";2000;10;;" ";;"N";"N";
"DBELE";"ODV24DBEPD00192";3000;10;;" ";;"N";"N";
"DBELE";"ODV24DBEPD00192";4000;10;;" ";;"N";"N";
"DBELE";"ODV24DBEPD00192";5000;10;;" ";;"N";"N";
"DBELE";"ODV24DBEPD00192";6000;10;;" ";;"N";"N";
"DBELE";"ODV24DBEPD00192";7000;10;;" ";;"N";"N";
"DBELE";"ODV24DBEPD00192";8000;10;;" ";;"N";"N";
"DBELE";"ODV24DBEPD00192";9000;10;;" ";;"N";"N";
"DBELE";"ODV24DBEPD00192";11000;10;;" ";;"N";"N";
"DBELE";"ODV24DBEPD00192";12000;10;;" ";;"N";"N";
"DBELE";"ODV24DBEPD00192";13000;10;;" ";;"N";"N";
"DBELE";"ODV24DBEPD00192";14000;10;;" ";;"N";"N";
"DBELE";"ODV24DBEPD00192";15000;10;;" ";;"N";"N";
"DBELE";"ODV24DBEPD00192";16000;10;;" ";;"N";"N";
"DBELE";"ODV24DBEPD00192";17000;10;;" ";;"N";"N";
"DBELE";"ODV24DBEPD00192";18000;10;;" ";;"N";"N";
"DBELE";"ODV24DBEPD00192";19000;10;;" ";;"N";"N";
"DBELE";"ODV24DBEPD00192";20000;10;;" ";;"N";"N";
"DBELE";"ODV24DBEPD00192";21000;10;;" ";;"N";"N";
"DBELE";"ODV24DBEPD00192";22000;10;;" ";;"N";"N";
"DBELE";"ODV24DBEPD00192";23000;10;;" ";;"N";"N";
"DBELE";"ODV24DBEPD00192";24000;10;;" ";;"N";"N";
"DBELE";"ODV24DBEPD00192";25000;10;;" ";;"N";"N";
"DBELE";"ODV24DBEPD00192";26000;10;;" ";;"N";"N";
"DBELE";"ODV24DBEPD00192";27000;10;;" ";;"N";"N";
"DBELE";"ODV24DBEPD00192";28000;10;;" ";;"N";"N";
"DBELE";"ODV24DBEPD00192";29000;10;;" ";;"N";"N";
"DBELE";"ODV24DBEPD00192";30000;10;;" ";;"N";"N";
"DBELE";"ODV24DBEPD00192";31000;10;;" ";;"N";"N";
"DBELE";"ODV24DBEPD00192";32000;10;;" ";;"N";"N";
"DBELE";"ODV24DBEPD00192";33000;10;;" ";;"N";"N";
"DBELE";"ODV24DBEPD00192";34000;10;;" ";;"N";"N";
"DBELE";"ODV24DBEPD00192";35000;10;;" ";;"N";"N";
"DBELE";"ODV24DBEPD00192";36000;10;;" ";;"N";"N";
"DBELE";"ODV24DBEPD00192";37000;10;;" ";;"N";"N";
"DBELE";"ODV24DBEPD00192";38000;10;;" ";;"N";"N";
"DBELE";"ODV24DBEPD00192";39000;10;;" ";;"N";"N";
"DBELE";"ODV24DBEPD00192";40000;10;;" ";;"N";"N";
"DBELE";"ODV24DBEPD00192";41000;10;;" ";;"N";"N";
"DBELE";"ODV24DBEPD00194";1000;10;;" ";;"N";"N";
"DBELE";"ODV24DBEPD00196";1000;50;"StefanoVanuzzo";" ";;"N";"N";
"DBELE";"ODV24DBEPD00197";1000;50;"StefanoVanuzzo";" ";;"N";"N";
"DBELE";"ODV24DBEPD00197";2000;50;"StefanoVanuzzo";" ";;"N";"N";
"DBELE";"ODV24DBEPD00197";3000;50;"StefanoVanuzzo";" ";;"N";"N";
"DBELE";"ODV24DBEPD00198";1000;50;"StefanoVanuzzo";" ";;"N";"N";
"DBELE";"ODV24DBEPD00199";1000;50;"StefanoVanuzzo";" ";;"N";"N";
"DBELE";"ODV24DBEPD00199";2000;27;"StefanoVanuzzo";" ";;"N";"N";
"DBELE";"ODV24DBEPD00199";3000;27;"StefanoVanuzzo";" ";;"N";"N";
"DBELE";"ODV24DBEPD00200";1000;50;"StefanoVanuzzo";" ";;"N";"N";
"DBELE";"ODV24DBEPD00200";2000;50;"StefanoVanuzzo";" ";;"N";"N";
"DBELE";"ODV24DBEPD00200";3000;50;"StefanoVanuzzo";" ";;"N";"N";
"DBELE";"ODV24DBEPD00200";4000;50;"StefanoVanuzzo";" ";;"N";"N";
"DBELE";"ODV24DBEPD00200";5000;27;"StefanoVanuzzo";" ";;"N";"N";
"DBELE";"ODV24DBEPD00200";6000;27;"StefanoVanuzzo";" ";;"N";"N";
"DBELE";"ODV24DBEPD00201";1000;50;"StefanoVanuzzo";" ";;"N";"N";
"DBELE";"ODV24DBEPD00201";2000;50;"StefanoVanuzzo";" ";;"N";"N";
"DBELE";"ODV24DBEPD00202";1000;50;"StefanoVanuzzo";" ";;"N";"N";
"DBELE";"ODV24DBEPD00202";2000;27;"StefanoVanuzzo";" ";;"N";"N";
"DBELE";"ODV24DBEPD00202";3000;27;"StefanoVanuzzo";" ";;"N";"N";
"DBELE";"ODV24DBEPD00202";4000;27;"StefanoVanuzzo";" ";;"N";"N";
"DBELE";"ODV24DBEPD00202";5000;27;"StefanoVanuzzo";" ";;"N";"N";
"DBELE";"ODV24DBEPD00202";6000;27;"StefanoVanuzzo";" ";;"N";"N";
"DBELE";"ODV24DBEPD00202";7000;27;"StefanoVanuzzo";" ";;"N";"N";
"DBELE";"ODV24DBEPD00202";8000;27;"StefanoVanuzzo";" ";;"N";"N";
"DBELE";"ODV24DBEPD00203";1000;27;"StefanoVanuzzo";" ";;"N";"N";
"DBELE";"ODV24DBEPD00203";2000;50;"StefanoVanuzzo";" ";;"N";"N";
"DBELE";"ODV24DBEPD00203";3000;50;"StefanoVanuzzo";" ";;"N";"N";
"DBELE";"ODV24DBEPD00203";4000;50;"StefanoVanuzzo";" ";;"N";"N";
"DBELE";"ODV24DBEPD00203";5000;27;"stefanoroverato";" ";;"N";"N";
"DBELE";"ODV24DBEPD00203";6000;20;"simonebontempi";" ";;"N";"N";
"DBELE";"ODV24DBEPD00204";1000;50;"StefanoVanuzzo";" ";;"N";"N";
"DBELE";"ODV24DBEPD00204";2000;50;"StefanoVanuzzo";" ";;"N";"N";
"DBELE";"ODV24DBEPD00205";1000;50;"StefanoVanuzzo";" ";;"N";"N";
"DBELE";"ODV24DBEPD00206";1000;27;"StefanoVanuzzo";" ";;"N";"N";
"DBELE";"ODV24DBEPD00206";2000;45;"EnricoCiscato";" ";;"N";"N";
"DBELE";"ODV24DBEPD00206";3000;27;"StefanoVanuzzo";" ";;"N";"N";
"DBELE";"ODV24DBEPD00207";1000;20;"LorenzoTasca";" ";;"N";"N";
"DBELE";"ODV24DBEPD00207";2000;27;"StefanoVanuzzo";" ";;"N";"N";
"DBELE";"ODV24DBEPD00209";1000;50;"StefanoVanuzzo";" ";;"N";"N";
"DBELE";"ODV24DBEPD00209";2000;27;"StefanoVanuzzo";" ";;"N";"N";
"DBELE";"ODV24DBEPD00209";3000;27;"StefanoVanuzzo";" ";;"N";"N";
"DBELE";"ODV24DBEPD00209";4000;27;"StefanoVanuzzo";" ";;"N";"N";
"DBELE";"ODV24DBEPD00210";1000;50;"StefanoVanuzzo";" ";"freq 306 MHz";"S";"N";
"DBELE";"ODV24DBEPD00210";2000;50;"StefanoVanuzzo";" ";"freq 306 MHz";"S";"N";
"DBELE";"ODV24DBEPD00211";1000;50;"StefanoVanuzzo";" ";;"N";"N";
"DBELE";"ODV24DBEPD00212";4000;20;"LorenzoTasca";" ";;"N";"N";
"DBELE";"ODV24DBEPD00212";5000;20;"LorenzoTasca";" ";;"N";"N";
"DBELE";"ODV24DBEPD00212";6000;50;"StefanoVanuzzo";" ";;"N";"N";
"DBELE";"ODV24DBEPD00212";7000;50;"StefanoVanuzzo";" ";;"N";"N";
"DBELE";"ODV24DBEPD00213";1000;50;"StefanoVanuzzo";" ";;"N";"N";
"DBELE";"ODV24DBEPD00213";2000;50;"StefanoVanuzzo";" ";;"N";"N";
"DBELE";"ODV24DBEPD00213";3000;50;"StefanoVanuzzo";" ";;"N";"N";
"DBELE";"ODV24DBEPD00215";1000;20;"LorenzoTasca";" ";;"N";"N";
"DBELE";"ODV24DBEPD00215";2000;45;"EnricoCiscato";" ";;"N";"N";
"DBELE";"ODV24DBEPD00215";3000;50;"StefanoVanuzzo";" ";;"N";"N";
"DBELE";"ODV24DBEPD00216";1000;50;"StefanoVanuzzo";" ";;"N";"N";
"DBELE";"ODV24DBEPD00217";1000;50;"StefanoVanuzzo";" ";;"N";"N";
"DBELE";"ODV24DBEPD00217";2000;27;"StefanoVanuzzo";" ";;"N";"N";
"DBELE";"ODV24DBEPD00217";3000;27;"StefanoVanuzzo";" ";;"N";"N";
"DBELE";"ODV24DBEPD00218";1000;50;"StefanoVanuzzo";" ";;"N";"N";
"DBELE";"ODV24DBEPD00219";1000;45;"EnricoCiscato";" ";;"N";"N";
"DBELE";"ODV24DBEPD00220";1000;50;"StefanoVanuzzo";" ";;"N";"N";
"DBELE";"ODV24DBEPD00220";2000;27;"StefanoVanuzzo";" ";;"N";"N";
"DBELE";"ODV24DBEPD00220";3000;27;"StefanoVanuzzo";" ";;"N";"N";
"DBELE";"ODV24DBEPD00220";5000;45;"EnricoCiscato";" ";;"N";"N";
"DBELE";"ODV24DBEPD00220";6000;45;"EnricoCiscato";" ";;"N";"N";
"DBELE";"ODV24DBEPD00220";7000;27;"StefanoVanuzzo";" ";;"N";"N";
"DBELE";"ODV24DBEPD00220";8000;45;"EnricoCiscato";" ";;"N";"N";
"DBELE";"ODV24DBEPD00220";9000;45;"EnricoCiscato";" ";;"N";"N";
"DBELE";"ODV24DBEPD00222";1000;50;"StefanoVanuzzo";" ";;"N";"N";
"DBELE";"ODV24DBEPD00222";2000;27;"StefanoVanuzzo";" ";;"N";"N";
"DBELE";"ODV24DBEPD00222";3000;27;"StefanoVanuzzo";" ";;"N";"N";
"DBELE";"ODV24DBEPD00222";4000;27;"StefanoVanuzzo";" ";;"N";"N";
"DBELE";"ODV24DBEPD00222";5000;27;"StefanoVanuzzo";" ";;"N";"N";
"DBELE";"ODV24DBEPD00223";1000;50;"StefanoVanuzzo";" ";;"N";"N";
"DBELE";"ODV24DBEPD00225";1000;50;"StefanoVanuzzo";" ";;"N";"N";
"DBELE";"ODV24DBEPD00226";1000;27;"StefanoVanuzzo";" ";;"N";"N";
"DBELE";"ODV24DBEPD00226";2000;27;"StefanoVanuzzo";" ";;"N";"N";
"DBELE";"ODV24DBEPD00228";1000;27;"StefanoVanuzzo";" ";;"N";"N";
"DBELE";"ODV24DBEPD00228";2000;27;"StefanoVanuzzo";" ";;"N";"N";
"DBELE";"ODV24DBEPD00228";3000;45;"EnricoCiscato";" ";;"N";"N";
"DBELE";"ODV24DBEPD00228";4000;45;"EnricoCiscato";" ";;"N";"N";
"DBELE";"ODV24DBEPD00228";5000;45;"EnricoCiscato";" ";;"N";"N";
"DBELE";"ODV24DBEPD00229";1000;45;"EnricoCiscato";" ";;"N";"N";
"DBELE";"ODV24DBEPD00230";1000;27;"StefanoVanuzzo";" ";;"N";"N";
"DBELE";"ODV24DBEPD00231";1000;50;"StefanoVanuzzo";" ";;"N";"N";
"DBELE";"ODV24DBEPD00232";1000;50;"StefanoVanuzzo";" ";;"N";"N";
"DBELE";"ODV24DBEPD00232";2000;27;"StefanoVanuzzo";" ";;"N";"N";
"DBELE";"ODV24DBEPD00232";3000;27;"StefanoVanuzzo";" ";;"N";"N";
"DBELE";"ODV24DBEPD00232";4000;27;"StefanoVanuzzo";" ";;"N";"N";
"DBELE";"ODV24DBEPD00232";5000;27;"StefanoVanuzzo";" ";;"N";"N";
"DBELE";"ODV24DBEPD00232";6000;27;"StefanoVanuzzo";" ";;"N";"N";
"DBELE";"ODV24DBEPD00232";7000;27;"StefanoVanuzzo";" ";;"N";"N";
"DBELE";"ODV24DBEPD00232";8000;27;"StefanoVanuzzo";" ";;"N";"N";
"DBELE";"ODV24DBEPD00233";1000;10;;" ";;"N";"N";
"DBELE";"ODV24DBEPD00234";1000;50;"StefanoVanuzzo";" ";;"N";"N";
"DBELE";"ODV24DBEPD00234";2000;27;"StefanoVanuzzo";" ";;"N";"N";
"DBELE";"ODV24DBEPD00234";3000;27;"StefanoVanuzzo";" ";;"N";"N";
"DBELE";"ODV24DBEPD00234";4000;27;"StefanoVanuzzo";" ";;"N";"N";
"DBELE";"ODV24DBEPD00235";1000;50;"StefanoVanuzzo";" ";;"N";"N";
"DBELE";"ODV24DBEPD00236";1000;50;"StefanoVanuzzo";" ";;"N";"N";
"DBELE";"ODV24DBEPD00236";2000;50;"StefanoVanuzzo";" ";;"N";"N";
"DBELE";"ODV24DBEPD00236";2500;50;"StefanoVanuzzo";" ";;"N";"N";
"DBELE";"ODV24DBEPD00236";3000;50;"StefanoVanuzzo";" ";;"N";"N";
"DBELE";"ODV24DBEPD00236";4000;50;"StefanoVanuzzo";" ";;"N";"N";
"DBELE";"ODV24DBEPD00236";5000;50;"StefanoVanuzzo";" ";;"N";"N";
"DBELE";"ODV24DBEPD00236";6000;50;"StefanoVanuzzo";" ";;"N";"N";
"DBELE";"ODV24DBEPD00236";7000;50;"StefanoVanuzzo";" ";;"N";"N";
"DBELE";"ODV24DBEPD00236";8000;50;"StefanoVanuzzo";" ";;"N";"N";
"DBELE";"ODV24DBEPD00236";9000;50;"StefanoVanuzzo";" ";;"N";"N";
"DBELE";"ODV24DBEPD00236";10000;50;"StefanoVanuzzo";" ";;"N";"N";
"DBELE";"ODV24DBEPD00236";11000;50;"StefanoVanuzzo";" ";;"N";"N";
"DBELE";"ODV24DBEPD00236";12000;50;"StefanoVanuzzo";" ";;"N";"N";
"DBELE";"ODV24DBEPD00236";13000;50;"StefanoVanuzzo";" ";;"N";"N";
"DBELE";"ODV24DBEPD00236";13500;50;"StefanoVanuzzo";" ";;"N";"N";
"DBELE";"ODV24DBEPD00236";14000;20;"LorenzoTasca";" ";;"N";"N";
"DBELE";"ODV24DBEPD00236";15000;50;"StefanoVanuzzo";" ";;"N";"N";
"DBELE";"ODV24DBEPD00236";16000;50;"StefanoVanuzzo";" ";;"N";"N";
"DBELE";"ODV24DBEPD00236";17000;50;"StefanoVanuzzo";" ";;"N";"N";
"DBELE";"ODV24DBEPD00236";18000;27;"StefanoVanuzzo";" ";;"N";"N";
"DBELE";"ODV24DBEPD00236";19000;27;"StefanoVanuzzo";" ";;"N";"N";
"DBELE";"ODV24DBEPD00236";20000;27;"StefanoVanuzzo";" ";;"N";"N";
"DBELE";"ODV24DBEPD00236";21000;50;"StefanoVanuzzo";" ";;"N";"N";
"DBELE";"ODV24DBEPD00236";22000;50;"StefanoVanuzzo";" ";;"N";"N";
"DBELE";"ODV24DBEPD00237";1000;50;"StefanoVanuzzo";" ";;"N";"N";
"DBELE";"ODV24DBEPD00238";1000;50;"StefanoVanuzzo";" ";;"N";"N";
"DBELE";"ODV24DBEPD00238";2000;50;"StefanoVanuzzo";" ";;"N";"N";
"DBELE";"ODV24DBEPD00238";3000;50;"StefanoVanuzzo";" ";;"N";"N";
"DBELE";"ODV24DBEPD00238";4000;50;"StefanoVanuzzo";" ";;"N";"N";
"DBELE";"ODV24DBEPD00239";1000;50;"StefanoVanuzzo";" ";;"N";"N";
"DBELE";"ODV24DBEPD00240";1000;50;"StefanoVanuzzo";" ";;"N";"N";
"DBELE";"ODV24DBEPD00240";2000;30;"LorenzoTasca";" ";;"N";"N";
"DBELE";"ODV24DBEPD00240";3000;50;"StefanoVanuzzo";" ";;"N";"N";
"DBELE";"ODV24DBEPD00242";1000;50;"StefanoVanuzzo";" ";;"N";"N";
"DBELE";"ODV24DBEPD00243";1000;20;"LorenzoTasca";" ";;"N";"N";
"DBELE";"ODV24DBEPD00243";2000;20;"LorenzoTasca";" ";;"N";"N";
"DBELE";"ODV24DBEPD00243";3000;20;"LorenzoTasca";" ";;"N";"N";
"DBELE";"ODV24DBEPD00243";4000;20;"LorenzoTasca";" ";;"N";"N";
"DBELE";"ODV24DBEPD00243";5000;20;"LorenzoTasca";" ";;"N";"N";
"DBELE";"ODV24DBEPD00244";1000;10;;" ";;"N";"N";
"DBELE";"ODV24DBEPD00248";1000;50;"StefanoVanuzzo";" ";;"N";"N";
"DBELE";"ODV24DBEPD00249";1000;50;"StefanoVanuzzo";" ";;"N";"N";
"DBELE";"ODV24DBEPD00250";1000;45;"EnricoCiscato";" ";;"N";"N";
"DBELE";"ODV24DBEPD00251";1000;20;"LorenzoTasca";" ";;"N";"N";
"DBELE";"ODV24DBEPD00251";2000;50;"StefanoVanuzzo";" ";;"N";"N";
"DBELE";"ODV24DBEPD00252";1000;27;"StefanoVanuzzo";" ";;"N";"N";
"DBELE";"ODV24DBEPD00252";2000;27;"StefanoVanuzzo";" ";;"N";"N";
"DBELE";"ODV24DBEPD00252";3000;27;"StefanoVanuzzo";" ";;"N";"N";
"DBELE";"ODV24DBEPD00252";4000;27;"StefanoVanuzzo";" ";;"N";"N";
"DBELE";"ODV24DBEPD00252";5000;27;"StefanoVanuzzo";" ";;"N";"N";
"DBELE";"ODV24DBEPD00252";6000;27;"StefanoVanuzzo";" ";;"N";"N";
"DBELE";"ODV24DBEPD00252";7000;27;"StefanoVanuzzo";" ";;"N";"N";
"DBELE";"ODV24DBEPD00254";1000;50;"StefanoVanuzzo";" ";;"N";"N";
"DBELE";"ODV24DBEPD00254";2000;27;"StefanoVanuzzo";" ";;"N";"N";
"DBELE";"ODV24DBEPD00254";3000;27;"StefanoVanuzzo";" ";;"N";"N";
"DBELE";"ODV24DBEPD00254";4000;27;"StefanoVanuzzo";" ";;"N";"N";
"DBELE";"ODV24DBEPD00254";5000;27;"StefanoVanuzzo";" ";;"N";"N";
"DBELE";"ODV24DBEPD00254";6000;35;"StefanoVanuzzo";" ";;"N";"N";
"DBELE";"ODV24DBEPD00255";1000;50;"StefanoVanuzzo";" ";;"N";"N";
"DBELE";"ODV24DBEPD00255";2000;50;"StefanoVanuzzo";" ";;"N";"N";
"DBELE";"ODV24DBEPD00255";3000;50;"StefanoVanuzzo";" ";;"N";"N";
"DBELE";"ODV24DBEPD00255";4000;50;"StefanoVanuzzo";" ";;"N";"N";
"DBELE";"ODV24DBEPD00255";5000;50;"StefanoVanuzzo";" ";;"N";"N";
"DBELE";"ODV24DBEPD00258";1000;27;"StefanoVanuzzo";" ";;"N";"N";
"DBELE";"ODV24DBEPD00258";2000;27;"StefanoVanuzzo";" ";;"N";"N";
"DBELE";"ODV24DBEPD00259";1000;50;"StefanoVanuzzo";" ";;"N";"N";
"DBELE";"ODV24DBEPD00260";1000;50;"StefanoVanuzzo";" ";;"N";"N";
"DBELE";"ODV24DBEPD00260";2000;27;"StefanoVanuzzo";" ";;"N";"N";
"DBELE";"ODV24DBEPD00260";3000;27;"StefanoVanuzzo";" ";;"N";"N";
"DBELE";"ODV24DBEPD00261";1000;30;"LorenzoTasca";" ";;"N";"N";
"DBELE";"ODV24DBEPD00262";1000;50;"StefanoVanuzzo";" ";;"N";"N";
"DBELE";"ODV24DBEPD00263";1000;27;"StefanoVanuzzo";" ";;"N";"N";
"DBELE";"ODV24DBEPD00266";1000;45;"EnricoCiscato";" ";;"N";"N";
"DBELE";"ODV24DBEPD00267";1000;50;"StefanoVanuzzo";" ";;"N";"N";
"DBELE";"ODV24DBEPD00267";2000;50;"StefanoVanuzzo";" ";;"N";"N";
"DBELE";"ODV24DBEPD00267";3000;50;"StefanoVanuzzo";" ";;"N";"N";
"DBELE";"ODV24DBEPD00267";4000;50;"StefanoVanuzzo";" ";;"N";"N";
"DBELE";"ODV24DBEPD00268";1000;50;"StefanoVanuzzo";" ";;"N";"N";
"DBELE";"ODV24DBEPD00269";1000;50;"StefanoVanuzzo";" ";;"N";"N";
"DBELE";"ODV24DBEPD00269";2000;45;"EnricoCiscato";" ";;"N";"N";
"DBELE";"ODV24DBEPD00269";3000;45;"EnricoCiscato";" ";;"N";"N";
"DBELE";"ODV24DBEPD00269";4000;27;"StefanoVanuzzo";" ";;"N";"N";
"DBELE";"ODV24DBEPD00269";5000;27;"StefanoVanuzzo";" ";;"N";"N";
"DBELE";"ODV24DBEPD00269";6000;45;"EnricoCiscato";" ";;"N";"N";
"DBELE";"ODV24DBEPD00269";7000;45;"EnricoCiscato";" ";;"N";"N";
"DBELE";"ODV24DBEPD00269";8000;45;"EnricoCiscato";" ";;"N";"N";
"DBELE";"ODV24DBEPD00270";1000;50;"StefanoVanuzzo";" ";;"N";"N";
"DBELE";"ODV24DBEPD00270";2000;50;"StefanoVanuzzo";" ";;"N";"N";
"DBELE";"ODV24DBEPD00270";3000;50;"StefanoVanuzzo";" ";;"N";"N";
"DBELE";"ODV24DBEPD00273";1000;50;"StefanoVanuzzo";" ";;"N";"N";
"DBELE";"ODV24DBEPD00274";1000;50;"StefanoVanuzzo";" ";;"N";"N";
"DBELE";"ODV24DBEPD00275";1000;50;"StefanoVanuzzo";" ";;"N";"N";
"DBELE";"ODV24DBEPD00275";2000;45;"EnricoCiscato";" ";;"N";"N";
"DBELE";"ODV24DBEPD00275";3000;45;"EnricoCiscato";" ";;"N";"N";
"DBELE";"ODV24DBEPD00275";4000;27;"StefanoVanuzzo";" ";;"N";"N";
"DBELE";"ODV24DBEPD00275";5000;27;"StefanoVanuzzo";" ";;"N";"N";
"DBELE";"ODV24DBEPD00276";1000;45;"EnricoCiscato";" ";;"N";"N";
"DBELE";"ODV24DBEPD00276";2000;45;"EnricoCiscato";" ";;"N";"N";
"DBELE";"ODV24DBEPD00276";3000;45;"EnricoCiscato";" ";;"N";"N";
"DBELE";"ODV24DBEPD00278";1000;50;"StefanoVanuzzo";" ";;"N";"N";
"DBELE";"ODV24DBEPD00278";3000;45;"EnricoCiscato";" ";;"N";"N";
"DBELE";"ODV24DBEPD00278";4000;45;"EnricoCiscato";" ";;"N";"N";
"DBELE";"ODV24DBEPD00278";5000;27;"StefanoVanuzzo";" ";;"N";"N";
"DBELE";"ODV24DBEPD00278";6000;27;"StefanoVanuzzo";" ";;"N";"N";
"DBELE";"ODV24DBEPD00278";7000;27;"StefanoVanuzzo";" ";;"N";"N";
"DBELE";"ODV24DBEPD00278";8000;45;"EnricoCiscato";" ";;"N";"N";
"DBELE";"ODV24DBEPD00278";9000;50;"StefanoVanuzzo";" ";;"N";"N";
"DBELE";"ODV24DBEPD00281";1000;50;"StefanoVanuzzo";" ";;"N";"N";
"DBELE";"ODV24DBEPD00281";2000;50;"StefanoVanuzzo";" ";;"N";"N";
"DBELE";"ODV24DBEPD00282";1000;50;"StefanoVanuzzo";" ";;"N";"N";
"DBELE";"ODV24DBEPD00283";1000;50;"StefanoVanuzzo";" ";;"N";"N";
"DBELE";"ODV24DBEPD00285";1000;50;"StefanoVanuzzo";" ";;"N";"N";
"DBELE";"ODV24DBEPD00285";2000;50;"StefanoVanuzzo";" ";;"N";"N";
"DBELE";"ODV24DBEPD00286";1000;27;"StefanoVanuzzo";" ";;"N";"N";
"DBELE";"ODV24DBEPD00286";2000;27;"StefanoVanuzzo";" ";;"N";"N";
"DBELE";"ODV24DBEPD00286";3000;27;"StefanoVanuzzo";" ";;"N";"N";
"DBELE";"ODV24DBEPD00290";1000;45;"EnricoCiscato";" ";;"N";"N";
"DBELE";"ODV24DBEPD00290";2000;45;"EnricoCiscato";" ";;"N";"N";
"DBELE";"ODV24DBEPD00291";500;50;"StefanoVanuzzo";" ";;"N";"N";
"DBELE";"ODV24DBEPD00291";2000;45;"EnricoCiscato";" ";;"N";"N";
"DBELE";"ODV24DBEPD00291";3000;45;"EnricoCiscato";" ";;"N";"N";
"DBELE";"ODV24DBEPD00291";4000;45;"EnricoCiscato";" ";;"N";"N";
"DBELE";"ODV24DBEPD00291";5000;45;"EnricoCiscato";" ";;"N";"N";
"DBELE";"ODV24DBEPD00291";6000;27;"StefanoVanuzzo";" ";;"N";"N";
"DBELE";"ODV24DBEPD00292";1000;20;"LorenzoTasca";" ";;"N";"N";
"DBELE";"ODV24DBEPD00292";2000;45;"EnricoCiscato";" ";;"N";"N";
"DBELE";"ODV24DBEPD00292";3000;45;"EnricoCiscato";" ";;"N";"N";
"DBELE";"ODV24DBEPD00292";4000;45;"EnricoCiscato";" ";;"N";"N";
"DBELE";"ODV24DBEPD00292";5000;45;"EnricoCiscato";" ";;"N";"N";
"DBELE";"ODV24DBEPD00292";6000;45;"EnricoCiscato";" ";;"N";"N";
"DBELE";"ODV24DBEPD00293";1000;20;"LorenzoTasca";" ";;"N";"N";
"DBELE";"ODV24DBEPD00294";1000;45;"EnricoCiscato";" ";;"N";"N";
"DBELE";"ODV24DBEPD00295";1000;50;"StefanoVanuzzo";" ";;"N";"N";
"DBELE";"ODV24DBEPD00296";1000;45;"EnricoCiscato";" ";;"N";"N";
"DBELE";"ODV24DBEPD00298";1000;50;"StefanoVanuzzo";" ";;"N";"N";
"DBELE";"ODV24DBEPD00299";1000;50;"StefanoVanuzzo";" ";;"N";"N";
"DBELE";"ODV24DBEPD00301";1000;30;"LorenzoTasca";" ";;"N";"N";
"DBELE";"ODV24DBEPD00301";2000;30;"LorenzoTasca";" ";;"N";"N";
"DBELE";"ODV24DBEPD00301";3000;30;"LorenzoTasca";" ";;"N";"N";
"DBELE";"ODV24DBEPD00301";4000;30;"LorenzoTasca";" ";;"N";"N";
"DBELE";"ODV24DBEPD00303";1000;27;"StefanoVanuzzo";" ";;"N";"N";
"DBELE";"ODV24DBEPD00303";2000;27;"StefanoVanuzzo";" ";;"N";"N";
"DBELE";"ODV24DBEPD00303";3000;30;"LorenzoTasca";" ";;"N";"N";
"DBELE";"ODV24DBEPD00303";5000;50;"StefanoVanuzzo";" ";;"N";"N";
"DBELE";"ODV24DBEPD00304";1000;35;"FedericaFavero";" ";;"N";"N";
"DBELE";"ODV24DBEPD00305";1000;20;"LorenzoTasca";" ";;"N";"N";
"DBELE";"ODV24DBEPD00306";1000;20;"LorenzoTasca";" ";;"N";"N";
"DBELE";"ODV25DBEBS00001";1000;50;"lucabressana";" ";"Ch. 32 DVB-T/T2 8MHz
Limitare potenza a 50Wrms via software (rimovibile)";"S";"N";
"DBELE";"ODV25DBEBS00003";500;20;"lucabressana";" ";"Ch 40 - 42 - 44 - 49 DVB-T/T2 (ultimo canale mancante)";"S";"N";
"DBELE";"ODV25DBEBS00003";1000;10;;" ";;"N";"N";
"DBELE";"ODV25DBEBS00003";2000;20;"lucabressana";" ";;"N";"N";
"DBELE";"ODV25DBEBS00003";3000;45;"federicomodonesi";" ";;"N";"N";
"DBELE";"ODV25DBEBS00003";4000;45;"EnricoCiscato";" ";;"N";"N";
"DBELE";"ODV25DBEBS00003";5000;45;"EnricoCiscato";" ";;"N";"N";
"DBELE";"ODV25DBEBS00003";6000;27;"StefanoVanuzzo";" ";;"N";"N";
"DBELE";"ODV25DBEBS00003";7000;27;"StefanoVanuzzo";" ";;"N";"N";
"DBELE";"ODV25DBEBS00003";8000;45;"EnricoCiscato";" ";;"N";"N";
"DBELE";"ODV25DBEBS00003";9000;45;"EnricoCiscato";" ";;"N";"N";
"DBELE";"ODV25DBEBS00004";1000;20;"lucabressana";" ";"DVB-T/T2";"S";"N";
"DBELE";"ODV25DBEBS00004";2000;35;"federicomodonesi";" ";;"N";"N";
"DBELE";"ODV25DBEBS00005";1000;20;"lucabressana";" ";"per ampli: SCA102TB (5600) - 1713-57117";"S";"N";
"DBELE";"ODV25DBEBS00006";1000;35;"federicomodonesi";" ";;"N";"N";
"DBELE";"ODV25DBEBS00007";1000;10;;" ";;"N";"N";
"DBELE";"ODV25DBEBS00008";1000;50;"lucabressana";" ";;"N";"N";
"DBELE";"ODV25DBEBS00009";1000;20;"danieledotti";" ";"Ch. 11D";"S";"N";
"DBELE";"ODV25DBEBS00010";1000;10;;" ";;"N";"N";
"DBELE";"ODV25DBEBS00011";1000;10;;" ";;"N";"N";
"DBELE";"ODV25DBEBS00012";1000;35;"federicomodonesi";" ";;"N";"N";
"DBELE";"ODV25DBEBS00012";2000;35;"federicomodonesi";" ";;"N";"N";
"DBELE";"ODV25DBEBS00012";3000;20;"lucabressana";" ";;"N";"N";
"DBELE";"ODV25DBEBS00012";4000;20;"lucabressana";" ";;"N";"N";
"DBELE";"ODV25DBEBS00012";5000;27;"federicomodonesi";" ";;"N";"N";
"DBELE";"ODV25DBEBS00013";500;50;"lucabressana";" ";"Ch. 8C";"S";"N";
"DBELE";"ODV25DBEBS00013";1000;20;"lucabressana";" ";"Ch. 8C";"S";"N";
"DBELE";"ODV25DBEBS00013";2000;50;"lucabressana";" ";"Ch. 8C";"S";"N";
"DBELE";"ODV25DBEBS00013";3000;27;"federicomodonesi";" ";;"N";"N";
"DBELE";"ODV25DBEBS00013";4000;27;"federicomodonesi";" ";;"N";"N";
"DBELE";"ODV25DBEBS00014";1000;20;"lucabressana";" ";"Ch. 49, 51, 53, 55, 57, 59, 61, 63, 65, 67";"S";"N";
"DBELE";"ODV25DBEBS00014";1500;20;"lucabressana";" ";;"N";"N";
"DBELE";"ODV25DBEBS00014";2000;20;"lucabressana";" ";;"N";"N";
"DBELE";"ODV25DBEBS00014";2500;20;"lucabressana";" ";;"N";"N";
"DBELE";"ODV25DBEBS00014";3000;45;"federicomodonesi";" ";;"N";"N";
"DBELE";"ODV25DBEBS00014";4000;27;"EnricoCiscato";" ";;"N";"N";
"DBELE";"ODV25DBEBS00014";4500;27;"federicomodonesi";" ";;"N";"N";
"DBELE";"ODV25DBEBS00014";5000;10;;" ";;"N";"N";
"DBELE";"ODV25DBEBS00014";6000;27;"EnricoCiscato";" ";;"N";"N";
"DBELE";"ODV25DBEBS00014";7000;27;"EnricoCiscato";" ";;"N";"N";
"DBELE";"ODV25DBEBS00014";7500;27;"federicomodonesi";" ";;"N";"N";
"DBELE";"ODV25DBEBS00014";8000;27;"EnricoCiscato";" ";;"N";"N";
"DBELE";"ODV25DBEBS00015";1000;27;"StefanoVanuzzo";" ";;"N";"N";
"DBELE";"ODV25DBEBS00015";2000;45;"EnricoCiscato";" ";;"N";"N";
"DBELE";"ODV25DBEBS00015";3000;45;"EnricoCiscato";" ";;"N";"N";
"DBELE";"ODV25DBEBS00015";4000;45;"EnricoCiscato";" ";;"N";"N";
"DBELE";"ODV25DBEBS00015";5000;45;"EnricoCiscato";" ";;"N";"N";
"DBELE";"ODV25DBEBS00015";6000;45;"EnricoCiscato";" ";;"N";"N";
"DBELE";"ODV25DBEBS00015";7000;45;"EnricoCiscato";" ";;"N";"N";
"DBELE";"ODV25DBEBS00016";1000;20;"lucabressana";" ";"Ch. 41 ATSC 1.0 - M-1011-0152 (MOT20A)";"S";"N";
"DBELE";"ODV25DBEBS00017";1000;20;"lucabressana";" ";"Ch. 36 PAL B/G - DVB-T2 (per sostituzione driver su TX SFT351UBA_ARKX_X2D_X2D_B8A_SD)";"S";"N";
"DBELE";"ODV25DBEBS00018";1000;50;"lucabressana";" ";"Ch. 18 ATSC 1.0/NTSC - 220V/110V 1P 60Hz";"S";"N";
"DBELE";"ODV25DBEBS00032";1000;20;"lucabressana";" ";;"N";"N";
"DBELE";"ODV25DBEBS00032";2000;20;"lucabressana";" ";;"N";"N";
"DBELE";"ODV25DBEBS00032";2500;10;;" ";;"N";"N";
"DBELE";"ODV25DBEBS00032";3000;10;;" ";;"N";"N";
"DBELE";"ODV25DBEBS00032";4000;10;;" ";;"N";"N";
"DBELE";"ODV25DBEBS00033";1000;45;"federicomodonesi";" ";;"N";"N";
"DBELE";"ODV25DBEBS00034";1000;20;"simonebontempi";" ";"Ch. 13 NTSC";"S";"N";
"DBELE";"ODV25DBEBS00035";1000;35;"simonebontempi";" ";;"N";"N";
"DBELE";"ODV25DBEBS00036";1000;20;"lucabressana";" ";"Per SCA202FB - 1218-47944
Ch. 5 - M6I700";"S";"N";
"DBELE";"ODV25DBEBS00037";1000;20;"simonebontempi";" ";;"N";"N";
"DBELE";"ODV25DBEBS00038";1000;35;"simonebontempi";" ";;"N";"N";
"DBELE";"ODV25DBEBS00039";1000;20;"simonebontempi";" ";"Per S/N 2404-64466 – 9TRAS1235 (SFTDAB600_ARKX_XEA_C).";"S";"N";
"DBELE";"ODV25DBEBS00040";1000;20;"danieledotti";" ";;"N";"N";
"DBELE";"ODV25DBEBS00040";2000;45;"federicomodonesi";" ";;"N";"N";
"DBELE";"ODV25DBEBS00040";3000;45;"federicomodonesi";" ";;"N";"N";
"DBELE";"ODV25DBEBS00041";1000;20;"carlosdasilva";" ";;"N";"N";
"DBELE";"ODV25DBEBS00042";1000;27;"federicomodonesi";" ";;"N";"N";
"DBELE";"ODV25DBEBS00042";2000;20;"simonebontempi";" ";;"N";"N";
"DBELE";"ODV25DBEBS00044";1000;50;"lucabressana";" ";"Ch. 45 PAL D/K - DVB-T - 220V 1P";"S";"N";
"DBELE";"ODV25DBEBS00045";1000;20;"simonebontempi";" ";"per 1837-57696 - SFTDAB600 (M6V700)";"S";"N";
"DBELE";"ODV25DBEBS00046";1000;10;;" ";;"N";"N";
"DBELE";"ODV25DBEBS00046";2000;10;;" ";;"N";"N";
"DBELE";"ODV25DBEBS00047";1000;10;;" ";;"N";"N";
"DBELE";"ODV25DBEBS00048";1000;10;;" ";;"N";"N";
"DBELE";"ODV25DBEBS00049";1000;10;;" ";;"N";"N";
"DBELE";"ODV25DBEBS00050";1000;10;;" ";;"N";"N";
"DBELE";"ODV25DBEBS00050";2000;10;;" ";;"N";"N";
"DBELE";"ODV25DBEBS00051";1000;10;;" ";;"N";"N";
"DBELE";"ODV25DBEBS00052";1000;10;;" ";;"N";"N";
"DBELE";"ODV25DBEBS00052";2000;10;;" ";;"N";"N";
"DBELE";"ODV25DBEBS00052";3000;10;;" ";;"N";"N";
"DBELE";"ODV25DBEBS00052";4000;10;;" ";;"N";"N";
"DBELE";"ODV25DBEBS00052";5000;10;;" ";;"N";"N";
"DBELE";"ODV25DBEBS00052";6000;10;;" ";;"N";"N";
"DBELE";"ODV25DBEBS00052";7000;10;;" ";;"N";"N";
"DBELE";"ODV25DBEBS00053";1000;10;;" ";;"N";"N";
"DBELE";"ODV25DBEBS00053";2000;10;;" ";;"N";"N";
"DBELE";"ODV25DBEBS00053";3000;10;;" ";;"N";"N";
"DBELE";"ODV25DBEBS00054";1000;10;;" ";;"N";"N";
"DBELE";"ODV25DBEBS00054";2000;10;;" ";;"N";"N";
"DBELE";"ODV25DBEBS00054";3000;10;;" ";;"N";"N";
"DBELE";"ODV25DBEBS00054";4000;10;;" ";;"N";"N";
"DBELE";"ODV25DBEBS00054";5000;10;;" ";;"N";"N";
"DBELE";"ODV25DBEBS00054";6000;10;;" ";;"N";"N";
"DBELE";"ODV25DBEBS00055";1000;10;;" ";;"N";"N";
"DBELE";"ODV25DBEBS00055";2000;10;;" ";;"N";"N";
"DBELE";"ODV25DBEBS00056";1000;10;;" ";;"N";"N";
"DBELE";"ODV25DBEBS00057";1000;10;;" ";;"N";"N";
"DBELE";"ODV25DBEBS00058";1000;10;;" ";;"N";"N";
"DBELE";"ODV25DBEPD00002";1000;27;"StefanoVanuzzo";" ";;"N";"N";
"DBELE";"ODV25DBEPD00002";2000;27;"StefanoVanuzzo";" ";;"N";"N";
"DBELE";"ODV25DBEPD00002";3000;27;"StefanoVanuzzo";" ";;"N";"N";
"DBELE";"ODV25DBEPD00002";4000;27;"StefanoVanuzzo";" ";;"N";"N";
"DBELE";"ODV25DBEPD00002";5000;27;"StefanoVanuzzo";" ";;"N";"N";
"DBELE";"ODV25DBEPD00002";6000;27;"StefanoVanuzzo";" ";;"N";"N";
"DBELE";"ODV25DBEPD00002";7000;27;"StefanoVanuzzo";" ";;"N";"N";
"DBELE";"ODV25DBEPD00004";1000;50;"StefanoVanuzzo";" ";;"N";"N";
"DBELE";"ODV25DBEPD00004";2000;27;"EnricoCiscato";" ";;"N";"N";
"DBELE";"ODV25DBEPD00005";1000;50;"StefanoVanuzzo";" ";;"N";"N";
"DBELE";"ODV25DBEPD00006";1000;27;"StefanoVanuzzo";" ";;"N";"N";
"DBELE";"ODV25DBEPD00006";2000;45;"EnricoCiscato";" ";;"N";"N";
"DBELE";"ODV25DBEPD00006";3000;45;"EnricoCiscato";" ";;"N";"N";
"DBELE";"ODV25DBEPD00006";4000;45;"EnricoCiscato";" ";;"N";"N";
"DBELE";"ODV25DBEPD00006";5000;20;"LorenzoTasca";" ";;"N";"N";
"DBELE";"ODV25DBEPD00006";6000;20;"LorenzoTasca";" ";;"N";"N";
"DBELE";"ODV25DBEPD00007";1000;27;"StefanoVanuzzo";" ";;"N";"N";
"DBELE";"ODV25DBEPD00008";2000;50;"StefanoVanuzzo";" ";;"N";"N";
"DBELE";"ODV25DBEPD00008";3000;10;;" ";;"N";"N";
"DBELE";"ODV25DBEPD00008";4000;50;"StefanoVanuzzo";" ";;"N";"N";
"DBELE";"ODV25DBEPD00009";1000;20;"LorenzoTasca";" ";;"N";"N";
"DBELE";"ODV25DBEPD00009";2000;50;"StefanoVanuzzo";" ";;"N";"N";
"DBELE";"ODV25DBEPD00010";1000;20;"LorenzoTasca";" ";;"N";"N";
"DBELE";"ODV25DBEPD00010";2000;50;"StefanoVanuzzo";" ";;"N";"N";
"DBELE";"ODV25DBEPD00011";1000;50;"StefanoVanuzzo";" ";;"N";"N";
"DBELE";"ODV25DBEPD00011";2000;27;"LorenzoTasca";" ";;"N";"N";
"DBELE";"ODV25DBEPD00011";3000;27;"StefanoVanuzzo";" ";;"N";"N";
"DBELE";"ODV25DBEPD00012";1000;27;"StefanoVanuzzo";" ";;"N";"N";
"DBELE";"ODV25DBEPD00013";1000;27;"StefanoVanuzzo";" ";;"N";"N";
"DBELE";"ODV25DBEPD00013";2000;27;"StefanoVanuzzo";" ";;"N";"N";
"DBELE";"ODV25DBEPD00013";3000;27;"StefanoVanuzzo";" ";;"N";"N";
"DBELE";"ODV25DBEPD00014";1000;50;"StefanoVanuzzo";" ";;"N";"N";
"DBELE";"ODV25DBEPD00014";2000;50;"StefanoVanuzzo";" ";;"N";"N";
"DBELE";"ODV25DBEPD00014";3000;50;"StefanoVanuzzo";" ";;"N";"N";
"DBELE";"ODV25DBEPD00014";4000;50;"StefanoVanuzzo";" ";;"N";"N";
"DBELE";"ODV25DBEPD00015";1000;27;"StefanoVanuzzo";" ";;"N";"N";
"DBELE";"ODV25DBEPD00016";1000;25;"LorenzoTasca";" ";;"N";"N";
"DBELE";"ODV25DBEPD00017";2000;50;"StefanoVanuzzo";" ";;"N";"N";
"DBELE";"ODV25DBEPD00018";1000;20;"LorenzoTasca";" ";;"N";"N";
"DBELE";"ODV25DBEPD00019";1000;50;"StefanoVanuzzo";" ";;"N";"N";
"DBELE";"ODV25DBEPD00020";1000;30;"LorenzoTasca";" ";;"N";"N";
"DBELE";"ODV25DBEPD00021";1000;50;"StefanoVanuzzo";" ";;"N";"N";
"DBELE";"ODV25DBEPD00022";1000;50;"StefanoVanuzzo";" ";;"N";"N";
"DBELE";"ODV25DBEPD00022";2000;50;"StefanoVanuzzo";" ";;"N";"N";
"DBELE";"ODV25DBEPD00022";3000;50;"StefanoVanuzzo";" ";;"N";"N";
"DBELE";"ODV25DBEPD00022";4000;50;"StefanoVanuzzo";" ";;"N";"N";
"DBELE";"ODV25DBEPD00023";1000;50;"StefanoVanuzzo";" ";;"N";"N";
"DBELE";"ODV25DBEPD00024";1000;50;"StefanoVanuzzo";" ";;"N";"N";
"DBELE";"ODV25DBEPD00025";1000;50;"StefanoVanuzzo";" ";;"N";"N";
"DBELE";"ODV25DBEPD00026";1000;45;"EnricoCiscato";" ";;"N";"N";
"DBELE";"ODV25DBEPD00026";2000;45;"EnricoCiscato";" ";;"N";"N";
"DBELE";"ODV25DBEPD00026";3000;27;"StefanoVanuzzo";" ";;"N";"N";
"DBELE";"ODV25DBEPD00027";1000;50;"StefanoVanuzzo";" ";;"N";"N";
"DBELE";"ODV25DBEPD00028";1000;27;"StefanoVanuzzo";" ";;"N";"N";
"DBELE";"ODV25DBEPD00028";2000;27;"StefanoVanuzzo";" ";;"N";"N";
"DBELE";"ODV25DBEPD00028";3000;27;"StefanoVanuzzo";" ";;"N";"N";
"DBELE";"ODV25DBEPD00028";4000;27;"StefanoVanuzzo";" ";;"N";"N";
"DBELE";"ODV25DBEPD00028";5000;27;"StefanoVanuzzo";" ";;"N";"N";
"DBELE";"ODV25DBEPD00029";1000;50;"StefanoVanuzzo";" ";;"N";"N";
"DBELE";"ODV25DBEPD00029";2000;27;"StefanoVanuzzo";" ";;"N";"N";
"DBELE";"ODV25DBEPD00030";1000;27;"StefanoVanuzzo";" ";;"N";"N";
"DBELE";"ODV25DBEPD00031";1000;50;"StefanoVanuzzo";" ";;"N";"N";
"DBELE";"ODV25DBEPD00032";1000;50;"StefanoVanuzzo";" ";;"N";"N";
"DBELE";"ODV25DBEPD00033";1000;50;"StefanoVanuzzo";" ";;"N";"N";
"DBELE";"ODV25DBEPD00034";1000;50;"StefanoVanuzzo";" ";;"N";"N";
"DBELE";"ODV25DBEPD00035";1000;30;"LorenzoTasca";" ";;"N";"N";
"DBELE";"ODV25DBEPD00035";1500;50;"StefanoVanuzzo";" ";;"N";"N";
"DBELE";"ODV25DBEPD00035";2000;50;"StefanoVanuzzo";" ";;"N";"N";
"DBELE";"ODV25DBEPD00035";3000;50;"StefanoVanuzzo";" ";;"N";"N";
"DBELE";"ODV25DBEPD00035";4000;30;"LorenzoTasca";" ";;"N";"N";
"DBELE";"ODV25DBEPD00035";4500;50;"StefanoVanuzzo";" ";;"N";"N";
"DBELE";"ODV25DBEPD00035";5000;50;"StefanoVanuzzo";" ";;"N";"N";
"DBELE";"ODV25DBEPD00035";6000;30;"LorenzoTasca";" ";;"N";"N";
"DBELE";"ODV25DBEPD00035";6500;50;"StefanoVanuzzo";" ";;"N";"N";
"DBELE";"ODV25DBEPD00035";7000;50;"StefanoVanuzzo";" ";;"N";"N";
"DBELE";"ODV25DBEPD00035";8000;30;"LorenzoTasca";" ";;"N";"N";
"DBELE";"ODV25DBEPD00035";8500;50;"StefanoVanuzzo";" ";;"N";"N";
"DBELE";"ODV25DBEPD00035";9000;50;"StefanoVanuzzo";" ";;"N";"N";
"DBELE";"ODV25DBEPD00036";1000;27;"StefanoVanuzzo";" ";;"N";"N";
"DBELE";"ODV25DBEPD00036";2000;27;"StefanoVanuzzo";" ";;"N";"N";
"DBELE";"ODV25DBEPD00036";3000;27;"StefanoVanuzzo";" ";;"N";"N";
"DBELE";"ODV25DBEPD00037";1000;20;"LorenzoTasca";" ";;"N";"N";
"DBELE";"ODV25DBEPD00038";1000;30;"LorenzoTasca";" ";;"N";"N";
"DBELE";"ODV25DBEPD00038";2000;50;"StefanoVanuzzo";" ";;"N";"N";
"DBELE";"ODV25DBEPD00039";1000;27;"StefanoVanuzzo";" ";;"N";"N";
"DBELE";"ODV25DBEPD00040";1000;50;"StefanoVanuzzo";" ";;"N";"N";
"DBELE";"ODV25DBEPD00041";1000;50;"StefanoVanuzzo";" ";;"N";"N";
"DBELE";"ODV25DBEPD00042";1000;50;"StefanoVanuzzo";" ";;"N";"N";
"DBELE";"ODV25DBEPD00042";2000;45;"EnricoCiscato";" ";;"N";"N";
"DBELE";"ODV25DBEPD00042";3000;45;"EnricoCiscato";" ";;"N";"N";
"DBELE";"ODV25DBEPD00042";4000;45;"EnricoCiscato";" ";;"N";"N";
"DBELE";"ODV25DBEPD00042";5000;45;"EnricoCiscato";" ";;"N";"N";
"DBELE";"ODV25DBEPD00042";6000;45;"EnricoCiscato";" ";;"N";"N";
"DBELE";"ODV25DBEPD00042";7000;45;"EnricoCiscato";" ";;"N";"N";
"DBELE";"ODV25DBEPD00042";8000;45;"EnricoCiscato";" ";;"N";"N";
"DBELE";"ODV25DBEPD00043";1000;50;"StefanoVanuzzo";" ";;"N";"N";
"DBELE";"ODV25DBEPD00044";1000;27;"StefanoVanuzzo";" ";;"N";"N";
"DBELE";"ODV25DBEPD00044";2000;45;"EnricoCiscato";" ";;"N";"N";
"DBELE";"ODV25DBEPD00044";3000;45;"EnricoCiscato";" ";;"N";"N";
"DBELE";"ODV25DBEPD00044";4000;45;"EnricoCiscato";" ";;"N";"N";
"DBELE";"ODV25DBEPD00044";5000;45;"EnricoCiscato";" ";;"N";"N";
"DBELE";"ODV25DBEPD00044";6000;45;"EnricoCiscato";" ";;"N";"N";
"DBELE";"ODV25DBEPD00044";7000;45;"EnricoCiscato";" ";;"N";"N";
"DBELE";"ODV25DBEPD00045";1000;50;"StefanoVanuzzo";" ";;"N";"N";
"DBELE";"ODV25DBEPD00045";2000;50;"StefanoVanuzzo";" ";;"N";"N";
"DBELE";"ODV25DBEPD00045";3000;50;"StefanoVanuzzo";" ";;"N";"N";
"DBELE";"ODV25DBEPD00046";1000;30;"LorenzoTasca";" ";;"N";"N";
"DBELE";"ODV25DBEPD00047";1000;27;"StefanoVanuzzo";" ";;"N";"N";
"DBELE";"ODV25DBEPD00048";1000;20;"LorenzoTasca";" ";;"N";"N";
"DBELE";"ODV25DBEPD00048";2000;20;"LorenzoTasca";" ";;"N";"N";
"DBELE";"ODV25DBEPD00048";3000;50;"StefanoVanuzzo";" ";;"N";"N";
"DBELE";"ODV25DBEPD00048";4000;50;"StefanoVanuzzo";" ";;"N";"N";
"DBELE";"ODV25DBEPD00049";1000;20;"LorenzoTasca";" ";;"N";"N";
"DBELE";"ODV25DBEPD00049";2000;50;"StefanoVanuzzo";" ";;"N";"N";
"DBELE";"ODV25DBEPD00051";1000;50;"StefanoVanuzzo";" ";;"N";"N";
"DBELE";"ODV25DBEPD00051";2000;50;"StefanoVanuzzo";" ";;"N";"N";
"DBELE";"ODV25DBEPD00051";4000;35;"FedericaFavero";" ";;"N";"N";
"DBELE";"ODV25DBEPD00051";5000;35;"FedericaFavero";" ";;"N";"N";
"DBELE";"ODV25DBEPD00052";500;35;"FedericaFavero";" ";;"N";"N";
"DBELE";"ODV25DBEPD00052";1000;50;"StefanoVanuzzo";" ";;"N";"N";
"DBELE";"ODV25DBEPD00052";2000;50;"StefanoVanuzzo";" ";;"N";"N";
"DBELE";"ODV25DBEPD00052";3000;35;"FedericaFavero";" ";;"N";"N";
"DBELE";"ODV25DBEPD00053";1000;50;"StefanoVanuzzo";" ";;"N";"N";
"DBELE";"ODV25DBEPD00054";1000;27;"StefanoVanuzzo";" ";;"N";"N";
"DBELE";"ODV25DBEPD00055";1000;50;"StefanoVanuzzo";" ";;"N";"N";
"DBELE";"ODV25DBEPD00055";2000;27;"StefanoVanuzzo";" ";;"N";"N";
"DBELE";"ODV25DBEPD00056";2000;50;"StefanoVanuzzo";" ";;"N";"N";
"DBELE";"ODV25DBEPD00057";1000;50;"StefanoVanuzzo";" ";;"N";"N";
"DBELE";"ODV25DBEPD00057";2000;50;"StefanoVanuzzo";" ";;"N";"N";
"DBELE";"ODV25DBEPD00059";1000;27;"StefanoVanuzzo";" ";;"N";"N";
"DBELE";"ODV25DBEPD00060";1000;50;"StefanoVanuzzo";" ";;"N";"N";
"DBELE";"ODV25DBEPD00060";2000;50;"StefanoVanuzzo";" ";;"N";"N";
"DBELE";"ODV25DBEPD00061";1000;20;"LorenzoTasca";" ";;"N";"N";
"DBELE";"ODV25DBEPD00062";1000;45;"EnricoCiscato";" ";;"N";"N";
"DBELE";"ODV25DBEPD00062";2000;45;"EnricoCiscato";" ";;"N";"N";
"DBELE";"ODV25DBEPD00062";3000;45;"EnricoCiscato";" ";;"N";"N";
"DBELE";"ODV25DBEPD00062";4000;45;"EnricoCiscato";" ";;"N";"N";
"DBELE";"ODV25DBEPD00063";1000;35;"FedericaFavero";" ";;"N";"N";
"DBELE";"ODV25DBEPD00063";2000;35;"FedericaFavero";" ";;"N";"N";
"DBELE";"ODV25DBEPD00063";3000;35;"FedericaFavero";" ";;"N";"N";
"DBELE";"ODV25DBEPD00063";4000;35;"FedericaFavero";" ";;"N";"N";
"DBELE";"ODV25DBEPD00063";5000;35;"FedericaFavero";" ";;"N";"N";
"DBELE";"ODV25DBEPD00063";6000;35;"FedericaFavero";" ";;"N";"N";
"DBELE";"ODV25DBEPD00063";7000;35;"FedericaFavero";" ";;"N";"N";
"DBELE";"ODV25DBEPD00063";7333;35;"FedericaFavero";" ";;"N";"N";
"DBELE";"ODV25DBEPD00063";7666;35;"FedericaFavero";" ";;"N";"N";
"DBELE";"ODV25DBEPD00063";8000;35;"FedericaFavero";" ";;"N";"N";
"DBELE";"ODV25DBEPD00063";9000;35;"FedericaFavero";" ";;"N";"N";
"DBELE";"ODV25DBEPD00063";10000;35;"FedericaFavero";" ";;"N";"N";
"DBELE";"ODV25DBEPD00063";11000;35;"FedericaFavero";" ";;"N";"N";
"DBELE";"ODV25DBEPD00063";12000;35;"FedericaFavero";" ";;"N";"N";
"DBELE";"ODV25DBEPD00063";13000;35;"FedericaFavero";" ";;"N";"N";
"DBELE";"ODV25DBEPD00063";14000;35;"FedericaFavero";" ";;"N";"N";
"DBELE";"ODV25DBEPD00063";15000;35;"FedericaFavero";" ";;"N";"N";
"DBELE";"ODV25DBEPD00063";16000;35;"FedericaFavero";" ";;"N";"N";
"DBELE";"ODV25DBEPD00063";17000;35;"FedericaFavero";" ";;"N";"N";
"DBELE";"ODV25DBEPD00063";18000;35;"FedericaFavero";" ";;"N";"N";
"DBELE";"ODV25DBEPD00063";19000;35;"FedericaFavero";" ";;"N";"N";
"DBELE";"ODV25DBEPD00064";1000;50;"StefanoVanuzzo";" ";;"N";"N";
"DBELE";"ODV25DBEPD00064";2000;27;"StefanoVanuzzo";" ";;"N";"N";
"DBELE";"ODV25DBEPD00064";3000;27;"StefanoVanuzzo";" ";;"N";"N";
"DBELE";"ODV25DBEPD00064";4000;27;"StefanoVanuzzo";" ";;"N";"N";
"DBELE";"ODV25DBEPD00064";5000;27;"StefanoVanuzzo";" ";;"N";"N";
"DBELE";"ODV25DBEPD00065";1000;35;"FedericaFavero";" ";;"N";"N";
"DBELE";"ODV25DBEPD00065";2000;35;"FedericaFavero";" ";;"N";"N";
"DBELE";"ODV25DBEPD00065";3000;35;"FedericaFavero";" ";;"N";"N";
"DBELE";"ODV25DBEPD00065";4000;35;"FedericaFavero";" ";;"N";"N";
"DBELE";"ODV25DBEPD00065";4500;35;"FedericaFavero";" ";;"N";"N";
"DBELE";"ODV25DBEPD00065";5000;35;"FedericaFavero";" ";;"N";"N";
"DBELE";"ODV25DBEPD00065";5500;35;"FedericaFavero";" ";;"N";"N";
"DBELE";"ODV25DBEPD00065";6000;35;"FedericaFavero";" ";;"N";"N";
"DBELE";"ODV25DBEPD00065";7000;35;"FedericaFavero";" ";;"N";"N";
"DBELE";"ODV25DBEPD00065";7333;10;;" ";;"N";"N";
"DBELE";"ODV25DBEPD00065";7666;10;;" ";;"N";"N";
"DBELE";"ODV25DBEPD00065";8000;35;"FedericaFavero";" ";;"N";"N";
"DBELE";"ODV25DBEPD00065";9000;35;"FedericaFavero";" ";;"N";"N";
"DBELE";"ODV25DBEPD00065";10000;35;"FedericaFavero";" ";;"N";"N";
"DBELE";"ODV25DBEPD00065";11000;10;;" ";;"N";"N";
"DBELE";"ODV25DBEPD00065";12000;35;"FedericaFavero";" ";;"N";"N";
"DBELE";"ODV25DBEPD00065";13000;35;"FedericaFavero";" ";;"N";"N";
"DBELE";"ODV25DBEPD00065";14000;35;"FedericaFavero";" ";;"N";"N";
"DBELE";"ODV25DBEPD00065";15000;35;"FedericaFavero";" ";;"N";"N";
"DBELE";"ODV25DBEPD00065";16000;35;"FedericaFavero";" ";;"N";"N";
"DBELE";"ODV25DBEPD00065";17000;35;"FedericaFavero";" ";;"N";"N";
"DBELE";"ODV25DBEPD00065";18000;35;"FedericaFavero";" ";;"N";"N";
"DBELE";"ODV25DBEPD00066";1000;27;"StefanoVanuzzo";" ";;"N";"N";
"DBELE";"ODV25DBEPD00067";1000;20;"LorenzoTasca";" ";;"N";"N";
"DBELE";"ODV25DBEPD00067";2000;20;"LorenzoTasca";" ";;"N";"N";
"DBELE";"ODV25DBEPD00068";1000;50;"StefanoVanuzzo";" ";;"N";"N";
"DBELE";"ODV25DBEPD00069";1000;50;"StefanoVanuzzo";" ";;"N";"N";
"DBELE";"ODV25DBEPD00069";3000;20;"LorenzoTasca";" ";;"N";"N";
"DBELE";"ODV25DBEPD00070";1000;10;;" ";;"N";"N";
"DBELE";"ODV25DBEPD00071";1000;50;"StefanoVanuzzo";" ";;"N";"N";
"DBELE";"ODV25DBEPD00071";2000;50;"StefanoVanuzzo";" ";;"N";"N";
"DBELE";"ODV25DBEPD00071";3000;50;"StefanoVanuzzo";" ";;"N";"N";
"DBELE";"ODV25DBEPD00071";4000;50;"StefanoVanuzzo";" ";;"N";"N";
"DBELE";"ODV25DBEPD00072";1000;50;"StefanoVanuzzo";" ";;"N";"N";
"DBELE";"ODV25DBEPD00073";500;27;"StefanoVanuzzo";" ";;"N";"N";
"DBELE";"ODV25DBEPD00073";1000;50;"StefanoVanuzzo";" ";;"N";"N";
"DBELE";"ODV25DBEPD00073";1500;27;"StefanoVanuzzo";" ";;"N";"N";
"DBELE";"ODV25DBEPD00073";2000;50;"StefanoVanuzzo";" ";;"N";"N";
"DBELE";"ODV25DBEPD00073";3000;50;"StefanoVanuzzo";" ";;"N";"N";
"DBELE";"ODV25DBEPD00073";4000;27;"StefanoVanuzzo";" ";;"N";"N";
"DBELE";"ODV25DBEPD00073";5000;45;"EnricoCiscato";" ";;"N";"N";
"DBELE";"ODV25DBEPD00074";500;20;"LorenzoTasca";" ";;"N";"N";
"DBELE";"ODV25DBEPD00074";1000;20;"LorenzoTasca";" ";;"N";"N";
"DBELE";"ODV25DBEPD00074";2000;20;"LorenzoTasca";" ";;"N";"N";
"DBELE";"ODV25DBEPD00074";3000;27;"StefanoVanuzzo";" ";;"N";"N";
"DBELE";"ODV25DBEPD00074";4000;27;"StefanoVanuzzo";" ";;"N";"N";
"DBELE";"ODV25DBEPD00074";5000;27;"StefanoVanuzzo";" ";;"N";"N";
"DBELE";"ODV25DBEPD00074";6000;27;"StefanoVanuzzo";" ";;"N";"N";
"DBELE";"ODV25DBEPD00074";7000;27;"StefanoVanuzzo";" ";;"N";"N";
"DBELE";"ODV25DBEPD00074";8000;27;"StefanoVanuzzo";" ";;"N";"N";
"DBELE";"ODV25DBEPD00074";9000;27;"StefanoVanuzzo";" ";;"N";"N";
"DBELE";"ODV25DBEPD00074";10000;27;"StefanoVanuzzo";" ";;"N";"N";
"DBELE";"ODV25DBEPD00074";11000;27;"StefanoVanuzzo";" ";;"N";"N";
"DBELE";"ODV25DBEPD00075";1000;50;"StefanoVanuzzo";" ";;"N";"N";
"DBELE";"ODV25DBEPD00075";2000;50;"StefanoVanuzzo";" ";;"N";"N";
"DBELE";"ODV25DBEPD00076";1000;50;"StefanoVanuzzo";" ";;"N";"N";
"DBELE";"ODV25DBEPD00076";2000;50;"StefanoVanuzzo";" ";;"N";"N";
"DBELE";"ODV25DBEPD00076";3000;50;"StefanoVanuzzo";" ";;"N";"N";
"DBELE";"ODV25DBEPD00076";4000;50;"StefanoVanuzzo";" ";;"N";"N";
"DBELE";"ODV25DBEPD00076";5000;50;"StefanoVanuzzo";" ";;"N";"N";
"DBELE";"ODV25DBEPD00076";6000;50;"StefanoVanuzzo";" ";;"N";"N";
"DBELE";"ODV25DBEPD00077";1000;20;"LorenzoTasca";" ";;"N";"N";
"DBELE";"ODV25DBEPD00077";3000;20;"LorenzoTasca";" ";;"N";"N";
"DBELE";"ODV25DBEPD00078";1000;20;"LorenzoTasca";" ";;"N";"N";
"DBELE";"ODV25DBEPD00078";2000;20;"LorenzoTasca";" ";;"N";"N";
"DBELE";"ODV25DBEPD00078";3000;20;"LorenzoTasca";" ";;"N";"N";
"DBELE";"ODV25DBEPD00080";1000;50;"StefanoVanuzzo";" ";;"N";"N";
"DBELE";"ODV25DBEPD00080";2000;27;"StefanoVanuzzo";" ";;"N";"N";
"DBELE";"ODV25DBEPD00080";3000;50;"StefanoVanuzzo";" ";;"N";"N";
"DBELE";"ODV25DBEPD00082";1000;35;"FedericaFavero";" ";;"N";"N";
"DBELE";"ODV25DBEPD00082";2000;35;"FedericaFavero";" ";;"N";"N";
"DBELE";"ODV25DBEPD00083";1000;50;"StefanoVanuzzo";" ";;"N";"N";
"DBELE";"ODV25DBEPD00085";1000;50;"StefanoVanuzzo";" ";;"N";"N";
"DBELE";"ODV25DBEPD00085";2000;50;"StefanoVanuzzo";" ";;"N";"N";
"DBELE";"ODV25DBEPD00086";1000;27;"StefanoVanuzzo";" ";;"N";"N";
"DBELE";"ODV25DBEPD00086";2000;27;"StefanoVanuzzo";" ";;"N";"N";
"DBELE";"ODV25DBEPD00087";1000;50;"StefanoVanuzzo";" ";;"N";"N";
"DBELE";"ODV25DBEPD00087";2000;50;"StefanoVanuzzo";" ";;"N";"N";
"DBELE";"ODV25DBEPD00087";3000;20;"ilaria.cavinato";" ";;"N";"N";
"DBELE";"ODV25DBEPD00087";4000;50;"StefanoVanuzzo";" ";;"N";"N";
"DBELE";"ODV25DBEPD00088";1000;20;"LorenzoTasca";" ";;"N";"N";
"DBELE";"ODV25DBEPD00088";2000;27;"EnricoCiscato";" ";;"N";"N";
"DBELE";"ODV25DBEPD00088";3000;20;"LorenzoTasca";" ";;"N";"N";
"DBELE";"ODV25DBEPD00088";4000;20;"LorenzoTasca";" ";;"N";"N";
"DBELE";"ODV25DBEPD00088";5000;20;"LorenzoTasca";" ";;"N";"N";
"DBELE";"ODV25DBEPD00089";1000;50;"StefanoVanuzzo";" ";;"N";"N";
"DBELE";"ODV25DBEPD00089";2000;50;"StefanoVanuzzo";" ";;"N";"N";
"DBELE";"ODV25DBEPD00089";3000;50;"StefanoVanuzzo";" ";;"N";"N";
"DBELE";"ODV25DBEPD00089";4000;50;"StefanoVanuzzo";" ";;"N";"N";
"DBELE";"ODV25DBEPD00089";5000;50;"StefanoVanuzzo";" ";;"N";"N";
"DBELE";"ODV25DBEPD00089";6000;50;"StefanoVanuzzo";" ";;"N";"N";
"DBELE";"ODV25DBEPD00090";1000;20;"LorenzoTasca";" ";;"N";"N";
"DBELE";"ODV25DBEPD00090";2000;20;"LorenzoTasca";" ";;"N";"N";
"DBELE";"ODV25DBEPD00091";1000;50;"StefanoVanuzzo";" ";;"N";"N";
"DBELE";"ODV25DBEPD00091";2000;50;"StefanoVanuzzo";" ";;"N";"N";
"DBELE";"ODV25DBEPD00092";1000;10;;" ";;"N";"N";
"DBELE";"ODV25DBEPD00093";1000;10;;" ";;"N";"N";
"DBELE";"ODV25DBEPD00094";1000;50;"StefanoVanuzzo";" ";;"N";"N";
"DBELE";"ODV25DBEPD00094";2000;50;"StefanoVanuzzo";" ";;"N";"N";
"DBELE";"ODV25DBEPD00095";1000;27;"StefanoVanuzzo";" ";;"N";"N";
"DBELE";"ODV25DBEPD00095";3000;27;"StefanoVanuzzo";" ";;"N";"N";
"DBELE";"ODV25DBEPD00095";4000;45;"EnricoCiscato";" ";;"N";"N";
"DBELE";"ODV25DBEPD00096";1000;20;"LorenzoTasca";" ";;"N";"N";
"DBELE";"ODV25DBEPD00097";1000;20;"LorenzoTasca";" ";;"N";"N";
"DBELE";"ODV25DBEPD00097";2000;45;"EnricoCiscato";" ";;"N";"N";
"DBELE";"ODV25DBEPD00097";3000;45;"EnricoCiscato";" ";;"N";"N";
"DBELE";"ODV25DBEPD00097";4000;45;"EnricoCiscato";" ";;"N";"N";
"DBELE";"ODV25DBEPD00097";5000;45;"EnricoCiscato";" ";;"N";"N";
"DBELE";"ODV25DBEPD00097";6000;20;"LorenzoTasca";" ";;"N";"N";
"DBELE";"ODV25DBEPD00097";7000;20;"LorenzoTasca";" ";;"N";"N";
"DBELE";"ODV25DBEPD00098";1000;50;"StefanoVanuzzo";" ";;"N";"N";
"DBELE";"ODV25DBEPD00098";2000;50;"StefanoVanuzzo";" ";;"N";"N";
"DBELE";"ODV25DBEPD00098";3000;50;"StefanoVanuzzo";" ";;"N";"N";
"DBELE";"ODV25DBEPD00098";4000;50;"StefanoVanuzzo";" ";;"N";"N";
"DBELE";"ODV25DBEPD00098";5000;50;"StefanoVanuzzo";" ";;"N";"N";
"DBELE";"ODV25DBEPD00098";6000;50;"StefanoVanuzzo";" ";;"N";"N";
"DBELE";"ODV25DBEPD00099";1000;50;"StefanoVanuzzo";" ";;"N";"N";
"DBELE";"ODV25DBEPD00100";1000;27;"StefanoVanuzzo";" ";;"N";"N";
"DBELE";"ODV25DBEPD00100";2000;27;"StefanoVanuzzo";" ";;"N";"N";
"DBELE";"ODV25DBEPD00100";3000;27;"StefanoVanuzzo";" ";;"N";"N";
"DBELE";"ODV25DBEPD00101";1000;45;"EnricoCiscato";" ";;"N";"N";
"DBELE";"ODV25DBEPD00102";1000;27;"StefanoVanuzzo";" ";;"N";"N";
"DBELE";"ODV25DBEPD00103";1000;20;"LorenzoTasca";" ";;"N";"N";
"DBELE";"ODV25DBEPD00104";1000;20;"LorenzoTasca";" ";;"N";"N";
"DBELE";"ODV25DBEPD00104";2000;20;"LorenzoTasca";" ";;"N";"N";
"DBELE";"ODV25DBEPD00104";3000;20;"LorenzoTasca";" ";;"N";"N";
"DBELE";"ODV25DBEPD00106";1000;50;"StefanoVanuzzo";" ";;"N";"N";
"DBELE";"ODV25DBEPD00107";1000;50;"StefanoVanuzzo";" ";;"N";"N";
"DBELE";"ODV25DBEPD00107";2000;50;"StefanoVanuzzo";" ";;"N";"N";
"DBELE";"ODV25DBEPD00107";3000;50;"StefanoVanuzzo";" ";;"N";"N";
"DBELE";"ODV25DBEPD00107";4000;35;"FedericaFavero";" ";;"N";"N";
"DBELE";"ODV25DBEPD00108";1000;30;"LorenzoTasca";" ";;"N";"N";
"DBELE";"ODV25DBEPD00108";2000;30;"LorenzoTasca";" ";;"N";"N";
"DBELE";"ODV25DBEPD00108";3000;30;"LorenzoTasca";" ";;"N";"N";
"DBELE";"ODV25DBEPD00108";4000;30;"LorenzoTasca";" ";;"N";"N";
"DBELE";"ODV25DBEPD00108";5000;30;"LorenzoTasca";" ";;"N";"N";
"DBELE";"ODV25DBEPD00109";1000;20;"LorenzoTasca";" ";;"N";"N";
"DBELE";"ODV25DBEPD00109";2000;20;"LorenzoTasca";" ";;"N";"N";
"DBELE";"ODV25DBEPD00109";3000;20;"LorenzoTasca";" ";;"N";"N";
"DBELE";"ODV25DBEPD00109";4000;20;"LorenzoTasca";" ";;"N";"N";
"DBELE";"ODV25DBEPD00109";5000;20;"LorenzoTasca";" ";;"N";"N";
"DBELE";"ODV25DBEPD00109";5500;20;"LorenzoTasca";" ";;"N";"N";
"DBELE";"ODV25DBEPD00109";6000;20;"LorenzoTasca";" ";;"N";"N";
"DBELE";"ODV25DBEPD00109";7000;20;"LorenzoTasca";" ";;"N";"N";
"DBELE";"ODV25DBEPD00109";8000;20;"LorenzoTasca";" ";;"N";"N";
"DBELE";"ODV25DBEPD00109";9000;20;"LorenzoTasca";" ";;"N";"N";
"DBELE";"ODV25DBEPD00110";1000;20;"LorenzoTasca";" ";;"N";"N";
"DBELE";"ODV25DBEPD00110";2000;20;"LorenzoTasca";" ";;"N";"N";
"DBELE";"ODV25DBEPD00111";1000;20;"LorenzoTasca";" ";;"N";"N";
"DBELE";"ODV25DBEPD00111";2000;20;"LorenzoTasca";" ";;"N";"N";
"DBELE";"ODV25DBEPD00112";1000;27;"StefanoVanuzzo";" ";;"N";"N";
"DBELE";"ODV25DBEPD00112";2000;27;"StefanoVanuzzo";" ";;"N";"N";
"DBELE";"ODV25DBEPD00112";3000;27;"StefanoVanuzzo";" ";;"N";"N";
"DBELE";"ODV25DBEPD00112";4000;27;"StefanoVanuzzo";" ";;"N";"N";
"DBELE";"ODV25DBEPD00112";5000;27;"StefanoVanuzzo";" ";;"N";"N";
"DBELE";"ODV25DBEPD00112";6000;27;"StefanoVanuzzo";" ";;"N";"N";
"DBELE";"ODV25DBEPD00112";7000;27;"StefanoVanuzzo";" ";;"N";"N";
"DBELE";"ODV25DBEPD00112";8000;27;"StefanoVanuzzo";" ";;"N";"N";
"DBELE";"ODV25DBEPD00112";9000;27;"StefanoVanuzzo";" ";;"N";"N";
"DBELE";"ODV25DBEPD00112";10000;27;"StefanoVanuzzo";" ";;"N";"N";
"DBELE";"ODV25DBEPD00112";11000;27;"StefanoVanuzzo";" ";;"N";"N";
"DBELE";"ODV25DBEPD00112";12000;27;"StefanoVanuzzo";" ";;"N";"N";
"DBELE";"ODV25DBEPD00112";13000;27;"StefanoVanuzzo";" ";;"N";"N";
"DBELE";"ODV25DBEPD00112";14000;27;"StefanoVanuzzo";" ";;"N";"N";
"DBELE";"ODV25DBEPD00112";15000;27;"StefanoVanuzzo";" ";;"N";"N";
"DBELE";"ODV25DBEPD00113";1000;27;"StefanoVanuzzo";" ";;"N";"N";
"DBELE";"ODV25DBEPD00113";2000;27;"StefanoVanuzzo";" ";;"N";"N";
"DBELE";"ODV25DBEPD00113";3000;27;"StefanoVanuzzo";" ";;"N";"N";
"DBELE";"ODV25DBEPD00113";4000;27;"StefanoVanuzzo";" ";;"N";"N";
"DBELE";"ODV25DBEPD00113";4500;27;"StefanoVanuzzo";" ";;"N";"N";
"DBELE";"ODV25DBEPD00113";5000;27;"StefanoVanuzzo";" ";;"N";"N";
"DBELE";"ODV25DBEPD00113";6000;27;"StefanoVanuzzo";" ";;"N";"N";
"DBELE";"ODV25DBEPD00113";7000;27;"StefanoVanuzzo";" ";;"N";"N";
"DBELE";"ODV25DBEPD00113";8000;27;"StefanoVanuzzo";" ";;"N";"N";
"DBELE";"ODV25DBEPD00113";8500;27;"StefanoVanuzzo";" ";;"N";"N";
"DBELE";"ODV25DBEPD00113";10000;27;"StefanoVanuzzo";" ";;"N";"N";
"DBELE";"ODV25DBEPD00113";11000;27;"StefanoVanuzzo";" ";;"N";"N";
"DBELE";"ODV25DBEPD00113";12000;27;"StefanoVanuzzo";" ";;"N";"N";
"DBELE";"ODV25DBEPD00114";1000;50;"StefanoVanuzzo";" ";;"N";"N";
"DBELE";"ODV25DBEPD00115";1000;25;"LorenzoTasca";" ";;"N";"N";
"DBELE";"ODV25DBEPD00115";2000;25;"StefanoVanuzzo";" ";;"N";"N";
"DBELE";"ODV25DBEPD00116";1000;20;"LorenzoTasca";" ";;"N";"N";
"DBELE";"ODV25DBEPD00116";2000;20;"LorenzoTasca";" ";;"N";"N";
"DBELE";"ODV25DBEPD00116";3000;20;"LorenzoTasca";" ";;"N";"N";
"DBELE";"ODV25DBEPD00116";4000;10;;" ";;"N";"N";
"DBELE";"ODV25DBEPD00116";5000;10;;" ";;"N";"N";
"DBELE";"ODV25DBEPD00117";1000;20;"LorenzoTasca";" ";;"N";"N";
"DBELE";"ODV25DBEPD00117";2000;45;"EnricoCiscato";" ";;"N";"N";
"DBELE";"ODV25DBEPD00117";3000;27;"StefanoVanuzzo";" ";;"N";"N";
"DBELE";"ODV25DBEPD00117";4000;45;"EnricoCiscato";" ";;"N";"N";
"DBELE";"ODV25DBEPD00117";5000;27;"StefanoVanuzzo";" ";;"N";"N";
"DBELE";"ODV25DBEPD00117";6000;45;"EnricoCiscato";" ";;"N";"N";
"DBELE";"ODV25DBEPD00117";7000;45;"EnricoCiscato";" ";;"N";"N";
"DBELE";"ODV25DBEPD00117";8000;45;"EnricoCiscato";" ";;"N";"N";
"DBELE";"ODV25DBEPD00118";1000;27;"StefanoVanuzzo";" ";;"N";"N";
"DBELE";"ODV25DBEPD00118";2000;45;"EnricoCiscato";" ";;"N";"N";
"DBELE";"ODV25DBEPD00118";3000;27;"StefanoVanuzzo";" ";;"N";"N";
"DBELE";"ODV25DBEPD00118";4000;27;"StefanoVanuzzo";" ";;"N";"N";
"DBELE";"ODV25DBEPD00119";1000;50;"StefanoVanuzzo";" ";;"N";"N";
"DBELE";"ODV25DBEPD00119";2000;50;"StefanoVanuzzo";" ";;"N";"N";
"DBELE";"ODV25DBEPD00120";1000;50;"StefanoVanuzzo";" ";;"N";"N";
"DBELE";"ODV25DBEPD00120";2000;50;"StefanoVanuzzo";" ";;"N";"N";
"DBELE";"ODV25DBEPD00120";3000;50;"StefanoVanuzzo";" ";;"N";"N";
"DBELE";"ODV25DBEPD00120";4000;50;"StefanoVanuzzo";" ";;"N";"N";
"DBELE";"ODV25DBEPD00121";1000;50;"StefanoVanuzzo";" ";;"N";"N";
"DBELE";"ODV25DBEPD00121";2000;50;"StefanoVanuzzo";" ";;"N";"N";
"DBELE";"ODV25DBEPD00121";3000;50;"StefanoVanuzzo";" ";;"N";"N";
"DBELE";"ODV25DBEPD00121";4000;50;"StefanoVanuzzo";" ";;"N";"N";
"DBELE";"ODV25DBEPD00121";5000;50;"StefanoVanuzzo";" ";;"N";"N";
"DBELE";"ODV25DBEPD00121";6000;50;"StefanoVanuzzo";" ";;"N";"N";
"DBELE";"ODV25DBEPD00121";7000;50;"StefanoVanuzzo";" ";;"N";"N";
"DBELE";"ODV25DBEPD00121";8000;50;"StefanoVanuzzo";" ";;"N";"N";
"DBELE";"ODV25DBEPD00121";9000;50;"StefanoVanuzzo";" ";;"N";"N";
"DBELE";"ODV25DBEPD00121";10000;50;"StefanoVanuzzo";" ";;"N";"N";
"DBELE";"ODV25DBEPD00121";11000;50;"StefanoVanuzzo";" ";;"N";"N";
"DBELE";"ODV25DBEPD00122";1000;50;"StefanoVanuzzo";" ";;"N";"N";
"DBELE";"ODV25DBEPD00123";1000;20;"LorenzoTasca";" ";;"N";"N";
"DBELE";"ODV25DBEPD00124";1000;20;"LorenzoTasca";" ";;"N";"N";
"DBELE";"ODV25DBEPD00124";2000;20;"LorenzoTasca";" ";;"N";"N";
"DBELE";"ODV25DBEPD00124";3000;50;"StefanoVanuzzo";" ";;"N";"N";
"DBELE";"ODV25DBEPD00124";4000;50;"StefanoVanuzzo";" ";;"N";"N";
"DBELE";"ODV25DBEPD00124";5000;50;"StefanoVanuzzo";" ";;"N";"N";
"DBELE";"ODV25DBEPD00124";6000;50;"StefanoVanuzzo";" ";;"N";"N";
"DBELE";"ODV25DBEPD00126";1000;27;"StefanoVanuzzo";" ";;"N";"N";
"DBELE";"ODV25DBEPD00126";2000;45;"EnricoCiscato";" ";;"N";"N";
"DBELE";"ODV25DBEPD00126";3000;45;"EnricoCiscato";" ";;"N";"N";
"DBELE";"ODV25DBEPD00126";4000;45;"EnricoCiscato";" ";;"N";"N";
"DBELE";"ODV25DBEPD00126";5000;27;"StefanoVanuzzo";" ";;"N";"N";
"DBELE";"ODV25DBEPD00126";6000;27;"StefanoVanuzzo";" ";;"N";"N";
"DBELE";"ODV25DBEPD00128";1000;35;"FedericaFavero";" ";;"N";"N";
"DBELE";"ODV25DBEPD00129";1000;50;"StefanoVanuzzo";" ";;"N";"N";
"DBELE";"ODV25DBEPD00130";1000;27;"StefanoVanuzzo";" ";;"N";"N";
"DBELE";"ODV25DBEPD00130";2000;27;"StefanoVanuzzo";" ";;"N";"N";
"DBELE";"ODV25DBEPD00131";1000;20;"LorenzoTasca";" ";;"N";"N";
"DBELE";"ODV25DBEPD00132";1000;50;"StefanoVanuzzo";" ";;"N";"N";
"DBELE";"ODV25DBEPD00132";2000;50;"StefanoVanuzzo";" ";;"N";"N";
"DBELE";"ODV25DBEPD00133";1000;20;"LorenzoTasca";" ";;"N";"N";
"DBELE";"ODV25DBEPD00133";2000;27;"StefanoVanuzzo";" ";;"N";"N";
"DBELE";"ODV25DBEPD00133";3000;45;"EnricoCiscato";" ";;"N";"N";
"DBELE";"ODV25DBEPD00133";4000;27;"StefanoVanuzzo";" ";;"N";"N";
"DBELE";"ODV25DBEPD00133";5000;45;"EnricoCiscato";" ";;"N";"N";
"DBELE";"ODV25DBEPD00133";6000;45;"EnricoCiscato";" ";;"N";"N";
"DBELE";"ODV25DBEPD00133";7000;45;"EnricoCiscato";" ";;"N";"N";
"DBELE";"ODV25DBEPD00134";1000;27;"StefanoVanuzzo";" ";;"N";"N";
"DBELE";"ODV25DBEPD00134";2000;27;"StefanoVanuzzo";" ";;"N";"N";
"DBELE";"ODV25DBEPD00134";3000;45;"EnricoCiscato";" ";;"N";"N";
"DBELE";"ODV25DBEPD00134";4000;27;"StefanoVanuzzo";" ";;"N";"N";
"DBELE";"ODV25DBEPD00134";5000;27;"StefanoVanuzzo";" ";;"N";"N";
"DBELE";"ODV25DBEPD00134";6000;27;"StefanoVanuzzo";" ";;"N";"N";
"DBELE";"ODV25DBEPD00134";7000;27;"StefanoVanuzzo";" ";;"N";"N";
"DBELE";"ODV25DBEPD00134";8000;27;"StefanoVanuzzo";" ";;"N";"N";
"DBELE";"ODV25DBEPD00134";9000;27;"StefanoVanuzzo";" ";;"N";"N";
"DBELE";"ODV25DBEPD00134";10000;27;"StefanoVanuzzo";" ";;"N";"N";
"DBELE";"ODV25DBEPD00134";11000;27;"StefanoVanuzzo";" ";;"N";"N";
"DBELE";"ODV25DBEPD00134";12000;27;"StefanoVanuzzo";" ";;"N";"N";
"DBELE";"ODV25DBEPD00134";13000;30;"LorenzoTasca";" ";;"N";"N";
"DBELE";"ODV25DBEPD00134";14000;50;"StefanoVanuzzo";" ";;"N";"N";
"DBELE";"ODV25DBEPD00134";15000;27;"StefanoVanuzzo";" ";;"N";"N";
"DBELE";"ODV25DBEPD00134";16000;45;"EnricoCiscato";" ";;"N";"N";
"DBELE";"ODV25DBEPD00134";17000;27;"StefanoVanuzzo";" ";;"N";"N";
"DBELE";"ODV25DBEPD00134";18000;10;;" ";;"N";"N";
"DBELE";"ODV25DBEPD00135";1000;50;"StefanoVanuzzo";" ";;"N";"N";
"DBELE";"ODV25DBEPD00137";1000;27;"StefanoVanuzzo";" ";;"N";"N";
"DBELE";"ODV25DBEPD00137";2000;27;"StefanoVanuzzo";" ";;"N";"N";
"DBELE";"ODV25DBEPD00138";1000;20;"LorenzoTasca";" ";;"N";"N";
"DBELE";"ODV25DBEPD00139";1000;35;"FedericaFavero";" ";;"N";"N";
"DBELE";"ODV25DBEPD00139";2000;35;"FedericaFavero";" ";;"N";"N";
"DBELE";"ODV25DBEPD00140";1000;20;"LorenzoTasca";" ";;"N";"N";
"DBELE";"ODV25DBEPD00141";1000;35;"FedericaFavero";" ";;"N";"N";
"DBELE";"ODV25DBEPD00142";1000;20;"LorenzoTasca";" ";;"N";"N";
"DBELE";"ODV25DBEPD00143";1000;20;"LorenzoTasca";" ";;"N";"N";
"DBELE";"ODV25DBEPD00144";1000;20;"LorenzoTasca";" ";;"N";"N";
"DBELE";"ODV25DBEPD00144";2000;27;"StefanoVanuzzo";" ";;"N";"N";
"DBELE";"ODV25DBEPD00144";3000;27;"StefanoVanuzzo";" ";;"N";"N";
"DBELE";"ODV25DBEPD00144";4000;27;"StefanoVanuzzo";" ";;"N";"N";
"DBELE";"ODV25DBEPD00145";1000;20;"LorenzoTasca";" ";;"N";"N";
"DBELE";"ODV25DBEPD00146";1000;20;"LorenzoTasca";" ";;"N";"N";
"DBELE";"ODV25DBEPD00146";2000;20;"LorenzoTasca";" ";;"N";"N";
"DBELE";"ODV25DBEPD00147";1000;27;"StefanoVanuzzo";" ";;"N";"N";
"DBELE";"ODV25DBEPD00147";2000;45;"EnricoCiscato";" ";;"N";"N";
"DBELE";"ODV25DBEPD00147";3000;45;"EnricoCiscato";" ";;"N";"N";
"DBELE";"ODV25DBEPD00147";4000;45;"EnricoCiscato";" ";;"N";"N";
"DBELE";"ODV25DBEPD00147";5000;45;"EnricoCiscato";" ";;"N";"N";
"DBELE";"ODV25DBEPD00148";1000;25;"StefanoVanuzzo";" ";;"N";"N";
"DBELE";"ODV25DBEPD00148";3000;25;"StefanoVanuzzo";" ";;"N";"N";
"DBELE";"ODV25DBEPD00148";4000;25;"StefanoVanuzzo";" ";;"N";"N";
"DBELE";"ODV25DBEPD00150";1000;20;"LorenzoTasca";" ";;"N";"N";
"DBELE";"ODV25DBEPD00150";2000;27;"StefanoVanuzzo";" ";;"N";"N";
"DBELE";"ODV25DBEPD00150";3000;45;"EnricoCiscato";" ";;"N";"N";
"DBELE";"ODV25DBEPD00150";4000;45;"EnricoCiscato";" ";;"N";"N";
"DBELE";"ODV25DBEPD00150";5000;45;"EnricoCiscato";" ";;"N";"N";
"DBELE";"ODV25DBEPD00151";1000;35;"FedericaFavero";" ";;"N";"N";
"DBELE";"ODV25DBEPD00151";2000;35;"FedericaFavero";" ";;"N";"N";
"DBELE";"ODV25DBEPD00151";3000;35;"FedericaFavero";" ";;"N";"N";
"DBELE";"ODV25DBEPD00151";4000;35;"FedericaFavero";" ";;"N";"N";
"DBELE";"ODV25DBEPD00151";5000;35;"FedericaFavero";" ";;"N";"N";
"DBELE";"ODV25DBEPD00152";1000;20;"LorenzoTasca";" ";;"N";"N";
"DBELE";"ODV25DBEPD00153";2000;20;"LorenzoTasca";" ";;"N";"N";
"DBELE";"ODV25DBEPD00153";3000;20;"LorenzoTasca";" ";;"N";"N";
"DBELE";"ODV25DBEPD00154";1000;20;"LorenzoTasca";" ";;"N";"N";
"DBELE";"ODV25DBEPD00155";2000;20;"LorenzoTasca";" ";;"N";"N";
"DBELE";"ODV25DBEPD00156";1000;20;"LorenzoTasca";" ";;"N";"N";
"DBELE";"ODV25DBEPD00157";1000;45;"EnricoCiscato";" ";;"N";"N";
"DBELE";"ODV25DBEPD00157";2000;27;"StefanoVanuzzo";" ";;"N";"N";
"DBELE";"ODV25DBEPD00158";1000;20;"LorenzoTasca";" ";;"N";"N";
"DBELE";"ODV25DBEPD00158";3000;20;"LorenzoTasca";" ";;"N";"N";
"DBELE";"ODV25DBEPD00159";1000;27;"StefanoVanuzzo";" ";;"N";"N";
"DBELE";"ODV25DBEPD00159";2000;27;"StefanoVanuzzo";" ";;"N";"N";
"DBELE";"ODV25DBEPD00160";1000;20;"LorenzoTasca";" ";;"N";"N";
"DBELE";"ODV25DBEPD00161";1000;10;;" ";;"N";"N";
"DBELE";"ODV25DBEPD00161";2000;10;;" ";;"N";"N";
"DBELE";"ODV25DBEPD00162";1000;10;;" ";;"N";"N";
"DBELE";"ODV25DBEPD00164";1000;10;;" ";;"N";"N";
"DBELE";"ODV25DBEPD00164";2000;10;;" ";;"N";"N";
"DBELE";"ODV25DBEPD00165";1000;10;;" ";;"N";"N";
"DBELE";"ODV25DBEPD00166";1000;10;;" ";;"N";"N";
"DBELE";"ODV25DBEPD00166";2000;10;;" ";;"N";"N";
"DBELE";"ODV25DBEPD00167";2000;10;;" ";;"N";"N";
"DBELE";"ODV25DBEPD00168";1000;10;;" ";;"N";"N";
"DBELE";"ODV25DBEPD00168";2000;10;;" ";;"N";"N";
"DBELE";"ODV25DBEPD00168";3000;10;;" ";;"N";"N";
"DBELE";"ODV25DBEPD00168";4000;10;;" ";;"N";"N";
"DBELE";"ODV25DBEPD00168";5000;10;;" ";;"N";"N";
"DBELE";"ODV25DBEPD00168";6000;10;;" ";;"N";"N";
"DBELE";"ODV25DBEPD00168";7000;10;;" ";;"N";"N";
"DBELE";"ODV25DBEPD00168";8000;10;;" ";;"N";"N";
"DBELE";"ODV25DBEPD00169";1000;10;;" ";;"N";"N";
"DBELE";"ODV25DBEPD00169";2000;10;;" ";;"N";"N";
"DBELE";"ODV25DBEPD00170";1000;10;;" ";;"N";"N";
"DBELE";"ODV25DBEPD00170";2000;10;;" ";;"N";"N";
"DBELE";"ODV25DBEPD00170";3000;10;;" ";;"N";"N";
"DBELE";"ODV25DBEPD00170";4000;10;;" ";;"N";"N";
"DBELE";"ODV25DBEPD00171";1000;10;;" ";;"N";"N";
"DBELE";"ODV25DBEPD00172";1000;10;;" ";;"N";"N";
"DBELE";"ODV25DBEPD00172";2000;10;;" ";;"N";"N";
"DBELE";"ODV25DBEPD00172";3000;10;;" ";;"N";"N";
"DBELE";"ODV25DBEPD00173";1000;10;;" ";;"N";"N";
"DBELE";"ODV25DBEPD00173";2000;10;;" ";;"N";"N";
"DBELE";"ODV25DBEPD00173";3000;10;;" ";;"N";"N";
"DBELE";"ODV25DBEPD00173";4000;10;;" ";;"N";"N";
"DBELE";"ODV25DBEPD00173";5000;10;;" ";;"N";"N";
"DBELE";"ODV25DBEPD00173";6000;10;;" ";;"N";"N";
"DBELE";"ODV25DBEPD00173";7000;10;;" ";;"N";"N";
"DBELE";"ODV25DBEPD00173";8000;10;;" ";;"N";"N";
"DBELE";"ODV25DBEPD00173";9000;10;;" ";;"N";"N";
"DBELE";"ODV25DBEPD00173";10000;10;;" ";;"N";"N";
"DBELE";"ODV25DBEPD00173";11000;10;;" ";;"N";"N";
"DBELE";"ODV25DBEPD00174";1000;10;;" ";;"N";"N";
"DBELE";"ODV25DBEPD00174";2000;10;;" ";;"N";"N";
"DBELE";"ODV25DBEPD00177";1000;10;;" ";;"N";"N";
"DBELE";"ODV25DBEPD00177";2000;10;;" ";;"N";"N";
"DBELE";"ODV25DBEPD00178";1000;10;;" ";;"N";"N";
"DBELE";"ODV25DBEPD00179";1000;10;;" ";;"N";"N";
"DBELE";"ODV25DBEPD00179";2000;10;;" ";;"N";"N";
"DBELE";"ODV25DBEPD00180";1000;10;;" ";;"N";"N";
"DBELE";"ODV25DBEPD00180";2000;10;;" ";;"N";"N";
"DBELE";"ODV25DBEPD00180";3000;10;;" ";;"N";"N";
"DBELE";"ODV25DBEPD00180";4000;10;;" ";;"N";"N";
"DBELE";"ODV25DBEPD00180";5000;10;;" ";;"N";"N";
"DBELE";"ODV25DBEPD00180";6000;10;;" ";;"N";"N";
"DBELE";"ODV25DBEPD00180";7000;10;;" ";;"N";"N";
"DBELE";"ODV25DBEPD00180";8000;10;;" ";;"N";"N";
"DBELE";"ODV25DBEPD00180";9000;10;;" ";;"N";"N";
"DBELE";"ODV25DBEPD00180";10000;10;;" ";;"N";"N";
"DBELE";"ODV25DBEPD00180";11000;10;;" ";;"N";"N";
"DBELE";"ODV25DBEPD00180";12000;10;;" ";;"N";"N";
"DBELE";"ODV25DBEPD00181";1000;10;;" ";;"N";"N";
"DBELE";"ODV25DBEPD00181";2000;10;;" ";;"N";"N";
"DBELE";"ODV25DBEPD00183";1000;10;;" ";;"N";"N";
"DBELE";"ODV25DBEPD00184";1000;10;;" ";;"N";"N";
"DBELE";"ODV25DBEPD00184";2000;10;;" ";;"N";"N";
"DBELE";"ODV25DBEPD00184";3000;10;;" ";;"N";"N";
"DBELE";"ODV25DBEPD00184";4000;10;;" ";;"N";"N";
"DBELE";"ODV25DBEPD00184";5000;10;;" ";;"N";"N";
"DBELE";"ODV25DBEPD00184";6000;10;;" ";;"N";"N";
"DBELE";"ODV25DBEPD00185";1000;10;;" ";;"N";"N";
"DBELE";"ODV25DBEPD00186";1000;10;;" ";;"N";"N";
"DBELE";"ODV25DBEPD00187";1000;10;;" ";;"N";"N";
"DBELE";"ODV25DBEPD00189";1000;10;;" ";;"N";"N";
"DBELE";"ODV25DBEPD00190";2000;10;;" ";;"N";"N";
"DBELE";"ODV25DBEPD00191";1000;10;;" ";;"N";"N";
"DBELE";"ODV25DBEPD00192";1000;10;;" ";;"N";"N";
"DBELE";"ODV25DBEPD00193";1000;10;;" ";;"N";"N";
"DBELE";"ODV25DBEPD00193";2000;10;;" ";;"N";"N";
"DBELE";"ODV25DBEPD00193";3000;10;;" ";;"N";"N";
"DBELE";"ODV25DBEPD00193";4000;10;;" ";;"N";"N";
"DBELE";"ODV25DBEPD00193";5000;10;;" ";;"N";"N";
"DBELE";"ODV25DBEPD00195";1000;10;;" ";;"N";"N";
"DBELE";"ODV25DBEPD00196";1000;10;;" ";;"N";"N";
"DBELE";"OMG22DBEBS00001";1000;27;"robertorosa";" ";;"N";"N";
"DBELE";"OMG22DBEBS00002";1000;35;"federicomodonesi";" ";;"N";"N";
"DBELE";"OMG22DBEBS00002";2000;20;"lucabressana";" ";;"N";"N";
"DBELE";"OMG22DBEBS00003";1000;10;;" ";;"N";"N";
"DBELE";"OMG22DBEBS00003";2000;10;;" ";;"N";"N";
"DBELE";"OMG22DBEBS00004";1000;20;"pietroguarinoni";" ";;"N";"N";
"DBELE";"OMG22DBEBS00005";1000;50;"lucabressana";" ";;"N";"N";
"DBELE";"OMG23DBEBS00001";1000;20;"pietroguarinoni";" ";;"N";"N";
"DBELE";"OMG23DBEBS00002";1000;27;"pietroguarinoni";" ";;"N";"N";
"DBELE";"OMG23DBEBS00003";1000;35;"federicomodonesi";" ";;"N";"N";
"DBELE";"OMG23DBEBS00004";1000;20;"pietroguarinoni";" ";;"N";"N";
"DBELE";"OMG23DBEBS00004";2000;20;"pietroguarinoni";" ";;"N";"N";
"DBELE";"OMG23DBEBS00006";1000;20;"lucabressana";" ";"Per ampli SFK501U - 2242-63257 (GE2725)";"S";"N";"#L:\laboratorio\03_MATRICOLE E COLLAUDO APPARATI\Fogli di Layout e Collaudo\DB Broadcast\2242-63384_L ( Istar Rabih ).pdf#"
"DBELE";"OMG23DBEBS00007";1000;35;"federicomodonesi";" ";;"N";"N";
"DBELE";"OMG23DBEBS00008";1000;35;"robertorosa";" ";;"N";"N";
"DBELE";"OMG23DBEBS00009";1000;20;"lucabressana";" ";;"N";"N";
"DBELE";"OMG23DBEBS00010";1000;35;"federicomodonesi";" ";;"N";"N";
"DBELE";"OMG23DBEBS00011";1000;45;"robertorosa";" ";;"N";"N";
"DBELE";"OMG24DBEBS00001";1000;20;"pietroguarinoni";" ";;"N";"N";
"DBELE";"OMG24DBEBS00002";2000;20;"lucabressana";" ";;"N";"N";
"DBELE";"OMG24DBEBS00003";1000;20;"pietroguarinoni";" ";;"N";"N";
"DBELE";"OMG24DBEBS00003";2000;20;"pietroguarinoni";" ";;"N";"N";
"DBELE";"OMG25DBEBS00001";1000;20;"pietroguarinoni";" ";;"N";"N";
"DBELE";"OMG25DBEBS00002";1000;35;"federicomodonesi";" ";;"N";"N";
"DBELE";"OMG25DBEBS00003";1000;35;"federicomodonesi";" ";;"N";"N";
"DBELE";"RPV20DBEPD00001";1000;10;;" ";;"N";"N";
"DBELE";"RPV20DBEPD00002";1000;10;;" ";;"N";"N";
"DBELE";"RPV20DBEPD00003";1000;10;;" ";;"N";"N";
"DBELE";"RPV20DBEPD00004";1000;10;;" ";;"N";"N";
"DBELE";"RPV20DBEPD00005";1000;10;;" ";;"N";"N";
"DBELE";"RPV20DBEPD00006";1000;10;;" ";;"N";"N";
"DBELE";"RPV20DBEPD00007";1000;10;;" ";;"N";"N";
"DBELE";"RPV20DBEPD00008";1000;10;;" ";;"N";"N";
"DBELE";"RPV20DBEPD00009";1000;10;;" ";;"N";"N";
"DBELE";"RPV20DBEPD00010";1000;10;;" ";;"N";"N";
"DBELE";"RPV20DBEPD00011";1000;10;;" ";;"N";"N";
"DBELE";"RPV20DBEPD00012";1000;10;;" ";;"N";"N";
"DBELE";"RPV20DBEPD00013";1000;10;;" ";;"N";"N";
"DBELE";"RPV20DBEPD00014";1000;10;;" ";;"N";"N";
"DBELE";"RPV20DBEPD00015";1000;10;;" ";;"N";"N";
"DBELE";"RPV20DBEPD00016";1000;10;;" ";;"N";"N";
"DBELE";"RPV20DBEPD00017";1000;10;;" ";;"N";"N";
"DBELE";"RPV20DBEPD00018";1000;10;;" ";;"N";"N";
"DBELE";"RPV20DBEPD00019";1000;10;;" ";;"N";"N";
"DBELE";"RPV20DBEPD00020";1000;10;;" ";;"N";"N";
"DBELE";"RPV20DBEPD00021";1000;10;;" ";;"N";"N";
"DBELE";"RPV20DBEPD00026";1000;10;;" ";;"N";"N";
"DBELE";"RPV20DBEPD00027";1000;10;;" ";;"N";"N";
"DBELE";"RPV20DBEPD00028";1000;10;;" ";;"N";"N";
"DBELE";"RPV21DBEBS00001";1000;10;;" ";;"N";"N";
"DBELE";"RPV21DBEBS00002";1000;10;;" ";;"N";"N";
"DBELE";"RPV21DBEBS00003";1000;10;;" ";;"N";"N";
"DBELE";"RPV21DBEBS00003";2000;10;;" ";;"N";"N";
"DBELE";"RPV21DBEBS00003";3000;10;;" ";;"N";"N";
"DBELE";"RPV21DBEBS00003";4000;10;;" ";;"N";"N";
"DBELE";"RPV21DBEBS00003";5000;10;;" ";;"N";"N";
"DBELE";"RPV21DBEBS00004";1000;10;;" ";;"N";"N";
"DBELE";"RPV21DBEBS00004";2000;10;;" ";;"N";"N";
"DBELE";"RPV21DBEBS00005";1000;10;;" ";;"N";"N";
"DBELE";"RPV21DBEBS00006";1000;10;;" ";;"N";"N";
"DBELE";"RPV21DBEBS00007";1000;10;;" ";;"N";"N";
"DBELE";"RPV21DBEBS00007";2000;10;;" ";;"N";"N";
"DBELE";"RPV21DBEBS00008";1000;10;;" ";;"N";"N";
"DBELE";"RPV21DBEBS00009";1000;10;;"BPC~00000025";;"N";"N";
"DBELE";"RPV21DBEBS00010";1000;10;;" ";;"N";"N";
"DBELE";"RPV21DBEBS00010";2000;10;;" ";;"N";"N";
"DBELE";"RPV21DBEBS00011";1000;10;;" ";;"N";"N";
"DBELE";"RPV21DBEBS00012";1000;10;;" ";;"N";"N";
"DBELE";"RPV21DBEBS00012";2000;10;;" ";;"N";"N";
"DBELE";"RPV21DBEBS00012";3000;10;;" ";;"N";"N";
"DBELE";"RPV21DBEBS00012";3500;10;;" ";;"N";"N";
"DBELE";"RPV21DBEBS00012";4000;10;;" ";;"N";"N";
"DBELE";"RPV21DBEBS00012";4500;10;;" ";;"N";"N";
"DBELE";"RPV21DBEBS00012";5000;10;;" ";;"N";"N";
"DBELE";"RPV21DBEBS00012";6000;10;;" ";;"N";"N";
"DBELE";"RPV21DBEBS00012";6333;10;;" ";;"N";"N";
"DBELE";"RPV21DBEBS00012";6666;10;;" ";;"N";"N";
"DBELE";"RPV21DBEBS00012";7000;10;;" ";;"N";"N";
"DBELE";"RPV21DBEBS00012";8000;10;;" ";;"N";"N";
"DBELE";"RPV21DBEBS00012";9000;10;;" ";;"N";"N";
"DBELE";"RPV21DBEBS00013";1000;10;;" ";;"N";"N";
"DBELE";"RPV21DBEBS00013";2000;10;;" ";;"N";"N";
"DBELE";"RPV21DBEBS00014";1000;10;;" ";;"N";"N";
"DBELE";"RPV21DBEBS00014";2000;10;;" ";;"N";"N";
"DBELE";"RPV21DBEBS00014";3000;10;;" ";;"N";"N";
"DBELE";"RPV21DBEBS00014";4000;10;;" ";;"N";"N";
"DBELE";"RPV21DBEBS00015";1000;10;;" ";;"N";"N";
"DBELE";"RPV21DBEBS00015";2000;10;;" ";;"N";"N";
"DBELE";"RPV21DBEBS00015";2125;10;;" ";;"N";"N";
"DBELE";"RPV21DBEBS00015";2250;10;;" ";;"N";"N";
"DBELE";"RPV21DBEBS00015";2500;10;;" ";;"N";"N";
"DBELE";"RPV21DBEBS00015";3000;10;;" ";;"N";"N";
"DBELE";"RPV21DBEBS00015";3500;10;;" ";;"N";"N";
"DBELE";"RPV21DBEBS00015";4000;10;;" ";;"N";"N";
"DBELE";"RPV21DBEBS00015";4500;10;;" ";;"N";"N";
"DBELE";"RPV21DBEBS00015";5000;10;;" ";;"N";"N";
"DBELE";"RPV21DBEBS00016";1000;10;;" ";;"N";"N";
"DBELE";"RPV21DBEBS00017";562;10;;" ";;"N";"N";
"DBELE";"RPV21DBEBS00017";1000;10;;" ";;"N";"N";
"DBELE";"RPV21DBEBS00017";1125;10;;" ";;"N";"N";
"DBELE";"RPV21DBEBS00017";1250;10;;" ";;"N";"N";
"DBELE";"RPV21DBEBS00017";1500;10;;" ";;"N";"N";
"DBELE";"RPV21DBEBS00017";2000;10;;" ";;"N";"N";
"DBELE";"RPV21DBEBS00017";3000;10;;" ";;"N";"N";
"DBELE";"RPV21DBEBS00017";4000;10;;" ";;"N";"N";
"DBELE";"RPV21DBEBS00018";1000;10;;" ";;"N";"N";
"DBELE";"RPV21DBEBS00019";1000;10;;" ";;"N";"N";
"DBELE";"RPV21DBEBS00020";1000;10;;" ";;"N";"N";
"DBELE";"RPV21DBEBS00021";1000;10;;" ";;"N";"N";
"DBELE";"RPV21DBEBS00022";1000;10;;" ";;"N";"N";
"DBELE";"RPV21DBEBS00023";1000;10;;"BPC~00000025";;"N";"N";
"DBELE";"RPV21DBEBS00023";2000;10;;"BPC~00000025";;"N";"N";
"DBELE";"RPV21DBEBS00024";1000;10;;" ";;"N";"N";
"DBELE";"RPV21DBEBS00025";1000;10;;" ";;"N";"N";
"DBELE";"RPV21DBEBS00026";1000;10;;" ";;"N";"N";
"DBELE";"RPV21DBEBS00027";1000;10;;" ";;"N";"N";
"DBELE";"RPV21DBEBS00028";1000;10;;" ";;"N";"N";
"DBELE";"RPV21DBEBS00028";2000;10;;" ";;"N";"N";
"DBELE";"RPV21DBEBS00028";3000;10;;" ";;"N";"N";
"DBELE";"RPV21DBEBS00030";1000;10;;" ";;"N";"N";
"DBELE";"RPV21DBEBS00031";1000;10;;" ";;"N";"N";
"DBELE";"RPV21DBEBS00031";1500;10;;" ";;"N";"N";
"DBELE";"RPV21DBEBS00031";1750;10;;" ";;"N";"N";
"DBELE";"RPV21DBEBS00031";2000;10;;" ";;"N";"N";
"DBELE";"RPV21DBEBS00031";3000;10;;" ";;"N";"N";
"DBELE";"RPV21DBEBS00031";4000;10;;" ";;"N";"N";
"DBELE";"RPV21DBEBS00032";1000;10;;" ";;"N";"N";
"DBELE";"RPV21DBEBS00033";1000;10;;" ";;"N";"N";
"DBELE";"RPV21DBEBS00034";1000;10;;"BPC~00000028";;"N";"N";
"DBELE";"RPV21DBEBS00034";2000;10;;"BPC~00000028";;"N";"N";
"DBELE";"RPV21DBEBS00035";1000;10;;" ";;"N";"N";
"DBELE";"RPV21DBEBS00036";1000;10;;" ";;"N";"N";
"DBELE";"RPV21DBEBS00037";1000;10;;" ";;"N";"N";
"DBELE";"RPV21DBEBS00037";2000;10;;" ";;"N";"N";
"DBELE";"RPV21DBEBS00038";1000;10;;" ";;"N";"N";
"DBELE";"RPV21DBEBS00039";1000;10;;" ";;"N";"N";
"DBELE";"RPV21DBEBS00040";1000;10;;" ";;"N";"N";
"DBELE";"RPV21DBEBS00041";1000;10;;" ";;"N";"N";
"DBELE";"RPV21DBEBS00041";1333;10;;" ";;"N";"N";
"DBELE";"RPV21DBEBS00041";1666;10;;" ";;"N";"N";
"DBELE";"RPV21DBEBS00041";2000;10;;" ";;"N";"N";
"DBELE";"RPV21DBEBS00041";3000;10;;" ";;"N";"N";
"DBELE";"RPV21DBEBS00041";4000;10;;" ";;"N";"N";
"DBELE";"RPV21DBEBS00042";1000;10;;" ";;"N";"N";
"DBELE";"RPV21DBEBS00043";1000;10;;" ";;"N";"N";
"DBELE";"RPV21DBEBS00044";1000;10;;" ";;"N";"N";
"DBELE";"RPV21DBEBS00044";2000;10;;" ";;"N";"N";
"DBELE";"RPV21DBEBS00045";1000;10;;" ";;"N";"N";
"DBELE";"RPV21DBEBS00045";2000;10;;" ";;"N";"N";
"DBELE";"RPV21DBEBS00045";3000;10;;" ";;"N";"N";
"DBELE";"RPV21DBEBS00045";4000;10;;" ";;"N";"N";
"DBELE";"RPV21DBEBS00046";1000;10;;" ";;"N";"N";
"DBELE";"RPV21DBEBS00046";2000;10;;" ";;"N";"N";
"DBELE";"RPV21DBEBS00046";3000;10;;" ";;"N";"N";
"DBELE";"RPV21DBEBS00047";1000;10;;" ";;"N";"N";
"DBELE";"RPV21DBEBS00048";1000;10;;" ";;"N";"N";
"DBELE";"RPV21DBEBS00048";2000;10;;" ";;"N";"N";
"DBELE";"RPV21DBEBS00049";1000;10;;" ";;"N";"N";
"DBELE";"RPV21DBEBS00049";1500;10;;" ";;"N";"N";
"DBELE";"RPV21DBEBS00049";2000;10;;" ";;"N";"N";
"DBELE";"RPV21DBEBS00049";2500;10;;" ";;"N";"N";
"DBELE";"RPV21DBEBS00049";3000;10;;" ";;"N";"N";
"DBELE";"RPV21DBEBS00049";3500;10;;" ";;"N";"N";
"DBELE";"RPV21DBEBS00049";4000;10;;" ";;"N";"N";
"DBELE";"RPV21DBEBS00049";4500;10;;" ";;"N";"N";
"DBELE";"RPV21DBEBS00049";5000;10;;" ";;"N";"N";
"DBELE";"RPV21DBEBS00049";5500;10;;" ";;"N";"N";
"DBELE";"RPV21DBEBS00049";6000;10;;" ";;"N";"N";
"DBELE";"RPV21DBEBS00049";7000;10;;" ";;"N";"N";
"DBELE";"RPV21DBEBS00049";8000;10;;" ";;"N";"N";
"DBELE";"RPV21DBEBS00050";1000;10;;" ";;"N";"N";
"DBELE";"RPV21DBEBS00050";2000;10;;" ";;"N";"N";
"DBELE";"RPV21DBEBS00051";1000;10;;" ";;"N";"N";
"DBELE";"RPV21DBEBS00051";2000;10;;" ";;"N";"N";
"DBELE";"RPV21DBEBS00052";1000;10;;" ";;"N";"N";
"DBELE";"RPV21DBEBS00052";2000;10;;" ";;"N";"N";
"DBELE";"RPV21DBEBS00052";3000;10;;" ";;"N";"N";
"DBELE";"RPV21DBEBS00052";4000;10;;" ";;"N";"N";
"DBELE";"RPV21DBEBS00052";5000;10;;" ";;"N";"N";
"DBELE";"RPV21DBEBS00052";6000;10;;" ";;"N";"N";
"DBELE";"RPV21DBEBS00053";1000;10;;" ";;"N";"N";
"DBELE";"RPV21DBEBS00054";1000;10;;" ";;"N";"N";
"DBELE";"RPV21DBEBS00055";1000;10;;" ";;"N";"N";
"DBELE";"RPV21DBEBS00055";2000;10;;" ";;"N";"N";
"DBELE";"RPV21DBEBS00056";1000;10;;" ";;"N";"N";
"DBELE";"RPV21DBEBS00057";1000;10;;" ";;"N";"N";
"DBELE";"RPV21DBEBS00058";1000;10;;" ";;"N";"N";
"DBELE";"RPV21DBEBS00058";2000;10;;" ";;"N";"N";
"DBELE";"RPV21DBEBS00059";1000;10;;" ";;"N";"N";
"DBELE";"RPV21DBEBS00060";1000;10;;" ";;"N";"N";
"DBELE";"RPV21DBEBS00061";1000;10;;" ";;"N";"N";
"DBELE";"RPV21DBEBS00062";1000;10;;" ";;"N";"N";
"DBELE";"RPV21DBEBS00063";1000;10;;" ";;"N";"N";
"DBELE";"RPV21DBEBS00064";1000;10;;" ";;"N";"N";
"DBELE";"RPV21DBEBS00064";2000;10;;" ";;"N";"N";
"DBELE";"RPV21DBEBS00064";3000;10;;" ";;"N";"N";
"DBELE";"RPV21DBEBS00064";4000;10;;" ";;"N";"N";
"DBELE";"RPV21DBEBS00065";1000;10;;" ";;"N";"N";
"DBELE";"RPV21DBEBS00066";1000;10;;" ";;"N";"N";
"DBELE";"RPV21DBEBS00067";1000;10;;" ";;"N";"N";
"DBELE";"RPV21DBEBS00067";2000;10;;" ";;"N";"N";
"DBELE";"RPV21DBEBS00068";1000;10;;" ";;"N";"N";
"DBELE";"RPV21DBEBS00068";2000;10;;" ";;"N";"N";
"DBELE";"RPV21DBEBS00069";1000;10;;" ";;"N";"N";
"DBELE";"RPV21DBEBS00070";1000;10;;" ";;"N";"N";
"DBELE";"RPV21DBEBS00071";1000;10;;" ";;"N";"N";
"DBELE";"RPV21DBEBS00072";1000;10;;" ";;"N";"N";
"DBELE";"RPV21DBEBS00073";1000;10;;" ";;"N";"N";
"DBELE";"RPV21DBEBS00074";1000;10;;" ";;"N";"N";
"DBELE";"RPV21DBEBS00075";1000;10;;" ";;"N";"N";
"DBELE";"RPV21DBEBS00076";1000;10;;" ";;"N";"N";
"DBELE";"RPV21DBEBS00076";2000;10;;" ";;"N";"N";
"DBELE";"RPV21DBEBS00077";1000;10;;" ";;"N";"N";
"DBELE";"RPV21DBEBS00078";1000;10;;" ";;"N";"N";
"DBELE";"RPV21DBEBS00079";1000;10;;" ";;"N";"N";
"DBELE";"RPV21DBEBS00080";1000;10;;" ";;"N";"N";
"DBELE";"RPV21DBEBS00081";1000;10;;" ";;"N";"N";
"DBELE";"RPV21DBEBS00082";1000;10;;" ";;"N";"N";
"DBELE";"RPV21DBEBS00083";1000;10;;" ";;"N";"N";
"DBELE";"RPV21DBEBS00084";1000;10;;" ";;"N";"N";
"DBELE";"RPV21DBEBS00084";2000;10;;" ";;"N";"N";
"DBELE";"RPV21DBEBS00085";1000;10;;" ";;"N";"N";
"DBELE";"RPV21DBEBS00086";1000;10;;" ";;"N";"N";
"DBELE";"RPV21DBEBS00086";2000;10;;" ";;"N";"N";
"DBELE";"RPV21DBEBS00086";2500;10;;" ";;"N";"N";
"DBELE";"RPV21DBEBS00086";3000;10;;" ";;"N";"N";
"DBELE";"RPV21DBEBS00086";4000;10;;" ";;"N";"N";
"DBELE";"RPV21DBEBS00087";1000;10;;" ";;"N";"N";
"DBELE";"RPV21DBEBS00088";1000;10;;"BPC~00000028";;"N";"N";
"DBELE";"RPV21DBEBS00089";1000;10;;"BPC~00000028";;"N";"N";
"DBELE";"RPV21DBEBS00090";1000;10;;" ";;"N";"N";
"DBELE";"RPV21DBEBS00090";2000;10;;" ";;"N";"N";
"DBELE";"RPV21DBEBS00091";1000;10;;" ";;"N";"N";
"DBELE";"RPV21DBEBS00092";1000;10;;" ";;"N";"N";
"DBELE";"RPV21DBEBS00093";1000;10;;" ";;"N";"N";
"DBELE";"RPV21DBEBS00094";1000;10;;" ";;"N";"N";
"DBELE";"RPV21DBEBS00094";2000;10;;" ";;"N";"N";
"DBELE";"RPV21DBEBS00095";1000;10;;" ";;"N";"N";
"DBELE";"RPV21DBEBS00096";1000;10;;" ";;"N";"N";
"DBELE";"RPV21DBEBS00096";2000;10;;" ";;"N";"N";
"DBELE";"RPV21DBEBS00097";1000;10;;" ";;"N";"N";
"DBELE";"RPV21DBEBS00098";1000;10;;" ";;"N";"N";
"DBELE";"RPV21DBEBS00099";1000;10;;" ";;"N";"N";
"DBELE";"RPV21DBEBS00100";1000;10;;" ";;"N";"N";
"DBELE";"RPV21DBEBS00101";1000;10;;" ";;"N";"N";
"DBELE";"RPV21DBEBS00102";1000;10;;" ";;"N";"N";
"DBELE";"RPV21DBEBS00103";1000;10;;" ";;"N";"N";
"DBELE";"RPV21DBEBS00103";2000;10;;" ";;"N";"N";
"DBELE";"RPV21DBEBS00104";1000;10;;" ";;"N";"N";
"DBELE";"RPV21DBEBS00105";1000;10;;" ";;"N";"N";
"DBELE";"RPV21DBEBS00106";1000;10;;" ";;"N";"N";
"DBELE";"RPV21DBEBS00106";2000;10;;" ";;"N";"N";
"DBELE";"RPV21DBEBS00107";1000;10;;" ";;"N";"N";
"DBELE";"RPV21DBEBS00108";1000;10;;" ";;"N";"N";
"DBELE";"RPV21DBEBS00108";2000;10;;" ";;"N";"N";
"DBELE";"RPV21DBEBS00109";1000;10;;" ";;"N";"N";
"DBELE";"RPV21DBEBS00110";4000;10;;" ";;"N";"N";
"DBELE";"RPV21DBEBS00114";1000;10;;" ";;"N";"N";
"DBELE";"RPV21DBEBS00114";2000;10;;" ";;"N";"N";
"DBELE";"RPV21DBEBS00114";3000;10;;" ";;"N";"N";
"DBELE";"RPV21DBEBS00115";1000;10;;" ";;"N";"N";
"DBELE";"RPV21DBEBS00115";3000;10;;" ";;"N";"N";
"DBELE";"RPV21DBEBS00115";4000;10;;" ";;"N";"N";
"DBELE";"RPV21DBEBS00116";1000;10;;" ";;"N";"N";
"DBELE";"RPV21DBEBS00117";1000;10;;" ";;"N";"N";
"DBELE";"RPV21DBEBS00118";1000;10;;" ";;"N";"N";
"DBELE";"RPV21DBEBS00118";2000;10;;" ";;"N";"N";
"DBELE";"RPV21DBEBS00119";1000;10;;" ";;"N";"N";
"DBELE";"RPV21DBEBS00120";1000;10;;" ";;"N";"N";
"DBELE";"RPV21DBEBS00120";2000;10;;" ";;"N";"N";
"DBELE";"RPV21DBEBS00121";1000;10;;" ";;"N";"N";
"DBELE";"RPV21DBEBS00122";1000;10;;" ";;"N";"N";
"DBELE";"RPV21DBEBS00123";1000;10;;" ";;"N";"N";
"DBELE";"RPV21DBEBS00123";2000;10;;" ";;"N";"N";
"DBELE";"RPV21DBEBS00123";3000;10;;" ";;"N";"N";
"DBELE";"RPV21DBEBS00124";1000;10;;" ";;"N";"N";
"DBELE";"RPV21DBEBS00125";1000;10;;" ";;"N";"N";
"DBELE";"RPV21DBEBS00126";1000;10;;" ";;"N";"N";
"DBELE";"RPV21DBEBS00126";2000;10;;" ";;"N";"N";
"DBELE";"RPV21DBEBS00127";1000;10;;" ";;"N";"N";
"DBELE";"RPV21DBEBS00127";2000;10;;" ";;"N";"N";
"DBELE";"RPV21DBEBS00128";1000;10;;" ";;"N";"N";
"DBELE";"RPV21DBEBS00129";1000;10;;" ";;"N";"N";
"DBELE";"RPV21DBEBS00130";1000;10;;" ";;"N";"N";
"DBELE";"RPV21DBEBS00130";2000;10;;" ";;"N";"N";
"DBELE";"RPV21DBEBS00131";1000;10;;" ";;"N";"N";
"DBELE";"RPV21DBEBS00133";1000;10;;" ";;"N";"N";
"DBELE";"RPV21DBEBS00133";2000;10;;" ";;"N";"N";
"DBELE";"RPV21DBEBS00134";1000;10;;" ";;"N";"N";
"DBELE";"RPV21DBEBS00134";2000;10;;" ";;"N";"N";
"DBELE";"RPV21DBEBS00135";1000;10;;" ";;"N";"N";
"DBELE";"RPV21DBEBS00136";1000;10;;" ";;"N";"N";
"DBELE";"RPV21DBEBS00137";500;10;;" ";;"N";"N";
"DBELE";"RPV21DBEBS00137";1000;10;;" ";;"N";"N";
"DBELE";"RPV21DBEBS00138";1000;10;;" ";;"N";"N";
"DBELE";"RPV21DBEBS00138";2000;10;;" ";;"N";"N";
"DBELE";"RPV21DBEBS00138";3000;10;;" ";;"N";"N";
"DBELE";"RPV21DBEBS00138";4000;10;;" ";;"N";"N";
"DBELE";"RPV21DBEBS00138";5000;10;;" ";;"N";"N";
"DBELE";"RPV21DBEBS00138";6000;10;;" ";;"N";"N";
"DBELE";"RPV21DBEBS00139";1000;10;;" ";;"N";"N";
"DBELE";"RPV21DBEBS00140";1000;10;;" ";;"N";"N";
"DBELE";"RPV21DBEBS00141";1000;10;;" ";;"N";"N";
"DBELE";"RPV21DBEBS00141";2000;10;;" ";;"N";"N";
"DBELE";"RPV21DBEBS00141";3000;10;;" ";;"N";"N";
"DBELE";"RPV21DBEBS00143";1000;10;;" ";;"N";"N";
"DBELE";"RPV21DBEBS00144";1000;10;;" ";;"N";"N";
"DBELE";"RPV21DBEBS00145";1000;10;;" ";;"N";"N";
"DBELE";"RPV21DBEBS00146";1000;10;;" ";;"N";"N";
"DBELE";"RPV21DBEBS00147";1000;10;;" ";;"N";"N";
"DBELE";"RPV21DBEBS00148";1000;10;;" ";;"N";"N";
"DBELE";"RPV21DBEBS00148";2000;10;;" ";;"N";"N";
"DBELE";"RPV21DBEBS00150";1000;10;;" ";;"N";"N";
"DBELE";"RPV21DBEBS00150";2000;10;;" ";;"N";"N";
"DBELE";"RPV21DBEBS00151";1000;10;;" ";;"N";"N";
"DBELE";"RPV21DBEBS00152";1000;10;;" ";;"N";"N";
"DBELE";"RPV21DBEBS00153";1000;10;;" ";;"N";"N";
"DBELE";"RPV21DBEBS00154";1000;10;;" ";;"N";"N";
"DBELE";"RPV21DBEBS00155";1000;10;;" ";;"N";"N";
"DBELE";"RPV21DBEBS00156";1000;10;;" ";;"N";"N";
"DBELE";"RPV21DBEBS00157";1000;10;;" ";;"N";"N";
"DBELE";"RPV21DBEBS00158";1000;10;;" ";;"N";"N";
"DBELE";"RPV21DBEBS00158";2000;10;;" ";;"N";"N";
"DBELE";"RPV21DBEBS00159";1000;10;;" ";;"N";"N";
"DBELE";"RPV21DBEBS00160";1000;10;;" ";;"N";"N";
"DBELE";"RPV21DBEBS00161";1000;10;;" ";;"N";"N";
"DBELE";"RPV21DBEBS00162";1000;10;;" ";;"N";"N";
"DBELE";"RPV21DBEBS00162";2000;10;;" ";;"N";"N";
"DBELE";"RPV21DBEBS00163";1000;10;;" ";;"N";"N";
"DBELE";"RPV21DBEBS00164";1000;10;;" ";;"N";"N";
"DBELE";"RPV21DBEBS00165";1000;10;;" ";;"N";"N";
"DBELE";"RPV21DBEBS00166";1000;10;;" ";;"N";"N";
"DBELE";"RPV21DBEBS00167";1000;10;;" ";;"N";"N";
"DBELE";"RPV21DBEBS00168";1000;10;;" ";;"N";"N";
"DBELE";"RPV21DBEBS00169";1000;10;;" ";;"N";"N";
"DBELE";"RPV21DBEBS00170";1000;10;;" ";;"N";"N";
"DBELE";"RPV21DBEBS00170";2000;10;;" ";;"N";"N";
"DBELE";"RPV21DBEBS00170";3000;10;;" ";;"N";"N";
"DBELE";"RPV21DBEBS00170";4000;10;;" ";;"N";"N";
"DBELE";"RPV21DBEBS00171";1000;10;;" ";;"N";"N";
"DBELE";"RPV21DBEBS00171";2000;10;;" ";;"N";"N";
"DBELE";"RPV21DBEBS00171";3000;10;;" ";;"N";"N";
"DBELE";"RPV21DBEBS00172";1000;10;;" ";;"N";"N";
"DBELE";"RPV21DBEBS00173";1000;10;;" ";;"N";"N";
"DBELE";"RPV21DBEBS00176";1000;10;;" ";;"N";"N";
"DBELE";"RPV21DBEBS00177";1000;10;;" ";;"N";"N";
"DBELE";"RPV21DBEBS00179";1000;10;;" ";;"N";"N";
"DBELE";"RPV21DBEBS00180";1000;10;;" ";;"N";"N";
"DBELE";"RPV21DBEBS00180";2000;10;;" ";;"N";"N";
"DBELE";"RPV21DBEBS00180";3000;10;;" ";;"N";"N";
"DBELE";"RPV21DBEBS00181";1000;10;;" ";;"N";"N";
"DBELE";"RPV21DBEBS00182";1000;10;;" ";;"N";"N";
"DBELE";"RPV21DBEBS00182";2000;10;;" ";;"N";"N";
"DBELE";"RPV21DBEBS00182";3000;10;;" ";;"N";"N";
"DBELE";"RPV21DBEBS00183";1000;10;;" ";;"N";"N";
"DBELE";"RPV21DBEBS00183";2000;10;;" ";;"N";"N";
"DBELE";"RPV21DBEBS00184";1000;10;;" ";;"N";"N";
"DBELE";"RPV21DBEBS00185";1000;10;;" ";;"N";"N";
"DBELE";"RPV21DBEBS00186";1000;10;;" ";;"N";"N";
"DBELE";"RPV21DBEBS00189";1000;10;;" ";;"N";"N";
"DBELE";"RPV21DBEBS00190";1000;10;;" ";;"N";"N";
"DBELE";"RPV21DBEBS00190";2000;10;;" ";;"N";"N";
"DBELE";"RPV21DBEPD00004";2000;10;;" ";;"N";"N";
"DBELE";"RPV21DBEPD00006";1000;10;;" ";;"N";"N";
"DBELE";"RPV21DBEPD00007";1000;10;;" ";;"N";"N";
"DBELE";"RPV21DBEPD00007";2000;10;;" ";;"N";"N";
"DBELE";"RPV21DBEPD00008";1000;10;;" ";;"N";"N";
"DBELE";"RPV21DBEPD00009";1000;10;;" ";;"N";"N";
"DBELE";"RPV21DBEPD00009";2000;10;;" ";;"N";"N";
"DBELE";"RPV21DBEPD00010";1000;10;;" ";;"N";"N";
"DBELE";"RPV21DBEPD00012";1000;10;;" ";;"N";"N";
"DBELE";"RPV21DBEPD00013";1000;10;;" ";;"N";"N";
"DBELE";"RPV21DBEPD00014";1000;10;;" ";;"N";"N";
"DBELE";"RPV21DBEPD00015";1000;10;;" ";;"N";"N";
"DBELE";"RPV21DBEPD00015";2000;10;;" ";;"N";"N";
"DBELE";"RPV21DBEPD00015";3000;10;;" ";;"N";"N";
"DBELE";"RPV21DBEPD00016";1000;10;;" ";;"N";"N";
"DBELE";"RPV21DBEPD00016";2000;10;;" ";;"N";"N";
"DBELE";"RPV21DBEPD00017";1000;10;;" ";;"N";"N";
"DBELE";"RPV21DBEPD00017";2000;10;;" ";;"N";"N";
"DBELE";"RPV21DBEPD00018";1000;10;;" ";;"N";"N";
"DBELE";"RPV21DBEPD00018";2000;10;;" ";;"N";"N";
"DBELE";"RPV21DBEPD00019";1000;10;;" ";;"N";"N";
"DBELE";"RPV21DBEPD00019";2000;10;;" ";;"N";"N";
"DBELE";"RPV21DBEPD00020";1000;10;;" ";;"N";"N";
"DBELE";"RPV21DBEPD00021";1000;10;;" ";;"N";"N";
"DBELE";"RPV21DBEPD00023";1000;10;;" ";;"N";"N";
"DBELE";"RPV21DBEPD00024";1000;10;;" ";;"N";"N";
"DBELE";"RPV21DBEPD00025";1000;10;;" ";;"N";"N";
"DBELE";"RPV21DBEPD00026";1000;10;;" ";;"N";"N";
"DBELE";"RPV21DBEPD00027";1000;10;;" ";;"N";"N";
"DBELE";"RPV21DBEPD00027";2000;10;;" ";;"N";"N";
"DBELE";"RPV21DBEPD00028";1000;10;;" ";;"N";"N";
"DBELE";"RPV21DBEPD00028";2000;10;;" ";;"N";"N";
"DBELE";"RPV21DBEPD00029";1000;10;;" ";;"N";"N";
"DBELE";"RPV21DBEPD00030";1000;10;;" ";;"N";"N";
"DBELE";"RPV21DBEPD00031";1000;10;;" ";;"N";"N";
"DBELE";"RPV21DBEPD00032";1000;10;;" ";;"N";"N";
"DBELE";"RPV21DBEPD00033";1000;10;;" ";;"N";"N";
"DBELE";"RPV21DBEPD00034";1000;10;;" ";;"N";"N";
"DBELE";"RPV21DBEPD00035";1000;10;;" ";;"N";"N";
"DBELE";"RPV21DBEPD00036";1000;10;;" ";;"N";"N";
"DBELE";"RPV21DBEPD00037";1000;10;;" ";;"N";"N";
"DBELE";"RPV21DBEPD00037";2000;10;;" ";;"N";"N";
"DBELE";"RPV21DBEPD00038";1000;10;;" ";;"N";"N";
"DBELE";"RPV21DBEPD00039";1000;10;;" ";;"N";"N";
"DBELE";"RPV21DBEPD00040";1000;10;;" ";;"N";"N";
"DBELE";"RPV21DBEPD00041";1000;10;;" ";;"N";"N";
"DBELE";"RPV21DBEPD00042";1000;10;;" ";;"N";"N";
"DBELE";"RPV21DBEPD00042";2000;10;;" ";;"N";"N";
"DBELE";"RPV21DBEPD00044";1000;10;;" ";;"N";"N";
"DBELE";"RPV21DBEPD00044";2000;10;;" ";;"N";"N";
"DBELE";"RPV21DBEPD00045";1000;10;;" ";;"N";"N";
"DBELE";"RPV21DBEPD00046";1000;10;;" ";;"N";"N";
"DBELE";"RPV21DBEPD00047";1000;10;;" ";;"N";"N";
"DBELE";"RPV21DBEPD00047";2000;10;;" ";;"N";"N";
"DBELE";"RPV21DBEPD00048";1000;10;;" ";;"N";"N";
"DBELE";"RPV21DBEPD00048";2000;10;;" ";;"N";"N";
"DBELE";"RPV21DBEPD00049";1000;10;;" ";;"N";"N";
"DBELE";"RPV21DBEPD00049";2000;10;;" ";;"N";"N";
"DBELE";"RPV21DBEPD00051";1000;10;;" ";;"N";"N";
"DBELE";"RPV21DBEPD00051";2000;10;;" ";;"N";"N";
"DBELE";"RPV21DBEPD00052";1000;10;;" ";;"N";"N";
"DBELE";"RPV21DBEPD00052";2000;10;;" ";;"N";"N";
"DBELE";"RPV21DBEPD00054";1000;10;;" ";;"N";"N";
"DBELE";"RPV21DBEPD00055";1000;10;;" ";;"N";"N";
"DBELE";"RPV21DBEPD00056";1000;10;;" ";;"N";"N";
"DBELE";"RPV21DBEPD00056";2000;10;;" ";;"N";"N";
"DBELE";"RPV21DBEPD00057";1000;10;;" ";;"N";"N";
"DBELE";"RPV21DBEPD00058";1000;10;;" ";;"N";"N";
"DBELE";"RPV21DBEPD00058";2000;10;;" ";;"N";"N";
"DBELE";"RPV21DBEPD00059";1000;10;;" ";;"N";"N";
"DBELE";"RPV21DBEPD00059";2000;10;;" ";;"N";"N";
"DBELE";"RPV21DBEPD00060";1000;10;;" ";;"N";"N";
"DBELE";"RPV21DBEPD00061";1000;10;;" ";;"N";"N";
"DBELE";"RPV21DBEPD00062";1000;10;;" ";;"N";"N";
"DBELE";"RPV21DBEPD00063";1000;10;;" ";;"N";"N";
"DBELE";"RPV21DBEPD00064";1000;10;;" ";;"N";"N";
"DBELE";"RPV21DBEPD00065";1000;10;;" ";;"N";"N";
"DBELE";"RPV21DBEPD00065";2000;10;;" ";;"N";"N";
"DBELE";"RPV21DBEPD00066";1000;10;;" ";;"N";"N";
"DBELE";"RPV21DBEPD00067";1000;10;;" ";;"N";"N";
"DBELE";"RPV21DBEPD00067";2000;10;;" ";;"N";"N";
"DBELE";"RPV21DBEPD00068";1000;10;;" ";;"N";"N";
"DBELE";"RPV21DBEPD00069";1000;10;;" ";;"N";"N";
"DBELE";"RPV21DBEPD00070";1000;10;;" ";;"N";"N";
"DBELE";"RPV21DBEPD00070";2000;10;;" ";;"N";"N";
"DBELE";"RPV21DBEPD00071";1000;10;;" ";;"N";"N";
"DBELE";"RPV21DBEPD00072";1000;10;;" ";;"N";"N";
"DBELE";"RPV21DBEPD00072";2000;10;;" ";;"N";"N";
"DBELE";"RPV21DBEPD00073";1000;10;;" ";;"N";"N";
"DBELE";"RPV21DBEPD00074";1000;10;;" ";;"N";"N";
"DBELE";"RPV21DBEPD00075";1000;10;;" ";;"N";"N";
"DBELE";"RPV21DBEPD00076";1000;10;;" ";;"N";"N";
"DBELE";"RPV21DBEPD00079";1000;10;;" ";;"N";"N";
"DBELE";"RPV21DBEPD00080";1000;10;;" ";;"N";"N";
"DBELE";"RPV21DBEPD00081";1000;10;;" ";;"N";"N";
"DBELE";"RPV21DBEPD00081";2000;10;;" ";;"N";"N";
"DBELE";"RPV21DBEPD00083";1000;10;;" ";;"N";"N";
"DBELE";"RPV21DBEPD00084";1000;10;;" ";;"N";"N";
"DBELE";"RPV21DBEPD00084";2000;10;;" ";;"N";"N";
"DBELE";"RPV21DBEPD00085";1000;10;;" ";;"N";"N";
"DBELE";"RPV21DBEPD00085";2000;10;;" ";;"N";"N";
"DBELE";"RPV21DBEPD00086";1000;10;;" ";;"N";"N";
"DBELE";"RPV21DBEPD00086";2000;10;;" ";;"N";"N";
"DBELE";"RPV21DBEPD00087";1000;10;;" ";;"N";"N";
"DBELE";"RPV21DBEPD00087";2000;10;;" ";;"N";"N";
"DBELE";"RPV21DBEPD00088";1000;10;;" ";;"N";"N";
"DBELE";"RPV21DBEPD00088";2000;10;;" ";;"N";"N";
"DBELE";"RPV21DBEPD00089";1000;10;;" ";;"N";"N";
"DBELE";"RPV21DBEPD00089";2000;10;;" ";;"N";"N";
"DBELE";"RPV21DBEPD00091";1000;10;;" ";;"N";"N";
"DBELE";"RPV21DBEPD00091";2000;10;;" ";;"N";"N";
"DBELE";"RPV21DBEPD00092";1000;10;;" ";;"N";"N";
"DBELE";"RPV21DBEPD00092";2000;10;;" ";;"N";"N";
"DBELE";"RPV21DBEPD00093";1000;10;;" ";;"N";"N";
"DBELE";"RPV21DBEPD00093";2000;10;;" ";;"N";"N";
"DBELE";"RPV21DBEPD00094";1000;10;;" ";;"N";"N";
"DBELE";"RPV21DBEPD00095";1000;10;;" ";;"N";"N";
"DBELE";"RPV21DBEPD00095";2000;10;;" ";;"N";"N";
"DBELE";"RPV21DBEPD00096";1000;10;;" ";;"N";"N";
"DBELE";"RPV21DBEPD00097";1000;10;;" ";;"N";"N";
"DBELE";"RPV21DBEPD00098";1000;10;;" ";;"N";"N";
"DBELE";"RPV21DBEPD00099";1000;10;;" ";;"N";"N";
"DBELE";"RPV21DBEPD00100";1000;10;;" ";;"N";"N";
"DBELE";"RPV21DBEPD00101";1000;10;;" ";;"N";"N";
"DBELE";"RPV21DBEPD00102";1000;10;;" ";;"N";"N";
"DBELE";"RPV21DBEPD00102";2000;10;;" ";;"N";"N";
"DBELE";"RPV21DBEPD00102";3000;10;;" ";;"N";"N";
"DBELE";"RPV21DBEPD00104";1000;10;;" ";;"N";"N";
"DBELE";"RPV21DBEPD00104";2000;10;;" ";;"N";"N";
"DBELE";"RPV21DBEPD00105";1000;10;;" ";;"N";"N";
"DBELE";"RPV21DBEPD00106";1000;10;;" ";;"N";"N";
"DBELE";"RPV21DBEPD00107";1000;10;;" ";;"N";"N";
"DBELE";"RPV21DBEPD00107";2000;10;;" ";;"N";"N";
"DBELE";"RPV21DBEPD00108";1000;10;;" ";;"N";"N";
"DBELE";"RPV21DBEPD00109";1000;10;;" ";;"N";"N";
"DBELE";"RPV21DBEPD00110";1000;10;;" ";;"N";"N";
"DBELE";"RPV21DBEPD00111";1000;10;;" ";;"N";"N";
"DBELE";"RPV21DBEPD00112";1000;10;;" ";;"N";"N";
"DBELE";"RPV21DBEPD00113";1000;10;;" ";;"N";"N";
"DBELE";"RPV21DBEPD00114";1000;10;;" ";;"N";"N";
"DBELE";"RPV21DBEPD00115";1000;10;;" ";;"N";"N";
"DBELE";"RPV21DBEPD00116";1000;10;;" ";;"N";"N";
"DBELE";"RPV21DBEPD00116";2000;10;;" ";;"N";"N";
"DBELE";"RPV21DBEPD00117";1000;10;;" ";;"N";"N";
"DBELE";"RPV21DBEPD00117";2000;10;;" ";;"N";"N";
"DBELE";"RPV21DBEPD00118";1000;10;;" ";;"N";"N";
"DBELE";"RPV21DBEPD00118";2000;10;;" ";;"N";"N";
"DBELE";"RPV21DBEPD00119";1000;10;;" ";;"N";"N";
"DBELE";"RPV21DBEPD00120";1000;10;;" ";;"N";"N";
"DBELE";"RPV21DBEPD00121";1000;10;;" ";;"N";"N";
"DBELE";"RPV21DBEPD00121";2000;10;;" ";;"N";"N";
"DBELE";"RPV21DBEPD00122";1000;10;;" ";;"N";"N";
"DBELE";"RPV21DBEPD00123";1000;10;;" ";;"N";"N";
"DBELE";"RPV21DBEPD00124";1000;10;;" ";;"N";"N";
"DBELE";"RPV21DBEPD00125";1000;10;;" ";;"N";"N";
"DBELE";"RPV21DBEPD00125";2000;10;;" ";;"N";"N";
"DBELE";"RPV21DBEPD00126";1000;10;;" ";;"N";"N";
"DBELE";"RPV21DBEPD00126";2000;10;;" ";;"N";"N";
"DBELE";"RPV21DBEPD00127";1000;10;;" ";;"N";"N";
"DBELE";"RPV21DBEPD00128";1000;10;;" ";;"N";"N";
"DBELE";"RPV21DBEPD00129";1000;10;;" ";;"N";"N";
"DBELE";"RPV21DBEPD00130";1000;10;;" ";;"N";"N";
"DBELE";"RPV21DBEPD00130";2000;10;;" ";;"N";"N";
"DBELE";"RPV21DBEPD00131";1000;10;;" ";;"N";"N";
"DBELE";"RPV21DBEPD00131";2000;10;;" ";;"N";"N";
"DBELE";"RPV21DBEPD00133";1000;10;;" ";;"N";"N";
"DBELE";"RPV21DBEPD00133";2000;10;;" ";;"N";"N";
"DBELE";"RPV21DBEPD00134";1000;10;;" ";;"N";"N";
"DBELE";"RPV21DBEPD00135";1000;10;;" ";;"N";"N";
"DBELE";"RPV21DBEPD00135";2000;10;;" ";;"N";"N";
"DBELE";"RPV21DBEPD00136";1000;10;;" ";;"N";"N";
"DBELE";"RPV21DBEPD00137";1000;10;;" ";;"N";"N";
"DBELE";"RPV21DBEPD00138";1000;10;;" ";;"N";"N";
"DBELE";"RPV21DBEPD00139";1000;10;;" ";;"N";"N";
"DBELE";"RPV21DBEPD00140";1000;10;;" ";;"N";"N";
"DBELE";"RPV21DBEPD00140";2000;10;;" ";;"N";"N";
"DBELE";"RPV21DBEPD00140";3000;10;;" ";;"N";"N";
"DBELE";"RPV21DBEPD00141";1000;10;;" ";;"N";"N";
"DBELE";"RPV21DBEPD00141";2000;10;;" ";;"N";"N";
"DBELE";"RPV21DBEPD00142";1000;10;;" ";;"N";"N";
"DBELE";"RPV21DBEPD00143";1000;10;;" ";;"N";"N";
"DBELE";"RPV21DBEPD00144";1000;10;;" ";;"N";"N";
"DBELE";"RPV21DBEPD00145";1000;10;;" ";;"N";"N";
"DBELE";"RPV21DBEPD00145";2000;10;;" ";;"N";"N";
"DBELE";"RPV21DBEPD00146";1000;10;;" ";;"N";"N";
"DBELE";"RPV21DBEPD00147";1000;10;;" ";;"N";"N";
"DBELE";"RPV21DBEPD00147";2000;10;;" ";;"N";"N";
"DBELE";"RPV21DBEPD00148";1000;10;;" ";;"N";"N";
"DBELE";"RPV21DBERM00001";1000;10;;" ";;"N";"N";
"DBELE";"RPV21DBERM00001";2000;10;;" ";;"N";"N";
"DBELE";"RPV21DBERM00001";3000;10;;" ";;"N";"N";
"DBELE";"RPV21DBERM00002";1000;10;;" ";;"N";"N";
"DBELE";"RPV21DBERM00003";1000;10;;" ";;"N";"N";
"DBELE";"RPV21DBERM00004";1000;10;;" ";;"N";"N";
"DBELE";"RPV21DBERM00005";1000;10;;" ";;"N";"N";
"DBELE";"RPV21DBERM00006";1000;10;;" ";;"N";"N";
"DBELE";"RPV21DBERM00007";1000;10;;" ";;"N";"N";
"DBELE";"RPV21DBERM00008";1000;10;;" ";;"N";"N";
"DBELE";"RPV21DBERM00009";1000;10;;" ";;"N";"N";
"DBELE";"RPV21DBERM00009";2000;10;;" ";;"N";"N";
"DBELE";"RPV21DBERM00010";1000;10;;" ";;"N";"N";
"DBELE";"RPV21DBERM00010";2000;10;;" ";;"N";"N";
"DBELE";"RPV21DBERM00011";1000;10;;" ";;"N";"N";
"DBELE";"RPV21DBERM00011";2000;10;;" ";;"N";"N";
"DBELE";"RPV21DBERM00011";3000;10;;" ";;"N";"N";
"DBELE";"RPV21DBERM00012";1000;10;;" ";;"N";"N";
"DBELE";"RPV21DBERM00012";2000;10;;" ";;"N";"N";
"DBELE";"RPV21DBERM00012";3000;10;;" ";;"N";"N";
"DBELE";"RPV21DBERM00013";1000;10;;" ";;"N";"N";
"DBELE";"RPV21DBERM00014";1000;10;;" ";;"N";"N";
"DBELE";"RPV22DBEBS00001";1000;10;;" ";;"N";"N";
"DBELE";"RPV22DBEBS00001";2000;10;;" ";;"N";"N";
"DBELE";"RPV22DBEBS00001";3000;10;;" ";;"N";"N";
"DBELE";"RPV22DBEBS00001";4000;10;;" ";;"N";"N";
"DBELE";"RPV22DBEBS00001";5000;10;;" ";;"N";"N";
"DBELE";"RPV22DBEBS00002";1000;10;;" ";;"N";"N";
"DBELE";"RPV22DBEBS00003";1000;10;;" ";;"N";"N";
"DBELE";"RPV22DBEBS00003";2000;10;;" ";;"N";"N";
"DBELE";"RPV22DBEBS00004";1000;10;;" ";;"N";"N";
"DBELE";"RPV22DBEBS00005";1000;10;;" ";;"N";"N";
"DBELE";"RPV22DBEBS00005";2000;10;;" ";;"N";"N";
"DBELE";"RPV22DBEBS00005";3000;10;;" ";;"N";"N";
"DBELE";"RPV22DBEBS00005";4000;10;;" ";;"N";"N";
"DBELE";"RPV22DBEBS00006";1000;10;;" ";;"N";"N";
"DBELE";"RPV22DBEBS00007";1000;10;;" ";;"N";"N";
"DBELE";"RPV22DBEBS00008";1000;10;;" ";;"N";"N";
"DBELE";"RPV22DBEBS00008";2000;10;;" ";;"N";"N";
"DBELE";"RPV22DBEBS00010";1000;10;;" ";;"N";"N";
"DBELE";"RPV22DBEBS00011";1000;10;;" ";;"N";"N";
"DBELE";"RPV22DBEBS00011";2000;10;;" ";;"N";"N";
"DBELE";"RPV22DBEBS00012";1000;10;;" ";;"N";"N";
"DBELE";"RPV22DBEBS00013";1000;10;;" ";;"N";"N";
"DBELE";"RPV22DBEBS00014";1000;10;;" ";;"N";"N";
"DBELE";"RPV22DBEBS00015";1000;10;;" ";;"N";"N";
"DBELE";"RPV22DBEBS00018";1000;10;;" ";;"N";"N";
"DBELE";"RPV22DBEBS00019";1000;10;;" ";;"N";"N";
"DBELE";"RPV22DBEBS00019";2000;10;;" ";;"N";"N";
"DBELE";"RPV22DBEBS00019";2500;10;;" ";;"N";"N";
"DBELE";"RPV22DBEBS00019";3000;10;;" ";;"N";"N";
"DBELE";"RPV22DBEBS00020";2000;10;;" ";;"N";"N";
"DBELE";"RPV22DBEBS00021";1000;10;;" ";;"N";"N";
"DBELE";"RPV22DBEBS00022";1000;10;;" ";;"N";"N";
"DBELE";"RPV22DBEBS00022";2000;10;;" ";;"N";"N";
"DBELE";"RPV22DBEBS00022";3000;10;;" ";;"N";"N";
"DBELE";"RPV22DBEBS00022";4000;10;;" ";;"N";"N";
"DBELE";"RPV22DBEBS00022";5000;10;;" ";;"N";"N";
"DBELE";"RPV22DBEBS00022";6000;10;;" ";;"N";"N";
"DBELE";"RPV22DBEBS00023";1000;10;;" ";;"N";"N";
"DBELE";"RPV22DBEBS00025";1000;10;;" ";;"N";"N";
"DBELE";"RPV22DBEBS00026";1000;10;;" ";;"N";"N";
"DBELE";"RPV22DBEBS00027";1000;10;;" ";;"N";"N";
"DBELE";"RPV22DBEBS00028";1000;10;;" ";;"N";"N";
"DBELE";"RPV22DBEBS00029";1000;10;;" ";;"N";"N";
"DBELE";"RPV22DBEBS00030";1000;10;;" ";;"N";"N";
"DBELE";"RPV22DBEBS00031";1000;10;;" ";;"N";"N";
"DBELE";"RPV22DBEBS00031";2000;10;;" ";;"N";"N";
"DBELE";"RPV22DBEBS00032";1000;10;;" ";;"N";"N";
"DBELE";"RPV22DBEBS00034";1000;10;;" ";;"N";"N";
"DBELE";"RPV22DBEBS00034";2000;10;;" ";;"N";"N";
"DBELE";"RPV22DBEBS00034";3000;10;;" ";;"N";"N";
"DBELE";"RPV22DBEBS00034";4000;10;;" ";;"N";"N";
"DBELE";"RPV22DBEBS00034";5000;10;;" ";;"N";"N";
"DBELE";"RPV22DBEBS00034";6000;10;;" ";;"N";"N";
"DBELE";"RPV22DBEBS00035";1000;10;;" ";;"N";"N";
"DBELE";"RPV22DBEBS00036";1000;10;;" ";;"N";"N";
"DBELE";"RPV22DBEBS00036";2000;10;;" ";;"N";"N";
"DBELE";"RPV22DBEBS00037";1000;10;;" ";;"N";"N";
"DBELE";"RPV22DBEBS00038";1000;10;;" ";;"N";"N";
"DBELE";"RPV22DBEBS00038";2000;10;;" ";;"N";"N";
"DBELE";"RPV22DBEBS00038";3000;10;;" ";;"N";"N";
"DBELE";"RPV22DBEBS00038";4000;10;;" ";;"N";"N";
"DBELE";"RPV22DBEBS00038";5000;10;;" ";;"N";"N";
"DBELE";"RPV22DBEBS00038";6000;10;;" ";;"N";"N";
"DBELE";"RPV22DBEBS00038";7000;10;;" ";;"N";"N";
"DBELE";"RPV22DBEBS00038";8000;10;;" ";;"N";"N";
"DBELE";"RPV22DBEBS00038";9000;10;;" ";;"N";"N";
"DBELE";"RPV22DBEBS00039";1000;10;;" ";;"N";"N";
"DBELE";"RPV22DBEBS00040";1000;10;;" ";;"N";"N";
"DBELE";"RPV22DBEBS00040";2000;10;;" ";;"N";"N";
"DBELE";"RPV22DBEBS00041";1000;10;;" ";;"N";"N";
"DBELE";"RPV22DBEBS00041";2000;10;;" ";;"N";"N";
"DBELE";"RPV22DBEBS00041";3000;10;;" ";;"N";"N";
"DBELE";"RPV22DBEBS00042";1000;10;;" ";;"N";"N";
"DBELE";"RPV22DBEBS00042";2000;10;;" ";;"N";"N";
"DBELE";"RPV22DBEBS00042";3000;10;;" ";;"N";"N";
"DBELE";"RPV22DBEBS00042";4000;10;;" ";;"N";"N";
"DBELE";"RPV22DBEBS00042";5000;10;;" ";;"N";"N";
"DBELE";"RPV22DBEBS00043";1000;10;;" ";;"N";"N";
"DBELE";"RPV22DBEBS00044";1000;10;;" ";;"N";"N";
"DBELE";"RPV22DBEBS00045";1000;10;;" ";;"N";"N";
"DBELE";"RPV22DBEBS00046";1000;10;;" ";;"N";"N";
"DBELE";"RPV22DBEBS00047";1000;10;;" ";;"N";"N";
"DBELE";"RPV22DBEBS00047";2000;10;;" ";;"N";"N";
"DBELE";"RPV22DBEBS00049";1000;10;;" ";;"N";"N";
"DBELE";"RPV22DBEBS00050";1000;10;;" ";;"N";"N";
"DBELE";"RPV22DBEBS00051";1000;10;;" ";;"N";"N";
"DBELE";"RPV22DBEBS00052";1000;10;;" ";;"N";"N";
"DBELE";"RPV22DBEBS00053";1000;10;;" ";;"N";"N";
"DBELE";"RPV22DBEBS00054";1000;10;;" ";;"N";"N";
"DBELE";"RPV22DBEBS00055";1000;10;;" ";;"N";"N";
"DBELE";"RPV22DBEBS00055";2000;10;;" ";;"N";"N";
"DBELE";"RPV22DBEBS00055";3000;10;;" ";;"N";"N";
"DBELE";"RPV22DBEBS00055";4000;10;;" ";;"N";"N";
"DBELE";"RPV22DBEBS00056";1000;10;;" ";;"N";"N";
"DBELE";"RPV22DBEBS00057";1000;10;;" ";;"N";"N";
"DBELE";"RPV22DBEBS00058";1000;10;;" ";;"N";"N";
"DBELE";"RPV22DBEBS00058";2000;10;;" ";;"N";"N";
"DBELE";"RPV22DBEBS00058";3000;10;;" ";;"N";"N";
"DBELE";"RPV22DBEBS00058";4000;10;;" ";;"N";"N";
"DBELE";"RPV22DBEBS00059";1000;10;;" ";;"N";"N";
"DBELE";"RPV22DBEBS00060";1000;10;;" ";;"N";"N";
"DBELE";"RPV22DBEBS00060";2000;10;;" ";;"N";"N";
"DBELE";"RPV22DBEBS00060";3000;10;;" ";;"N";"N";
"DBELE";"RPV22DBEBS00060";4000;10;;" ";;"N";"N";
"DBELE";"RPV22DBEBS00060";5000;10;;" ";;"N";"N";
"DBELE";"RPV22DBEBS00060";6000;10;;" ";;"N";"N";
"DBELE";"RPV22DBEBS00061";1000;10;;" ";;"N";"N";
"DBELE";"RPV22DBEBS00061";1500;10;;" ";;"N";"N";
"DBELE";"RPV22DBEBS00061";2000;10;;" ";;"N";"N";
"DBELE";"RPV22DBEBS00061";3000;10;;" ";;"N";"N";
"DBELE";"RPV22DBEBS00061";4000;10;;" ";;"N";"N";
"DBELE";"RPV22DBEBS00062";1000;10;;" ";;"N";"N";
"DBELE";"RPV22DBEBS00062";2000;10;;" ";;"N";"N";
"DBELE";"RPV22DBEBS00062";3000;10;;" ";;"N";"N";
"DBELE";"RPV22DBEBS00064";1000;10;;" ";;"N";"N";
"DBELE";"RPV22DBEBS00065";1000;10;;" ";;"N";"N";
"DBELE";"RPV22DBEBS00066";1000;10;;" ";;"N";"N";
"DBELE";"RPV22DBEBS00066";2000;10;;" ";;"N";"N";
"DBELE";"RPV22DBEBS00067";1000;10;;" ";;"N";"N";
"DBELE";"RPV22DBEBS00068";1000;10;;" ";;"N";"N";
"DBELE";"RPV22DBEBS00069";1000;10;;" ";;"N";"N";
"DBELE";"RPV22DBEBS00069";2000;10;;" ";;"N";"N";
"DBELE";"RPV22DBEBS00070";1000;10;;" ";;"N";"N";
"DBELE";"RPV22DBEBS00070";2000;10;;" ";;"N";"N";
"DBELE";"RPV22DBEBS00071";1000;10;;" ";;"N";"N";
"DBELE";"RPV22DBEBS00072";1000;10;;" ";;"N";"N";
"DBELE";"RPV22DBEBS00073";1000;10;;" ";;"N";"N";
"DBELE";"RPV22DBEBS00073";2000;10;;" ";;"N";"N";
"DBELE";"RPV22DBEBS00073";3000;10;;" ";;"N";"N";
"DBELE";"RPV22DBEBS00074";1000;10;;" ";;"N";"N";
"DBELE";"RPV22DBEBS00075";1000;10;;" ";;"N";"N";
"DBELE";"RPV22DBEBS00076";1000;10;;" ";;"N";"N";
"DBELE";"RPV22DBEBS00077";1000;10;;" ";;"N";"N";
"DBELE";"RPV22DBEBS00078";1000;10;;" ";;"N";"N";
"DBELE";"RPV22DBEBS00079";1000;10;;" ";;"N";"N";
"DBELE";"RPV22DBEBS00079";2000;10;;" ";;"N";"N";
"DBELE";"RPV22DBEBS00079";3000;10;;" ";;"N";"N";
"DBELE";"RPV22DBEBS00080";1000;10;;" ";;"N";"N";
"DBELE";"RPV22DBEBS00080";2000;10;;" ";;"N";"N";
"DBELE";"RPV22DBEBS00080";3000;10;;" ";;"N";"N";
"DBELE";"RPV22DBEBS00081";1000;10;;" ";;"N";"N";
"DBELE";"RPV22DBEBS00082";1000;10;;" ";;"N";"N";
"DBELE";"RPV22DBEBS00082";2000;10;;" ";;"N";"N";
"DBELE";"RPV22DBEBS00082";3000;10;;" ";;"N";"N";
"DBELE";"RPV22DBEBS00082";4000;10;;" ";;"N";"N";
"DBELE";"RPV22DBEBS00082";5000;10;;" ";;"N";"N";
"DBELE";"RPV22DBEBS00082";6000;10;;" ";;"N";"N";
"DBELE";"RPV22DBEBS00083";1000;10;;" ";;"N";"N";
"DBELE";"RPV22DBEBS00083";2000;10;;" ";;"N";"N";
"DBELE";"RPV22DBEBS00083";3000;10;;" ";;"N";"N";
"DBELE";"RPV22DBEBS00083";4000;10;;" ";;"N";"N";
"DBELE";"RPV22DBEBS00083";5000;10;;" ";;"N";"N";
"DBELE";"RPV22DBEBS00084";1000;10;;" ";;"N";"N";
"DBELE";"RPV22DBEBS00085";1000;10;;" ";;"N";"N";
"DBELE";"RPV22DBEBS00085";2000;10;;" ";;"N";"N";
"DBELE";"RPV22DBEBS00086";1000;10;;" ";;"N";"N";
"DBELE";"RPV22DBEBS00087";1000;10;;" ";;"N";"N";
"DBELE";"RPV22DBEBS00087";2000;10;;" ";;"N";"N";
"DBELE";"RPV22DBEBS00088";1000;10;;" ";;"N";"N";
"DBELE";"RPV22DBEBS00088";2000;10;;" ";;"N";"N";
"DBELE";"RPV22DBEBS00088";3000;10;;" ";;"N";"N";
"DBELE";"RPV22DBEBS00088";4000;10;;" ";;"N";"N";
"DBELE";"RPV22DBEBS00089";1000;10;;" ";;"N";"N";
"DBELE";"RPV22DBEBS00093";1000;10;;" ";;"N";"N";
"DBELE";"RPV22DBEBS00094";1000;10;;" ";;"N";"N";
"DBELE";"RPV22DBEBS00095";1000;10;;" ";;"N";"N";
"DBELE";"RPV22DBEBS00096";1000;10;;" ";;"N";"N";
"DBELE";"RPV22DBEBS00097";1000;10;;" ";;"N";"N";
"DBELE";"RPV22DBEBS00098";1000;10;;" ";;"N";"N";
"DBELE";"RPV22DBEBS00099";1000;10;;" ";;"N";"N";
"DBELE";"RPV22DBEBS00099";2000;10;;" ";;"N";"N";
"DBELE";"RPV22DBEBS00099";3000;10;;" ";;"N";"N";
"DBELE";"RPV22DBEBS00100";1000;10;;" ";;"N";"N";
"DBELE";"RPV22DBEBS00101";1000;10;;" ";;"N";"N";
"DBELE";"RPV22DBEBS00101";2000;10;;" ";;"N";"N";
"DBELE";"RPV22DBEBS00102";1000;10;;" ";;"N";"N";
"DBELE";"RPV22DBEBS00102";2000;10;;" ";;"N";"N";
"DBELE";"RPV22DBEBS00102";3000;10;;" ";;"N";"N";
"DBELE";"RPV22DBEBS00102";4000;10;;" ";;"N";"N";
"DBELE";"RPV22DBEBS00103";1000;10;;" ";;"N";"N";
"DBELE";"RPV22DBEBS00104";1000;10;;" ";;"N";"N";
"DBELE";"RPV22DBEBS00104";2000;10;;" ";;"N";"N";
"DBELE";"RPV22DBEBS00104";3000;10;;" ";;"N";"N";
"DBELE";"RPV22DBEBS00105";1000;10;;" ";;"N";"N";
"DBELE";"RPV22DBEBS00106";1000;10;;" ";;"N";"N";
"DBELE";"RPV22DBEBS00106";2000;10;;" ";;"N";"N";
"DBELE";"RPV22DBEBS00106";3000;10;;" ";;"N";"N";
"DBELE";"RPV22DBEBS00106";4000;10;;" ";;"N";"N";
"DBELE";"RPV22DBEBS00106";5000;10;;" ";;"N";"N";
"DBELE";"RPV22DBEBS00106";6000;10;;" ";;"N";"N";
"DBELE";"RPV22DBEBS00107";1000;10;;" ";;"N";"N";
"DBELE";"RPV22DBEBS00107";2000;10;;" ";;"N";"N";
"DBELE";"RPV22DBEBS00108";1000;10;;" ";;"N";"N";
"DBELE";"RPV22DBEBS00108";2000;10;;" ";;"N";"N";
"DBELE";"RPV22DBEBS00108";3000;10;;" ";;"N";"N";
"DBELE";"RPV22DBEBS00108";4000;10;;" ";;"N";"N";
"DBELE";"RPV22DBEBS00108";6000;10;;" ";;"N";"N";
"DBELE";"RPV22DBEBS00108";7000;10;;" ";;"N";"N";
"DBELE";"RPV22DBEBS00108";8000;10;;" ";;"N";"N";
"DBELE";"RPV22DBEBS00108";9000;10;;" ";;"N";"N";
"DBELE";"RPV22DBEBS00108";10000;10;;" ";;"N";"N";
"DBELE";"RPV22DBEBS00108";10500;10;;" ";;"N";"N";
"DBELE";"RPV22DBEBS00108";11000;10;;" ";;"N";"N";
"DBELE";"RPV22DBEBS00108";12000;10;;" ";;"N";"N";
"DBELE";"RPV22DBEBS00108";13000;10;;" ";;"N";"N";
"DBELE";"RPV22DBEBS00108";14000;10;;" ";;"N";"N";
"DBELE";"RPV22DBEBS00108";17000;10;;" ";;"N";"N";
"DBELE";"RPV22DBEBS00108";18000;10;;" ";;"N";"N";
"DBELE";"RPV22DBEBS00108";20000;10;;" ";;"N";"N";
"DBELE";"RPV22DBEBS00109";1000;10;;" ";;"N";"N";
"DBELE";"RPV22DBEBS00110";1000;10;;" ";;"N";"N";
"DBELE";"RPV22DBEBS00111";1000;10;;" ";;"N";"N";
"DBELE";"RPV22DBEBS00112";1000;10;;" ";;"N";"N";
"DBELE";"RPV22DBEBS00112";2000;10;;" ";;"N";"N";
"DBELE";"RPV22DBEBS00112";3000;10;;" ";;"N";"N";
"DBELE";"RPV22DBEBS00113";1000;10;;" ";;"N";"N";
"DBELE";"RPV22DBEBS00114";1000;10;;" ";;"N";"N";
"DBELE";"RPV22DBEBS00114";2000;10;;" ";;"N";"N";
"DBELE";"RPV22DBEBS00114";3000;10;;" ";;"N";"N";
"DBELE";"RPV22DBEBS00114";4000;10;;" ";;"N";"N";
"DBELE";"RPV22DBEBS00114";5000;10;;" ";;"N";"N";
"DBELE";"RPV22DBEBS00115";1000;10;;" ";;"N";"N";
"DBELE";"RPV22DBEBS00116";1000;10;;" ";;"N";"N";
"DBELE";"RPV22DBEBS00117";1000;10;;" ";;"N";"N";
"DBELE";"RPV22DBEBS00117";2000;10;;" ";;"N";"N";
"DBELE";"RPV22DBEBS00118";1000;10;;" ";;"N";"N";
"DBELE";"RPV22DBEBS00118";2000;10;;" ";;"N";"N";
"DBELE";"RPV22DBEBS00119";1000;10;;" ";;"N";"N";
"DBELE";"RPV22DBEBS00120";1000;10;;" ";;"N";"N";
"DBELE";"RPV22DBEBS00121";1000;10;;" ";;"N";"N";
"DBELE";"RPV22DBEBS00122";1000;10;;" ";;"N";"N";
"DBELE";"RPV22DBEBS00123";1000;10;;" ";;"N";"N";
"DBELE";"RPV22DBEBS00123";2000;10;;" ";;"N";"N";
"DBELE";"RPV22DBEBS00124";1000;10;;" ";;"N";"N";
"DBELE";"RPV22DBEBS00125";1000;10;;" ";;"N";"N";
"DBELE";"RPV22DBEBS00126";1000;10;;" ";;"N";"N";
"DBELE";"RPV22DBEBS00126";2000;10;;" ";;"N";"N";
"DBELE";"RPV22DBEBS00126";3000;10;;" ";;"N";"N";
"DBELE";"RPV22DBEBS00126";4000;10;;" ";;"N";"N";
"DBELE";"RPV22DBEBS00126";5000;10;;" ";;"N";"N";
"DBELE";"RPV22DBEBS00126";6000;10;;" ";;"N";"N";
"DBELE";"RPV22DBEBS00127";1000;10;;" ";;"N";"N";
"DBELE";"RPV22DBEBS00127";2000;10;;" ";;"N";"N";
"DBELE";"RPV22DBEBS00127";3000;10;;" ";;"N";"N";
"DBELE";"RPV22DBEBS00127";4000;10;;" ";;"N";"N";
"DBELE";"RPV22DBEBS00127";5000;10;;" ";;"N";"N";
"DBELE";"RPV22DBEBS00127";6000;10;;" ";;"N";"N";
"DBELE";"RPV22DBEBS00127";7000;10;;" ";;"N";"N";
"DBELE";"RPV22DBEBS00128";1000;10;;" ";;"N";"N";
"DBELE";"RPV22DBEBS00128";2000;10;;" ";;"N";"N";
"DBELE";"RPV22DBEBS00128";3000;10;;" ";;"N";"N";
"DBELE";"RPV22DBEBS00128";4000;10;;" ";;"N";"N";
"DBELE";"RPV22DBEBS00128";5000;10;;" ";;"N";"N";
"DBELE";"RPV22DBEBS00129";1000;10;;" ";;"N";"N";
"DBELE";"RPV22DBEBS00129";2000;10;;" ";;"N";"N";
"DBELE";"RPV22DBEBS00129";3000;10;;" ";;"N";"N";
"DBELE";"RPV22DBEBS00129";4000;10;;" ";;"N";"N";
"DBELE";"RPV22DBEBS00129";5000;10;;" ";;"N";"N";
"DBELE";"RPV22DBEBS00129";6000;10;;" ";;"N";"N";
"DBELE";"RPV22DBEBS00130";1000;10;;" ";;"N";"N";
"DBELE";"RPV22DBEBS00131";1000;10;;" ";;"N";"N";
"DBELE";"RPV22DBEBS00131";2000;10;;" ";;"N";"N";
"DBELE";"RPV22DBEBS00132";1000;10;;" ";;"N";"N";
"DBELE";"RPV22DBEBS00133";1000;10;;" ";;"N";"N";
"DBELE";"RPV22DBEBS00133";2000;10;;" ";;"N";"N";
"DBELE";"RPV22DBEBS00133";3000;10;;" ";;"N";"N";
"DBELE";"RPV22DBEBS00134";1000;10;;" ";;"N";"N";
"DBELE";"RPV22DBEBS00134";2000;10;;" ";;"N";"N";
"DBELE";"RPV22DBEBS00135";1000;10;;" ";;"N";"N";
"DBELE";"RPV22DBEBS00137";1000;10;;" ";;"N";"N";
"DBELE";"RPV22DBEBS00137";2000;10;;" ";;"N";"N";
"DBELE";"RPV22DBEBS00137";3000;10;;" ";;"N";"N";
"DBELE";"RPV22DBEBS00137";4000;10;;" ";;"N";"N";
"DBELE";"RPV22DBEBS00137";5000;10;;" ";;"N";"N";
"DBELE";"RPV22DBEBS00137";6000;10;;" ";;"N";"N";
"DBELE";"RPV22DBEBS00137";7000;10;;" ";;"N";"N";
"DBELE";"RPV22DBEBS00137";8000;10;;" ";;"N";"N";
"DBELE";"RPV22DBEBS00137";9000;10;;" ";;"N";"N";
"DBELE";"RPV22DBEBS00138";1000;10;;" ";;"N";"N";
"DBELE";"RPV22DBEBS00138";2000;10;;" ";;"N";"N";
"DBELE";"RPV22DBEBS00138";3000;10;;" ";;"N";"N";
"DBELE";"RPV22DBEBS00138";4000;10;;" ";;"N";"N";
"DBELE";"RPV22DBEBS00138";5000;10;;" ";;"N";"N";
"DBELE";"RPV22DBEBS00139";1000;10;;" ";;"N";"N";
"DBELE";"RPV22DBEBS00139";2000;10;;" ";;"N";"N";
"DBELE";"RPV22DBEBS00139";3000;10;;" ";;"N";"N";
"DBELE";"RPV22DBEBS00140";1000;10;;" ";;"N";"N";
"DBELE";"RPV22DBEBS00140";2000;10;;" ";;"N";"N";
"DBELE";"RPV22DBEBS00141";1000;10;;" ";;"N";"N";
"DBELE";"RPV22DBEBS00142";1000;10;;" ";;"N";"N";
"DBELE";"RPV22DBEBS00143";2000;10;;" ";;"N";"N";
"DBELE";"RPV22DBEBS00144";1000;10;;" ";;"N";"N";
"DBELE";"RPV22DBEBS00144";2000;10;;" ";;"N";"N";
"DBELE";"RPV22DBEBS00145";1000;10;;" ";;"N";"N";
"DBELE";"RPV22DBEBS00145";2000;10;;" ";;"N";"N";
"DBELE";"RPV22DBEBS00146";1000;10;;" ";;"N";"N";
"DBELE";"RPV22DBEBS00147";500;10;;" ";;"N";"N";
"DBELE";"RPV22DBEBS00147";1000;10;;" ";;"N";"N";
"DBELE";"RPV22DBEBS00148";1000;10;;" ";;"N";"N";
"DBELE";"RPV22DBEBS00148";2000;10;;" ";;"N";"N";
"DBELE";"RPV22DBEBS00148";3000;10;;" ";;"N";"N";
"DBELE";"RPV22DBEBS00149";1000;10;;" ";;"N";"N";
"DBELE";"RPV22DBEBS00149";2000;10;;" ";;"N";"N";
"DBELE";"RPV22DBEBS00149";3000;10;;" ";;"N";"N";
"DBELE";"RPV22DBEBS00150";1000;10;;" ";;"N";"N";
"DBELE";"RPV22DBEBS00150";2000;10;;" ";;"N";"N";
"DBELE";"RPV22DBEBS00150";3000;10;;" ";;"N";"N";
"DBELE";"RPV22DBEBS00150";4000;10;;" ";;"N";"N";
"DBELE";"RPV22DBEBS00150";5000;10;;" ";;"N";"N";
"DBELE";"RPV22DBEBS00150";6000;10;;" ";;"N";"N";
"DBELE";"RPV22DBEBS00150";7000;10;;" ";;"N";"N";
"DBELE";"RPV22DBEBS00150";8000;10;;" ";;"N";"N";
"DBELE";"RPV22DBEBS00151";1000;10;;" ";;"N";"N";
"DBELE";"RPV22DBEBS00151";2000;10;;" ";;"N";"N";
"DBELE";"RPV22DBEBS00152";1000;10;;" ";;"N";"N";
"DBELE";"RPV22DBEBS00152";2000;10;;" ";;"N";"N";
"DBELE";"RPV22DBEBS00152";3000;10;;" ";;"N";"N";
"DBELE";"RPV22DBEBS00153";1000;10;;" ";;"N";"N";
"DBELE";"RPV22DBEBS00153";2000;10;;" ";;"N";"N";
"DBELE";"RPV22DBEBS00153";3000;10;;" ";;"N";"N";
"DBELE";"RPV22DBEBS00154";1000;10;;" ";;"N";"N";
"DBELE";"RPV22DBEBS00155";1000;10;;" ";;"N";"N";
"DBELE";"RPV22DBEBS00155";2000;10;;" ";;"N";"N";
"DBELE";"RPV22DBEBS00155";3000;10;;" ";;"N";"N";
"DBELE";"RPV22DBEBS00156";1000;10;;" ";;"N";"N";
"DBELE";"RPV22DBEBS00157";1000;10;;" ";;"N";"N";
"DBELE";"RPV22DBEBS00157";1500;10;;" ";;"N";"N";
"DBELE";"RPV22DBEBS00157";2000;10;;" ";;"N";"N";
"DBELE";"RPV22DBEBS00157";2500;10;;" ";;"N";"N";
"DBELE";"RPV22DBEBS00157";3000;10;;" ";;"N";"N";
"DBELE";"RPV22DBEBS00158";1000;10;;" ";;"N";"N";
"DBELE";"RPV22DBEBS00159";1000;10;;" ";;"N";"N";
"DBELE";"RPV22DBEBS00159";2000;10;;" ";;"N";"N";
"DBELE";"RPV22DBEBS00159";3000;10;;" ";;"N";"N";
"DBELE";"RPV22DBEBS00159";4000;10;;" ";;"N";"N";
"DBELE";"RPV22DBEBS00159";5000;10;;" ";;"N";"N";
"DBELE";"RPV22DBEBS00159";6000;10;;" ";;"N";"N";
"DBELE";"RPV22DBEBS00160";1000;10;;" ";;"N";"N";
"DBELE";"RPV22DBEBS00161";1000;10;;" ";;"N";"N";
"DBELE";"RPV22DBEBS00162";1000;10;;" ";;"N";"N";
"DBELE";"RPV22DBEBS00163";1000;10;;" ";;"N";"N";
"DBELE";"RPV22DBEBS00163";2000;10;;" ";;"N";"N";
"DBELE";"RPV22DBEBS00163";3000;10;;" ";;"N";"N";
"DBELE";"RPV22DBEBS00163";4000;10;;" ";;"N";"N";
"DBELE";"RPV22DBEBS00164";1000;10;;" ";;"N";"N";
"DBELE";"RPV22DBEBS00164";2000;10;;" ";;"N";"N";
"DBELE";"RPV22DBEBS00164";3000;10;;" ";;"N";"N";
"DBELE";"RPV22DBEBS00164";4000;10;;" ";;"N";"N";
"DBELE";"RPV22DBEBS00165";1000;10;;" ";;"N";"N";
"DBELE";"RPV22DBEBS00165";2000;10;;" ";;"N";"N";
"DBELE";"RPV22DBEBS00166";1000;10;;" ";;"N";"N";
"DBELE";"RPV22DBEBS00167";1000;10;;" ";;"N";"N";
"DBELE";"RPV22DBEBS00168";1000;10;;" ";;"N";"N";
"DBELE";"RPV22DBEBS00170";1000;10;;" ";;"N";"N";
"DBELE";"RPV22DBEBS00171";1000;10;;" ";;"N";"N";
"DBELE";"RPV22DBEBS00171";2000;10;;" ";;"N";"N";
"DBELE";"RPV22DBEBS00172";1000;10;;" ";;"N";"N";
"DBELE";"RPV22DBEBS00172";2000;10;;" ";;"N";"N";
"DBELE";"RPV22DBEBS00173";1000;10;;" ";;"N";"N";
"DBELE";"RPV22DBEBS00173";2000;10;;" ";;"N";"N";
"DBELE";"RPV22DBEBS00174";1000;10;;" ";;"N";"N";
"DBELE";"RPV22DBEBS00175";1000;10;;" ";;"N";"N";
"DBELE";"RPV22DBEBS00176";1000;10;;" ";;"N";"N";
"DBELE";"RPV22DBEBS00176";2000;10;;" ";;"N";"N";
"DBELE";"RPV22DBEBS00177";1000;10;;" ";;"N";"N";
"DBELE";"RPV22DBEBS00179";1000;10;;" ";;"N";"N";
"DBELE";"RPV22DBEBS00180";1000;10;;" ";;"N";"N";
"DBELE";"RPV22DBEBS00180";2000;10;;" ";;"N";"N";
"DBELE";"RPV22DBEBS00180";3000;10;;" ";;"N";"N";
"DBELE";"RPV22DBEBS00180";4000;10;;" ";;"N";"N";
"DBELE";"RPV22DBEBS00181";1000;10;;" ";;"N";"N";
"DBELE";"RPV22DBEBS00181";2000;10;;" ";;"N";"N";
"DBELE";"RPV22DBEBS00181";3000;10;;" ";;"N";"N";
"DBELE";"RPV22DBEBS00181";4000;10;;" ";;"N";"N";
"DBELE";"RPV22DBEBS00181";5000;10;;" ";;"N";"N";
"DBELE";"RPV22DBEBS00181";6000;10;;" ";;"N";"N";
"DBELE";"RPV22DBEBS00181";7000;10;;" ";;"N";"N";
"DBELE";"RPV22DBEBS00181";8000;10;;" ";;"N";"N";
"DBELE";"RPV22DBEPD00001";1000;10;;" ";;"N";"N";
"DBELE";"RPV22DBEPD00001";2000;10;;" ";;"N";"N";
"DBELE";"RPV22DBEPD00002";1000;10;;" ";;"N";"N";
"DBELE";"RPV22DBEPD00002";2000;10;;" ";;"N";"N";
"DBELE";"RPV22DBEPD00003";1000;10;;" ";;"N";"N";
"DBELE";"RPV22DBEPD00003";2000;10;;" ";;"N";"N";
"DBELE";"RPV22DBEPD00005";1000;10;;" ";;"N";"N";
"DBELE";"RPV22DBEPD00005";2000;10;;" ";;"N";"N";
"DBELE";"RPV22DBEPD00005";3000;10;;" ";;"N";"N";
"DBELE";"RPV22DBEPD00006";1000;10;;" ";;"N";"N";
"DBELE";"RPV22DBEPD00006";2000;10;;" ";;"N";"N";
"DBELE";"RPV22DBEPD00006";3000;10;;" ";;"N";"N";
"DBELE";"RPV22DBEPD00007";1000;10;;" ";;"N";"N";
"DBELE";"RPV22DBEPD00008";1000;10;;" ";;"N";"N";
"DBELE";"RPV22DBEPD00010";1000;10;;" ";;"N";"N";
"DBELE";"RPV22DBEPD00011";1000;10;;" ";;"N";"N";
"DBELE";"RPV22DBEPD00011";2000;10;;" ";;"N";"N";
"DBELE";"RPV22DBEPD00012";1000;10;;" ";;"N";"N";
"DBELE";"RPV22DBEPD00012";2000;10;;" ";;"N";"N";
"DBELE";"RPV22DBEPD00013";1000;10;;" ";;"N";"N";
"DBELE";"RPV22DBEPD00013";2000;10;;" ";;"N";"N";
"DBELE";"RPV22DBEPD00014";1000;10;;" ";;"N";"N";
"DBELE";"RPV22DBEPD00015";1000;10;;" ";;"N";"N";
"DBELE";"RPV22DBEPD00016";1000;10;;" ";;"N";"N";
"DBELE";"RPV22DBEPD00017";1000;10;;" ";;"N";"N";
"DBELE";"RPV22DBEPD00018";1000;10;;" ";;"N";"N";
"DBELE";"RPV22DBEPD00019";1000;10;;" ";;"N";"N";
"DBELE";"RPV22DBEPD00020";1000;10;;" ";;"N";"N";
"DBELE";"RPV22DBEPD00020";2000;10;;" ";;"N";"N";
"DBELE";"RPV22DBEPD00021";1000;10;;" ";;"N";"N";
"DBELE";"RPV22DBEPD00022";2000;10;;" ";;"N";"N";
"DBELE";"RPV22DBEPD00022";3000;10;;" ";;"N";"N";
"DBELE";"RPV22DBEPD00022";4000;10;;" ";;"N";"N";
"DBELE";"RPV22DBEPD00024";1000;10;;" ";;"N";"N";
"DBELE";"RPV22DBEPD00024";2000;10;;" ";;"N";"N";
"DBELE";"RPV22DBEPD00025";1000;10;;" ";;"N";"N";
"DBELE";"RPV22DBEPD00026";1000;10;;" ";;"N";"N";
"DBELE";"RPV22DBEPD00026";2000;10;;" ";;"N";"N";
"DBELE";"RPV22DBEPD00027";1000;10;;" ";;"N";"N";
"DBELE";"RPV22DBEPD00027";2000;10;;" ";;"N";"N";
"DBELE";"RPV22DBEPD00028";1000;10;;" ";;"N";"N";
"DBELE";"RPV22DBEPD00029";1000;10;;" ";;"N";"N";
"DBELE";"RPV22DBEPD00029";2000;10;;" ";;"N";"N";
"DBELE";"RPV22DBEPD00029";3000;10;;" ";;"N";"N";
"DBELE";"RPV22DBEPD00029";4000;10;;" ";;"N";"N";
"DBELE";"RPV22DBEPD00030";1000;10;;" ";;"N";"N";
"DBELE";"RPV22DBEPD00030";2000;10;;" ";;"N";"N";
"DBELE";"RPV22DBEPD00031";1000;10;;" ";;"N";"N";
"DBELE";"RPV22DBEPD00032";1000;10;;" ";;"N";"N";
"DBELE";"RPV22DBEPD00032";2000;10;;" ";;"N";"N";
"DBELE";"RPV22DBEPD00032";3000;10;;" ";;"N";"N";
"DBELE";"RPV22DBEPD00033";1000;10;;" ";;"N";"N";
"DBELE";"RPV22DBEPD00034";1000;10;;" ";;"N";"N";
"DBELE";"RPV22DBEPD00034";2000;10;;" ";;"N";"N";
"DBELE";"RPV22DBEPD00036";1000;10;;" ";;"N";"N";
"DBELE";"RPV22DBEPD00037";1000;10;;" ";;"N";"N";
"DBELE";"RPV22DBEPD00038";1000;10;;" ";;"N";"N";
"DBELE";"RPV22DBEPD00040";1000;10;;" ";;"N";"N";
"DBELE";"RPV22DBEPD00040";2000;10;;" ";;"N";"N";
"DBELE";"RPV22DBEPD00042";1000;10;;" ";;"N";"N";
"DBELE";"RPV22DBEPD00042";2000;10;;" ";;"N";"N";
"DBELE";"RPV22DBEPD00043";1000;10;;" ";;"N";"N";
"DBELE";"RPV22DBEPD00043";2000;10;;" ";;"N";"N";
"DBELE";"RPV22DBEPD00044";1000;10;;" ";;"N";"N";
"DBELE";"RPV22DBEPD00044";1500;10;;" ";;"N";"N";
"DBELE";"RPV22DBEPD00044";2000;10;;" ";;"N";"N";
"DBELE";"RPV22DBEPD00044";2500;10;;" ";;"N";"N";
"DBELE";"RPV22DBEPD00044";3000;10;;" ";;"N";"N";
"DBELE";"RPV22DBEPD00044";4000;10;;" ";;"N";"N";
"DBELE";"RPV22DBEPD00045";1000;10;;" ";;"N";"N";
"DBELE";"RPV22DBEPD00046";1000;10;;" ";;"N";"N";
"DBELE";"RPV22DBEPD00046";2000;10;;" ";;"N";"N";
"DBELE";"RPV22DBEPD00047";1000;10;;" ";;"N";"N";
"DBELE";"RPV22DBEPD00048";1000;10;;" ";;"N";"N";
"DBELE";"RPV22DBEPD00049";1000;10;;" ";;"N";"N";
"DBELE";"RPV22DBEPD00050";1000;10;;" ";;"N";"N";
"DBELE";"RPV22DBEPD00050";2000;10;;" ";;"N";"N";
"DBELE";"RPV22DBEPD00050";2500;10;;" ";;"N";"N";
"DBELE";"RPV22DBEPD00050";3000;10;;" ";;"N";"N";
"DBELE";"RPV22DBEPD00050";3500;10;;" ";;"N";"N";
"DBELE";"RPV22DBEPD00050";4000;10;;" ";;"N";"N";
"DBELE";"RPV22DBEPD00050";5000;10;;" ";;"N";"N";
"DBELE";"RPV22DBEPD00051";1000;10;;" ";;"N";"N";
"DBELE";"RPV22DBEPD00051";2000;10;;" ";;"N";"N";
"DBELE";"RPV22DBEPD00052";1000;10;;" ";;"N";"N";
"DBELE";"RPV22DBEPD00053";1000;10;;" ";;"N";"N";
"DBELE";"RPV22DBEPD00054";1000;10;;" ";;"N";"N";
"DBELE";"RPV22DBEPD00054";1500;10;;" ";;"N";"N";
"DBELE";"RPV22DBEPD00054";2000;10;;" ";;"N";"N";
"DBELE";"RPV22DBEPD00054";3000;10;;" ";;"N";"N";
"DBELE";"RPV22DBEPD00055";1000;10;;" ";;"N";"N";
"DBELE";"RPV22DBEPD00056";1000;10;;" ";;"N";"N";
"DBELE";"RPV22DBEPD00056";2000;10;;" ";;"N";"N";
"DBELE";"RPV22DBEPD00057";1000;10;;" ";;"N";"N";
"DBELE";"RPV22DBEPD00057";2000;10;;" ";;"N";"N";
"DBELE";"RPV22DBEPD00058";1000;10;;" ";;"N";"N";
"DBELE";"RPV22DBEPD00059";1000;10;;" ";;"N";"N";
"DBELE";"RPV22DBEPD00061";1000;10;;" ";;"N";"N";
"DBELE";"RPV22DBEPD00062";1000;10;;" ";;"N";"N";
"DBELE";"RPV22DBEPD00062";2000;10;;" ";;"N";"N";
"DBELE";"RPV22DBEPD00064";1000;10;;" ";;"N";"N";
"DBELE";"RPV22DBEPD00065";1000;10;;" ";;"N";"N";
"DBELE";"RPV22DBEPD00066";1000;10;;" ";;"N";"N";
"DBELE";"RPV22DBEPD00066";2000;10;;" ";;"N";"N";
"DBELE";"RPV22DBEPD00068";1000;10;;" ";;"N";"N";
"DBELE";"RPV22DBEPD00068";1500;10;;" ";;"N";"N";
"DBELE";"RPV22DBEPD00068";1750;10;;" ";;"N";"N";
"DBELE";"RPV22DBEPD00068";2000;10;;" ";;"N";"N";
"DBELE";"RPV22DBEPD00068";3000;10;;" ";;"N";"N";
"DBELE";"RPV22DBEPD00069";1000;10;;" ";;"N";"N";
"DBELE";"RPV22DBEPD00069";2000;10;;" ";;"N";"N";
"DBELE";"RPV22DBEPD00071";1000;10;;" ";;"N";"N";
"DBELE";"RPV22DBEPD00071";2000;10;;" ";;"N";"N";
"DBELE";"RPV22DBEPD00072";1000;10;;" ";;"N";"N";
"DBELE";"RPV22DBEPD00072";2000;10;;" ";;"N";"N";
"DBELE";"RPV22DBEPD00073";1000;10;;" ";;"N";"N";
"DBELE";"RPV22DBEPD00073";2000;10;;" ";;"N";"N";
"DBELE";"RPV22DBEPD00073";3000;10;;" ";;"N";"N";
"DBELE";"RPV22DBEPD00073";4000;10;;" ";;"N";"N";
"DBELE";"RPV22DBEPD00074";1000;10;;" ";;"N";"N";
"DBELE";"RPV22DBEPD00075";1000;10;;" ";;"N";"N";
"DBELE";"RPV22DBEPD00075";1500;10;;" ";;"N";"N";
"DBELE";"RPV22DBEPD00075";2000;10;;" ";;"N";"N";
"DBELE";"RPV22DBEPD00075";3000;10;;" ";;"N";"N";
"DBELE";"RPV22DBEPD00076";1000;10;;" ";;"N";"N";
"DBELE";"RPV22DBEPD00076";1500;10;;" ";;"N";"N";
"DBELE";"RPV22DBEPD00076";2000;10;;" ";;"N";"N";
"DBELE";"RPV22DBEPD00076";3000;10;;" ";;"N";"N";
"DBELE";"RPV22DBEPD00076";4000;10;;" ";;"N";"N";
"DBELE";"RPV22DBEPD00077";1000;10;;" ";;"N";"N";
"DBELE";"RPV22DBEPD00077";2000;10;;" ";;"N";"N";
"DBELE";"RPV22DBEPD00077";3000;10;;" ";;"N";"N";
"DBELE";"RPV22DBEPD00077";4000;10;;" ";;"N";"N";
"DBELE";"RPV22DBEPD00078";1000;10;;" ";;"N";"N";
"DBELE";"RPV22DBEPD00079";1000;10;;" ";;"N";"N";
"DBELE";"RPV22DBEPD00080";1000;10;;" ";;"N";"N";
"DBELE";"RPV22DBEPD00081";1000;10;;" ";;"N";"N";
"DBELE";"RPV22DBEPD00081";2000;10;;" ";;"N";"N";
"DBELE";"RPV22DBEPD00082";1000;10;;" ";;"N";"N";
"DBELE";"RPV22DBEPD00082";2000;10;;" ";;"N";"N";
"DBELE";"RPV22DBEPD00083";1000;10;;" ";;"N";"N";
"DBELE";"RPV22DBEPD00083";2000;10;;" ";;"N";"N";
"DBELE";"RPV22DBEPD00084";1000;10;;" ";;"N";"N";
"DBELE";"RPV22DBEPD00084";2000;10;;" ";;"N";"N";
"DBELE";"RPV22DBEPD00086";1000;10;;" ";;"N";"N";
"DBELE";"RPV22DBEPD00087";1000;10;;" ";;"N";"N";
"DBELE";"RPV22DBEPD00087";2000;10;;" ";;"N";"N";
"DBELE";"RPV22DBEPD00088";1000;10;;" ";;"N";"N";
"DBELE";"RPV22DBEPD00088";2000;10;;" ";;"N";"N";
"DBELE";"RPV22DBEPD00088";3000;10;;" ";;"N";"N";
"DBELE";"RPV22DBEPD00088";4000;10;;" ";;"N";"N";
"DBELE";"RPV22DBEPD00088";5000;10;;" ";;"N";"N";
"DBELE";"RPV22DBEPD00089";1000;10;;" ";;"N";"N";
"DBELE";"RPV22DBEPD00089";2000;10;;" ";;"N";"N";
"DBELE";"RPV22DBEPD00090";1000;10;;" ";;"N";"N";
"DBELE";"RPV22DBEPD00090";2000;10;;" ";;"N";"N";
"DBELE";"RPV22DBEPD00091";1000;10;;" ";;"N";"N";
"DBELE";"RPV22DBEPD00092";1000;10;;" ";;"N";"N";
"DBELE";"RPV22DBEPD00093";1000;10;;" ";;"N";"N";
"DBELE";"RPV22DBEPD00094";1000;10;;" ";;"N";"N";
"DBELE";"RPV22DBEPD00094";2000;10;;" ";;"N";"N";
"DBELE";"RPV22DBEPD00095";1000;10;;" ";;"N";"N";
"DBELE";"RPV22DBEPD00095";2000;10;;" ";;"N";"N";
"DBELE";"RPV22DBEPD00095";3000;10;;" ";;"N";"N";
"DBELE";"RPV22DBEPD00095";4000;10;;" ";;"N";"N";
"DBELE";"RPV22DBEPD00095";5000;10;;" ";;"N";"N";
"DBELE";"RPV22DBEPD00095";6000;10;;" ";;"N";"N";
"DBELE";"RPV22DBEPD00096";1000;10;;" ";;"N";"N";
"DBELE";"RPV22DBEPD00096";2000;10;;" ";;"N";"N";
"DBELE";"RPV22DBEPD00097";1000;10;;" ";;"N";"N";
"DBELE";"RPV22DBEPD00097";2000;10;;" ";;"N";"N";
"DBELE";"RPV22DBERM00001";1000;10;;" ";;"N";"N";
"DBELE";"RPV22DBERM00002";1000;10;;" ";;"N";"N";
"DBELE";"RPV22DBERM00003";1000;10;;" ";;"N";"N";
"DBELE";"RPV22DBERM00004";1000;10;;" ";;"N";"N";
"DBELE";"RPV23DBEBS00001";1000;10;;" ";;"N";"N";
"DBELE";"RPV23DBEBS00001";3000;10;;" ";;"N";"N";
"DBELE";"RPV23DBEBS00001";4000;10;;" ";;"N";"N";
"DBELE";"RPV23DBEBS00002";1000;10;;" ";;"N";"N";
"DBELE";"RPV23DBEBS00003";1000;10;;" ";;"N";"N";
"DBELE";"RPV23DBEBS00003";1500;10;;" ";;"N";"N";
"DBELE";"RPV23DBEBS00003";2000;10;;" ";;"N";"N";
"DBELE";"RPV23DBEBS00003";2500;10;;" ";;"N";"N";
"DBELE";"RPV23DBEBS00003";3000;10;;" ";;"N";"N";
"DBELE";"RPV23DBEBS00003";4000;10;;" ";;"N";"N";
"DBELE";"RPV23DBEBS00003";5000;10;;" ";;"N";"N";
"DBELE";"RPV23DBEBS00004";1000;10;;" ";;"N";"N";
"DBELE";"RPV23DBEBS00004";2000;10;;" ";;"N";"N";
"DBELE";"RPV23DBEBS00005";1000;10;;" ";;"N";"N";
"DBELE";"RPV23DBEBS00006";1000;10;;" ";;"N";"N";
"DBELE";"RPV23DBEBS00006";2000;10;;" ";;"N";"N";
"DBELE";"RPV23DBEBS00006";3000;10;;" ";;"N";"N";
"DBELE";"RPV23DBEBS00006";4000;10;;" ";;"N";"N";
"DBELE";"RPV23DBEBS00007";1000;10;;" ";;"N";"N";
"DBELE";"RPV23DBEBS00007";2000;10;;" ";;"N";"N";
"DBELE";"RPV23DBEBS00008";1000;10;;" ";;"N";"N";
"DBELE";"RPV23DBEBS00008";2000;10;;" ";;"N";"N";
"DBELE";"RPV23DBEBS00008";3000;10;;" ";;"N";"N";
"DBELE";"RPV23DBEBS00008";4000;10;;" ";;"N";"N";
"DBELE";"RPV23DBEBS00009";1000;10;;" ";;"N";"N";
"DBELE";"RPV23DBEBS00010";1000;10;;" ";;"N";"N";
"DBELE";"RPV23DBEBS00010";2000;10;;" ";;"N";"N";
"DBELE";"RPV23DBEBS00010";3000;10;;" ";;"N";"N";
"DBELE";"RPV23DBEBS00010";4000;10;;" ";;"N";"N";
"DBELE";"RPV23DBEBS00010";5000;10;;" ";;"N";"N";
"DBELE";"RPV23DBEBS00010";6000;10;;" ";;"N";"N";
"DBELE";"RPV23DBEBS00011";1000;10;;" ";;"N";"N";
"DBELE";"RPV23DBEBS00012";1000;10;;" ";;"N";"N";
"DBELE";"RPV23DBEBS00012";2000;10;;" ";;"N";"N";
"DBELE";"RPV23DBEBS00013";1000;10;;" ";;"N";"N";
"DBELE";"RPV23DBEBS00013";2000;10;;" ";;"N";"N";
"DBELE";"RPV23DBEBS00014";1000;10;;" ";;"N";"N";
"DBELE";"RPV23DBEBS00014";2000;10;;" ";;"N";"N";
"DBELE";"RPV23DBEBS00014";3000;10;;" ";;"N";"N";
"DBELE";"RPV23DBEBS00014";4000;10;;" ";;"N";"N";
"DBELE";"RPV23DBEBS00014";5000;10;;" ";;"N";"N";
"DBELE";"RPV23DBEBS00014";6000;10;;" ";;"N";"N";
"DBELE";"RPV23DBEBS00015";1000;10;;" ";;"N";"N";
"DBELE";"RPV23DBEBS00015";2000;10;;" ";;"N";"N";
"DBELE";"RPV23DBEBS00015";3000;10;;" ";;"N";"N";
"DBELE";"RPV23DBEBS00015";4000;10;;" ";;"N";"N";
"DBELE";"RPV23DBEBS00015";5000;10;;" ";;"N";"N";
"DBELE";"RPV23DBEBS00016";1000;10;;" ";;"N";"N";
"DBELE";"RPV23DBEBS00017";1000;10;;" ";;"N";"N";
"DBELE";"RPV23DBEBS00017";2000;10;;" ";;"N";"N";
"DBELE";"RPV23DBEBS00017";3000;10;;" ";;"N";"N";
"DBELE";"RPV23DBEBS00018";1000;10;;" ";;"N";"N";
"DBELE";"RPV23DBEBS00019";1000;10;;" ";;"N";"N";
"DBELE";"RPV23DBEBS00019";2000;10;;" ";;"N";"N";
"DBELE";"RPV23DBEBS00020";2000;10;;" ";;"N";"N";
"DBELE";"RPV23DBEBS00021";1000;10;;" ";;"N";"N";
"DBELE";"RPV23DBEBS00022";1000;10;;" ";;"N";"N";
"DBELE";"RPV23DBEBS00023";1000;10;;" ";;"N";"N";
"DBELE";"RPV23DBEBS00024";1000;10;;" ";;"N";"N";
"DBELE";"RPV23DBEBS00024";2000;10;;" ";;"N";"N";
"DBELE";"RPV23DBEBS00025";1000;10;;" ";;"N";"N";
"DBELE";"RPV23DBEBS00026";1000;10;;" ";;"N";"N";
"DBELE";"RPV23DBEBS00026";2000;10;;" ";;"N";"N";
"DBELE";"RPV23DBEBS00026";3000;10;;" ";;"N";"N";
"DBELE";"RPV23DBEBS00026";4000;10;;" ";;"N";"N";
"DBELE";"RPV23DBEBS00026";5000;10;;" ";;"N";"N";
"DBELE";"RPV23DBEBS00027";1000;10;;" ";;"N";"N";
"DBELE";"RPV23DBEBS00027";2000;10;;" ";;"N";"N";
"DBELE";"RPV23DBEBS00027";3000;10;;" ";;"N";"N";
"DBELE";"RPV23DBEBS00028";1000;10;;" ";;"N";"N";
"DBELE";"RPV23DBEBS00029";1000;10;;" ";;"N";"N";
"DBELE";"RPV23DBEBS00029";2000;10;;" ";;"N";"N";
"DBELE";"RPV23DBEBS00029";3000;10;;" ";;"N";"N";
"DBELE";"RPV23DBEBS00030";1000;10;;" ";;"N";"N";
"DBELE";"RPV23DBEBS00031";1000;10;;" ";;"N";"N";
"DBELE";"RPV23DBEBS00031";2000;10;;" ";;"N";"N";
"DBELE";"RPV23DBEBS00031";3000;10;;" ";;"N";"N";
"DBELE";"RPV23DBEBS00032";1000;10;;" ";;"N";"N";
"DBELE";"RPV23DBEBS00032";2000;10;;" ";;"N";"N";
"DBELE";"RPV23DBEBS00032";3000;10;;" ";;"N";"N";
"DBELE";"RPV23DBEBS00032";4000;10;;" ";;"N";"N";
"DBELE";"RPV23DBEBS00033";1000;10;;" ";;"N";"N";
"DBELE";"RPV23DBEBS00034";1000;10;;" ";;"N";"N";
"DBELE";"RPV23DBEBS00035";1000;10;;" ";;"N";"N";
"DBELE";"RPV23DBEBS00035";2000;10;;" ";;"N";"N";
"DBELE";"RPV23DBEBS00036";1000;10;;" ";;"N";"N";
"DBELE";"RPV23DBEBS00037";1000;10;;" ";;"N";"N";
"DBELE";"RPV23DBEBS00038";1000;10;;" ";;"N";"N";
"DBELE";"RPV23DBEBS00039";1000;10;;" ";;"N";"N";
"DBELE";"RPV23DBEBS00040";1000;10;;" ";;"N";"N";
"DBELE";"RPV23DBEBS00040";2000;10;;" ";;"N";"N";
"DBELE";"RPV23DBEBS00040";3000;10;;" ";;"N";"N";
"DBELE";"RPV23DBEBS00041";1000;10;;" ";;"N";"N";
"DBELE";"RPV23DBEBS00042";1000;10;;" ";;"N";"N";
"DBELE";"RPV23DBEBS00043";1000;10;;" ";;"N";"N";
"DBELE";"RPV23DBEBS00044";1000;10;;" ";;"N";"N";
"DBELE";"RPV23DBEBS00044";2000;10;;" ";;"N";"N";
"DBELE";"RPV23DBEBS00044";3000;10;;" ";;"N";"N";
"DBELE";"RPV23DBEBS00045";1000;10;;" ";;"N";"N";
"DBELE";"RPV23DBEBS00045";2000;10;;" ";;"N";"N";
"DBELE";"RPV23DBEBS00046";1000;10;;" ";;"N";"N";
"DBELE";"RPV23DBEBS00047";1000;10;;" ";;"N";"N";
"DBELE";"RPV23DBEBS00048";1000;10;;" ";;"N";"N";
"DBELE";"RPV23DBEBS00049";1000;10;;" ";;"N";"N";
"DBELE";"RPV23DBEBS00050";1000;10;;" ";;"N";"N";
"DBELE";"RPV23DBEBS00050";2000;10;;" ";;"N";"N";
"DBELE";"RPV23DBEBS00051";1000;10;;" ";;"N";"N";
"DBELE";"RPV23DBEBS00052";1000;10;;" ";;"N";"N";
"DBELE";"RPV23DBEBS00052";2000;10;;" ";;"N";"N";
"DBELE";"RPV23DBEBS00052";3000;10;;" ";;"N";"N";
"DBELE";"RPV23DBEBS00052";4000;10;;" ";;"N";"N";
"DBELE";"RPV23DBEBS00052";5000;10;;" ";;"N";"N";
"DBELE";"RPV23DBEBS00052";6000;10;;" ";;"N";"N";
"DBELE";"RPV23DBEBS00052";7000;10;;" ";;"N";"N";
"DBELE";"RPV23DBEBS00053";1000;10;;" ";;"N";"N";
"DBELE";"RPV23DBEBS00054";1000;10;;" ";;"N";"N";
"DBELE";"RPV23DBEBS00054";2000;10;;" ";;"N";"N";
"DBELE";"RPV23DBEBS00054";3000;10;;" ";;"N";"N";
"DBELE";"RPV23DBEBS00054";4000;10;;" ";;"N";"N";
"DBELE";"RPV23DBEBS00054";5000;10;;" ";;"N";"N";
"DBELE";"RPV23DBEBS00054";7000;10;;" ";;"N";"N";
"DBELE";"RPV23DBEBS00054";8000;10;;" ";;"N";"N";
"DBELE";"RPV23DBEBS00054";12000;10;;" ";;"N";"N";
"DBELE";"RPV23DBEBS00056";1000;10;;" ";;"N";"N";
"DBELE";"RPV23DBEBS00056";2000;10;;" ";;"N";"N";
"DBELE";"RPV23DBEBS00056";3000;10;;" ";;"N";"N";
"DBELE";"RPV23DBEBS00056";4000;10;;" ";;"N";"N";
"DBELE";"RPV23DBEBS00057";1000;10;;" ";;"N";"N";
"DBELE";"RPV23DBEBS00058";1000;10;;" ";;"N";"N";
"DBELE";"RPV23DBEBS00059";1000;10;;" ";;"N";"N";
"DBELE";"RPV23DBEBS00059";2000;10;;" ";;"N";"N";
"DBELE";"RPV23DBEBS00059";3000;10;;" ";;"N";"N";
"DBELE";"RPV23DBEBS00059";4000;10;;" ";;"N";"N";
"DBELE";"RPV23DBEBS00059";5000;10;;" ";;"N";"N";
"DBELE";"RPV23DBEBS00059";6000;10;;" ";;"N";"N";
"DBELE";"RPV23DBEBS00059";7000;10;;" ";;"N";"N";
"DBELE";"RPV23DBEBS00060";1000;10;;" ";;"N";"N";
"DBELE";"RPV23DBEBS00061";1000;10;;" ";;"N";"N";
"DBELE";"RPV23DBEBS00062";1000;10;;" ";;"N";"N";
"DBELE";"RPV23DBEBS00062";2000;10;;" ";;"N";"N";
"DBELE";"RPV23DBEBS00063";1000;10;;" ";;"N";"N";
"DBELE";"RPV23DBEBS00064";1000;10;;" ";;"N";"N";
"DBELE";"RPV23DBEBS00064";2000;10;;" ";;"N";"N";
"DBELE";"RPV23DBEBS00065";1000;10;;" ";;"N";"N";
"DBELE";"RPV23DBEBS00065";2000;10;;" ";;"N";"N";
"DBELE";"RPV23DBEBS00066";1000;10;;" ";;"N";"N";
"DBELE";"RPV23DBEBS00066";2000;10;;" ";;"N";"N";
"DBELE";"RPV23DBEBS00066";3000;10;;" ";;"N";"N";
"DBELE";"RPV23DBEBS00067";1000;10;;" ";;"N";"N";
"DBELE";"RPV23DBEBS00067";2000;10;;" ";;"N";"N";
"DBELE";"RPV23DBEBS00068";1000;10;;" ";;"N";"N";
"DBELE";"RPV23DBEBS00068";2000;10;;" ";;"N";"N";
"DBELE";"RPV23DBEBS00069";1000;10;;" ";;"N";"N";
"DBELE";"RPV23DBEBS00070";1000;10;;" ";;"N";"N";
"DBELE";"RPV23DBEBS00070";2000;10;;" ";;"N";"N";
"DBELE";"RPV23DBEBS00070";3000;10;;" ";;"N";"N";
"DBELE";"RPV23DBEBS00070";4000;10;;" ";;"N";"N";
"DBELE";"RPV23DBEBS00071";1000;10;;" ";;"N";"N";
"DBELE";"RPV23DBEBS00072";1000;10;;" ";;"N";"N";
"DBELE";"RPV23DBEBS00072";2000;10;;" ";;"N";"N";
"DBELE";"RPV23DBEBS00072";3000;10;;" ";;"N";"N";
"DBELE";"RPV23DBEBS00073";1000;10;;" ";;"N";"N";
"DBELE";"RPV23DBEBS00073";2000;10;;" ";;"N";"N";
"DBELE";"RPV23DBEBS00075";1000;10;;" ";;"N";"N";
"DBELE";"RPV23DBEBS00077";1000;10;;" ";;"N";"N";
"DBELE";"RPV23DBEBS00078";1000;10;;" ";;"N";"N";
"DBELE";"RPV23DBEBS00079";1000;10;;" ";;"N";"N";
"DBELE";"RPV23DBEBS00079";2000;10;;" ";;"N";"N";
"DBELE";"RPV23DBEBS00080";1000;10;;" ";;"N";"N";
"DBELE";"RPV23DBEBS00080";2000;10;;" ";;"N";"N";
"DBELE";"RPV23DBEBS00080";3000;10;;" ";;"N";"N";
"DBELE";"RPV23DBEBS00081";1000;10;;" ";;"N";"N";
"DBELE";"RPV23DBEBS00081";2000;10;;" ";;"N";"N";
"DBELE";"RPV23DBEBS00082";1000;10;;" ";;"N";"N";
"DBELE";"RPV23DBEBS00083";1000;10;;" ";;"N";"N";
"DBELE";"RPV23DBEBS00084";1000;10;;" ";;"N";"N";
"DBELE";"RPV23DBEBS00084";2000;10;;" ";;"N";"N";
"DBELE";"RPV23DBEBS00084";3000;10;;" ";;"N";"N";
"DBELE";"RPV23DBEBS00084";4000;10;;" ";;"N";"N";
"DBELE";"RPV23DBEBS00085";1000;10;;" ";;"N";"N";
"DBELE";"RPV23DBEBS00086";1000;10;;" ";;"N";"N";
"DBELE";"RPV23DBEBS00087";1000;10;;" ";;"N";"N";
"DBELE";"RPV23DBEBS00087";2000;10;;" ";;"N";"N";
"DBELE";"RPV23DBEBS00088";1000;10;;" ";;"N";"N";
"DBELE";"RPV23DBEBS00088";2000;10;;" ";;"N";"N";
"DBELE";"RPV23DBEBS00089";1000;10;;" ";;"N";"N";
"DBELE";"RPV23DBEBS00089";2000;10;;" ";;"N";"N";
"DBELE";"RPV23DBEBS00089";3000;10;;" ";;"N";"N";
"DBELE";"RPV23DBEBS00090";1000;10;;" ";;"N";"N";
"DBELE";"RPV23DBEBS00090";2000;10;;" ";;"N";"N";
"DBELE";"RPV23DBEBS00091";1000;10;;" ";;"N";"N";
"DBELE";"RPV23DBEBS00092";1000;10;;" ";;"N";"N";
"DBELE";"RPV23DBEBS00092";2000;10;;" ";;"N";"N";
"DBELE";"RPV23DBEBS00093";1000;10;;" ";;"N";"N";
"DBELE";"RPV23DBEBS00093";2000;10;;" ";;"N";"N";
"DBELE";"RPV23DBEBS00093";3000;10;;" ";;"N";"N";
"DBELE";"RPV23DBEBS00093";4000;10;;" ";;"N";"N";
"DBELE";"RPV23DBEBS00093";5000;10;;" ";;"N";"N";
"DBELE";"RPV23DBEBS00093";6000;10;;" ";;"N";"N";
"DBELE";"RPV23DBEBS00093";7000;10;;" ";;"N";"N";
"DBELE";"RPV23DBEBS00094";1000;10;;" ";;"N";"N";
"DBELE";"RPV23DBEBS00094";2000;10;;" ";;"N";"N";
"DBELE";"RPV23DBEBS00095";1000;10;;" ";;"N";"N";
"DBELE";"RPV23DBEBS00095";2000;10;;" ";;"N";"N";
"DBELE";"RPV23DBEBS00095";3000;10;;" ";;"N";"N";
"DBELE";"RPV23DBEBS00096";1000;10;;" ";;"N";"N";
"DBELE";"RPV23DBEBS00096";2000;10;;" ";;"N";"N";
"DBELE";"RPV23DBEBS00096";3000;10;;" ";;"N";"N";
"DBELE";"RPV23DBEBS00096";4000;10;;" ";;"N";"N";
"DBELE";"RPV23DBEBS00097";1000;10;;" ";;"N";"N";
"DBELE";"RPV23DBEBS00097";2000;10;;" ";;"N";"N";
"DBELE";"RPV23DBEBS00097";3000;10;;" ";;"N";"N";
"DBELE";"RPV23DBEBS00097";4000;10;;" ";;"N";"N";
"DBELE";"RPV23DBEBS00097";5000;10;;" ";;"N";"N";
"DBELE";"RPV23DBEBS00097";6000;10;;" ";;"N";"N";
"DBELE";"RPV23DBEBS00098";1000;10;;" ";;"N";"N";
"DBELE";"RPV23DBEBS00098";2000;10;;" ";;"N";"N";
"DBELE";"RPV23DBEBS00099";1000;10;;" ";;"N";"N";
"DBELE";"RPV23DBEBS00099";2000;10;;" ";;"N";"N";
"DBELE";"RPV23DBEBS00100";1000;10;;" ";;"N";"N";
"DBELE";"RPV23DBEBS00100";2000;10;;" ";;"N";"N";
"DBELE";"RPV23DBEBS00101";1000;10;;" ";;"N";"N";
"DBELE";"RPV23DBEBS00101";2000;10;;" ";;"N";"N";
"DBELE";"RPV23DBEBS00102";1000;10;;" ";;"N";"N";
"DBELE";"RPV23DBEBS00103";1000;10;;" ";;"N";"N";
"DBELE";"RPV23DBEBS00104";1000;10;;" ";;"N";"N";
"DBELE";"RPV23DBEBS00104";2000;10;;" ";;"N";"N";
"DBELE";"RPV23DBEBS00104";3000;10;;" ";;"N";"N";
"DBELE";"RPV23DBEBS00105";1000;10;;" ";;"N";"N";
"DBELE";"RPV23DBEBS00105";2000;10;;" ";;"N";"N";
"DBELE";"RPV23DBEBS00106";1000;10;;" ";;"N";"N";
"DBELE";"RPV23DBEBS00106";2000;10;;" ";;"N";"N";
"DBELE";"RPV23DBEBS00107";1000;10;;" ";;"N";"N";
"DBELE";"RPV23DBEBS00107";2000;10;;" ";;"N";"N";
"DBELE";"RPV23DBEBS00108";1000;10;;" ";;"N";"N";
"DBELE";"RPV23DBEBS00108";2000;10;;" ";;"N";"N";
"DBELE";"RPV23DBEBS00109";1000;10;;" ";;"N";"N";
"DBELE";"RPV23DBEBS00109";1500;10;;" ";;"N";"N";
"DBELE";"RPV23DBEBS00109";2000;10;;" ";;"N";"N";
"DBELE";"RPV23DBEBS00109";3000;10;;" ";;"N";"N";
"DBELE";"RPV23DBEBS00110";1000;10;;" ";;"N";"N";
"DBELE";"RPV23DBEBS00110";2000;10;;" ";;"N";"N";
"DBELE";"RPV23DBEBS00110";3000;10;;" ";;"N";"N";
"DBELE";"RPV23DBEBS00110";4000;10;;" ";;"N";"N";
"DBELE";"RPV23DBEBS00110";5000;10;;" ";;"N";"N";
"DBELE";"RPV23DBEBS00111";1000;10;;" ";;"N";"N";
"DBELE";"RPV23DBEBS00111";2000;10;;" ";;"N";"N";
"DBELE";"RPV23DBEBS00111";3000;10;;" ";;"N";"N";
"DBELE";"RPV23DBEBS00112";1000;10;;" ";;"N";"N";
"DBELE";"RPV23DBEBS00114";1000;10;;" ";;"N";"N";
"DBELE";"RPV23DBEBS00115";1000;10;;" ";;"N";"N";
"DBELE";"RPV23DBEBS00116";1000;10;;" ";;"N";"N";
"DBELE";"RPV23DBEBS00117";1000;10;;" ";;"N";"N";
"DBELE";"RPV23DBEBS00118";1000;10;;" ";;"N";"N";
"DBELE";"RPV23DBEBS00119";1000;10;;" ";;"N";"N";
"DBELE";"RPV23DBEBS00119";2000;10;;" ";;"N";"N";
"DBELE";"RPV23DBEBS00122";1000;10;;" ";;"N";"N";
"DBELE";"RPV23DBEBS00124";1000;10;;" ";;"N";"N";
"DBELE";"RPV23DBEBS00125";1000;10;;" ";;"N";"N";
"DBELE";"RPV23DBEBS00126";1000;10;;" ";;"N";"N";
"DBELE";"RPV23DBEBS00126";2000;10;;" ";;"N";"N";
"DBELE";"RPV23DBEBS00127";1000;10;;" ";;"N";"N";
"DBELE";"RPV23DBEBS00127";2000;10;;" ";;"N";"N";
"DBELE";"RPV23DBEBS00127";3000;10;;" ";;"N";"N";
"DBELE";"RPV23DBEBS00127";4000;10;;" ";;"N";"N";
"DBELE";"RPV23DBEBS00128";1000;10;;" ";;"N";"N";
"DBELE";"RPV23DBEBS00129";1000;10;;" ";;"N";"N";
"DBELE";"RPV23DBEBS00129";2000;10;;" ";;"N";"N";
"DBELE";"RPV23DBEBS00129";3000;10;;" ";;"N";"N";
"DBELE";"RPV23DBEBS00130";1000;10;;" ";;"N";"N";
"DBELE";"RPV23DBEBS00130";2000;10;;" ";;"N";"N";
"DBELE";"RPV23DBEBS00130";3000;10;;" ";;"N";"N";
"DBELE";"RPV23DBEBS00130";4000;10;;" ";;"N";"N";
"DBELE";"RPV23DBEBS00130";5000;10;;" ";;"N";"N";
"DBELE";"RPV23DBEBS00131";1000;10;;" ";;"N";"N";
"DBELE";"RPV23DBEBS00131";2000;10;;" ";;"N";"N";
"DBELE";"RPV23DBEBS00132";1000;10;;" ";;"N";"N";
"DBELE";"RPV23DBEBS00133";1000;10;;" ";;"N";"N";
"DBELE";"RPV23DBEBS00133";2000;10;;" ";;"N";"N";
"DBELE";"RPV23DBEBS00134";1000;10;;" ";;"N";"N";
"DBELE";"RPV23DBEBS00135";1000;10;;" ";;"N";"N";
"DBELE";"RPV23DBEBS00136";1000;10;;" ";;"N";"N";
"DBELE";"RPV23DBEBS00136";2000;10;;" ";;"N";"N";
"DBELE";"RPV23DBEBS00136";3000;10;;" ";;"N";"N";
"DBELE";"RPV23DBEBS00137";1000;10;;" ";;"N";"N";
"DBELE";"RPV23DBEBS00138";1000;10;;" ";;"N";"N";
"DBELE";"RPV23DBEBS00138";2000;10;;" ";;"N";"N";
"DBELE";"RPV23DBEBS00138";3000;10;;" ";;"N";"N";
"DBELE";"RPV23DBEBS00139";1000;10;;" ";;"N";"N";
"DBELE";"RPV23DBEBS00139";2000;10;;" ";;"N";"N";
"DBELE";"RPV23DBEBS00139";3000;10;;" ";;"N";"N";
"DBELE";"RPV23DBEBS00140";1000;10;;" ";;"N";"N";
"DBELE";"RPV23DBEBS00141";1000;10;;" ";;"N";"N";
"DBELE";"RPV23DBEBS00141";3000;10;;" ";;"N";"N";
"DBELE";"RPV23DBEBS00142";1000;10;;" ";;"N";"N";
"DBELE";"RPV23DBEBS00142";2000;10;;" ";;"N";"N";
"DBELE";"RPV23DBEBS00143";1000;10;;" ";;"N";"N";
"DBELE";"RPV23DBEBS00143";2000;10;;" ";;"N";"N";
"DBELE";"RPV23DBEBS00143";2500;10;;" ";;"N";"N";
"DBELE";"RPV23DBEBS00143";3000;10;;" ";;"N";"N";
"DBELE";"RPV23DBEBS00143";4000;10;;" ";;"N";"N";
"DBELE";"RPV23DBEBS00143";5000;10;;" ";;"N";"N";
"DBELE";"RPV23DBEBS00144";1000;10;;" ";;"N";"N";
"DBELE";"RPV23DBEBS00145";1000;10;;" ";;"N";"N";
"DBELE";"RPV23DBEBS00146";1000;10;;" ";;"N";"N";
"DBELE";"RPV23DBEBS00147";8000;10;;" ";;"N";"N";
"DBELE";"RPV23DBEBS00147";9000;10;;" ";;"N";"N";
"DBELE";"RPV23DBEBS00147";10000;10;;" ";;"N";"N";
"DBELE";"RPV23DBEBS00148";1000;10;;" ";;"N";"N";
"DBELE";"RPV23DBEBS00148";2000;10;;" ";;"N";"N";
"DBELE";"RPV23DBEBS00149";1000;10;;" ";;"N";"N";
"DBELE";"RPV23DBEBS00149";2000;10;;" ";;"N";"N";
"DBELE";"RPV23DBEBS00149";3000;10;;" ";;"N";"N";
"DBELE";"RPV23DBEBS00149";4000;10;;" ";;"N";"N";
"DBELE";"RPV23DBEBS00149";5000;10;;" ";;"N";"N";
"DBELE";"RPV23DBEBS00150";1000;10;;" ";;"N";"N";
"DBELE";"RPV23DBEBS00151";1000;10;;" ";;"N";"N";
"DBELE";"RPV23DBEBS00151";2000;10;;" ";;"N";"N";
"DBELE";"RPV23DBEBS00151";3000;10;;" ";;"N";"N";
"DBELE";"RPV23DBEBS00151";4000;10;;" ";;"N";"N";
"DBELE";"RPV23DBEBS00152";1000;10;;" ";;"N";"N";
"DBELE";"RPV23DBEBS00153";1000;10;;" ";;"N";"N";
"DBELE";"RPV23DBEBS00153";2000;10;;" ";;"N";"N";
"DBELE";"RPV23DBEBS00154";1000;10;;" ";;"N";"N";
"DBELE";"RPV23DBEBS00155";1000;10;;" ";;"N";"N";
"DBELE";"RPV23DBEBS00155";2000;10;;" ";;"N";"N";
"DBELE";"RPV23DBEBS00156";3000;10;;" ";;"N";"N";
"DBELE";"RPV23DBEBS00156";6000;10;;" ";;"N";"N";
"DBELE";"RPV23DBEBS00156";6500;10;;" ";;"N";"N";
"DBELE";"RPV23DBEBS00156";7000;10;;" ";;"N";"N";
"DBELE";"RPV23DBEBS00157";1000;10;;" ";;"N";"N";
"DBELE";"RPV23DBEBS00157";2000;10;;" ";;"N";"N";
"DBELE";"RPV23DBEBS00157";3000;10;;" ";;"N";"N";
"DBELE";"RPV23DBEBS00158";1000;10;;" ";;"N";"N";
"DBELE";"RPV23DBEBS00159";1000;10;;" ";;"N";"N";
"DBELE";"RPV23DBEBS00160";1000;10;;" ";;"N";"N";
"DBELE";"RPV23DBEBS00160";2000;10;;" ";;"N";"N";
"DBELE";"RPV23DBEBS00160";7000;10;;" ";;"N";"N";
"DBELE";"RPV23DBEBS00160";9000;10;;" ";;"N";"N";
"DBELE";"RPV23DBEBS00161";1000;10;;" ";;"N";"N";
"DBELE";"RPV23DBEBS00161";2000;10;;" ";;"N";"N";
"DBELE";"RPV23DBEBS00162";1000;10;;" ";;"N";"N";
"DBELE";"RPV23DBEBS00163";1000;10;;" ";;"N";"N";
"DBELE";"RPV23DBEBS00163";2000;10;;" ";;"N";"N";
"DBELE";"RPV23DBEBS00164";1000;10;;" ";;"N";"N";
"DBELE";"RPV23DBEBS00164";2000;10;;" ";;"N";"N";
"DBELE";"RPV23DBEBS00164";3000;10;;" ";;"N";"N";
"DBELE";"RPV23DBEBS00165";1000;10;;" ";;"N";"N";
"DBELE";"RPV23DBEBS00166";1000;10;;" ";;"N";"N";
"DBELE";"RPV23DBEBS00166";2000;10;;" ";;"N";"N";
"DBELE";"RPV23DBEBS00167";1000;10;;" ";;"N";"N";
"DBELE";"RPV23DBEBS00169";1000;10;;" ";;"N";"N";
"DBELE";"RPV23DBEBS00169";2000;10;;" ";;"N";"N";
"DBELE";"RPV23DBEBS00169";2500;10;;" ";;"N";"N";
"DBELE";"RPV23DBEBS00169";3000;10;;" ";;"N";"N";
"DBELE";"RPV23DBEBS00170";1000;10;;" ";;"N";"N";
"DBELE";"RPV23DBEBS00171";1000;10;;" ";;"N";"N";
"DBELE";"RPV23DBEBS00171";2000;10;;" ";;"N";"N";
"DBELE";"RPV23DBEBS00172";1000;10;;" ";;"N";"N";
"DBELE";"RPV23DBEBS00172";2000;10;;" ";;"N";"N";
"DBELE";"RPV23DBEBS00172";3000;10;;" ";;"N";"N";
"DBELE";"RPV23DBEBS00173";1000;10;;" ";;"N";"N";
"DBELE";"RPV23DBEBS00173";2000;10;;" ";;"N";"N";
"DBELE";"RPV23DBEBS00174";1000;10;;" ";;"N";"N";
"DBELE";"RPV23DBEBS00175";1000;10;;" ";;"N";"N";
"DBELE";"RPV23DBEBS00175";2000;10;;" ";;"N";"N";
"DBELE";"RPV23DBEBS00175";3000;10;;" ";;"N";"N";
"DBELE";"RPV23DBEBS00175";4000;10;;" ";;"N";"N";
"DBELE";"RPV23DBEBS00175";5000;10;;" ";;"N";"N";
"DBELE";"RPV23DBEBS00176";1000;10;;" ";;"N";"N";
"DBELE";"RPV23DBEBS00176";2000;10;;" ";;"N";"N";
"DBELE";"RPV23DBEBS00177";1000;10;;" ";;"N";"N";
"DBELE";"RPV23DBEBS00177";2000;10;;" ";;"N";"N";
"DBELE";"RPV23DBEBS00177";3000;10;;" ";;"N";"N";
"DBELE";"RPV23DBEBS00177";4000;10;;" ";;"N";"N";
"DBELE";"RPV23DBEBS00178";1000;10;;" ";;"N";"N";
"DBELE";"RPV23DBEBS00178";2000;10;;" ";;"N";"N";
"DBELE";"RPV23DBEBS00179";1000;10;;" ";;"N";"N";
"DBELE";"RPV23DBEBS00180";1000;10;;" ";;"N";"N";
"DBELE";"RPV23DBEBS00180";2000;10;;" ";;"N";"N";
"DBELE";"RPV23DBEBS00180";3000;10;;" ";;"N";"N";
"DBELE";"RPV23DBEBS00181";1000;10;;" ";;"N";"N";
"DBELE";"RPV23DBEBS00181";2000;10;;" ";;"N";"N";
"DBELE";"RPV23DBEBS00181";3000;10;;" ";;"N";"N";
"DBELE";"RPV23DBEBS00181";4000;10;;" ";;"N";"N";
"DBELE";"RPV23DBEBS00181";5000;10;;" ";;"N";"N";
"DBELE";"RPV23DBEBS00182";1000;10;;" ";;"N";"N";
"DBELE";"RPV23DBEBS00183";1000;10;;" ";;"N";"N";
"DBELE";"RPV23DBEBS00184";1000;10;;" ";;"N";"N";
"DBELE";"RPV23DBEBS00185";1000;10;;" ";;"N";"N";
"DBELE";"RPV23DBEBS00185";2000;10;;" ";;"N";"N";
"DBELE";"RPV23DBEBS00185";3000;10;;" ";;"N";"N";
"DBELE";"RPV23DBEBS00186";1000;10;;" ";;"N";"N";
"DBELE";"RPV23DBEBS00187";1000;10;;" ";;"N";"N";
"DBELE";"RPV23DBEBS00188";1000;10;;" ";;"N";"N";
"DBELE";"RPV23DBEBS00189";1000;10;;" ";;"N";"N";
"DBELE";"RPV23DBEBS00189";2000;10;;" ";;"N";"N";
"DBELE";"RPV23DBEBS00190";1000;10;;" ";;"N";"N";
"DBELE";"RPV23DBEBS00190";2000;10;;" ";;"N";"N";
"DBELE";"RPV23DBEPD00001";1000;10;;" ";;"N";"N";
"DBELE";"RPV23DBEPD00002";1000;10;;" ";;"N";"N";
"DBELE";"RPV23DBEPD00002";2000;10;;" ";;"N";"N";
"DBELE";"RPV23DBEPD00003";1000;10;;" ";;"N";"N";
"DBELE";"RPV23DBEPD00003";2000;10;;" ";;"N";"N";
"DBELE";"RPV23DBEPD00004";1000;10;;" ";;"N";"N";
"DBELE";"RPV23DBEPD00004";2000;10;;" ";;"N";"N";
"DBELE";"RPV23DBEPD00005";1000;10;;" ";;"N";"N";
"DBELE";"RPV23DBEPD00006";1000;10;;" ";;"N";"N";
"DBELE";"RPV23DBEPD00006";2000;10;;" ";;"N";"N";
"DBELE";"RPV23DBEPD00006";3000;10;;" ";;"N";"N";
"DBELE";"RPV23DBEPD00006";4000;10;;" ";;"N";"N";
"DBELE";"RPV23DBEPD00006";5000;10;;" ";;"N";"N";
"DBELE";"RPV23DBEPD00006";6000;10;;" ";;"N";"N";
"DBELE";"RPV23DBEPD00006";7000;10;;" ";;"N";"N";
"DBELE";"RPV23DBEPD00006";8000;10;;" ";;"N";"N";
"DBELE";"RPV23DBEPD00006";9000;10;;" ";;"N";"N";
"DBELE";"RPV23DBEPD00006";10000;10;;" ";;"N";"N";
"DBELE";"RPV23DBEPD00006";11000;10;;" ";;"N";"N";
"DBELE";"RPV23DBEPD00006";12000;10;;" ";;"N";"N";
"DBELE";"RPV23DBEPD00007";1000;10;;" ";;"N";"N";
"DBELE";"RPV23DBEPD00007";2000;10;;" ";;"N";"N";
"DBELE";"RPV23DBEPD00007";3000;10;;" ";;"N";"N";
"DBELE";"RPV23DBEPD00008";1000;10;;" ";;"N";"N";
"DBELE";"RPV23DBEPD00009";1000;10;;" ";;"N";"N";
"DBELE";"RPV23DBEPD00009";2000;10;;" ";;"N";"N";
"DBELE";"RPV23DBEPD00010";1000;10;;" ";;"N";"N";
"DBELE";"RPV23DBEPD00010";2000;10;;" ";;"N";"N";
"DBELE";"RPV23DBEPD00011";1000;10;;" ";;"N";"N";
"DBELE";"RPV23DBEPD00011";2000;10;;" ";;"N";"N";
"DBELE";"RPV23DBEPD00012";1000;10;;" ";;"N";"N";
"DBELE";"RPV23DBEPD00012";2000;10;;" ";;"N";"N";
"DBELE";"RPV23DBEPD00012";3000;10;;" ";;"N";"N";
"DBELE";"RPV23DBEPD00012";4000;10;;" ";;"N";"N";
"DBELE";"RPV23DBEPD00013";1000;10;;" ";;"N";"N";
"DBELE";"RPV23DBEPD00013";2000;10;;" ";;"N";"N";
"DBELE";"RPV23DBEPD00014";1000;10;;" ";;"N";"N";
"DBELE";"RPV23DBEPD00014";2000;10;;" ";;"N";"N";
"DBELE";"RPV23DBEPD00015";1000;10;;" ";;"N";"N";
"DBELE";"RPV23DBEPD00015";2000;10;;" ";;"N";"N";
"DBELE";"RPV23DBEPD00016";1000;10;;" ";;"N";"N";
"DBELE";"RPV23DBEPD00016";2000;10;;" ";;"N";"N";
"DBELE";"RPV23DBEPD00016";3000;10;;" ";;"N";"N";
"DBELE";"RPV23DBEPD00017";1000;10;;" ";;"N";"N";
"DBELE";"RPV23DBEPD00017";2000;10;;" ";;"N";"N";
"DBELE";"RPV23DBEPD00018";1000;10;;" ";;"N";"N";
"DBELE";"RPV23DBEPD00018";1500;10;;" ";;"N";"N";
"DBELE";"RPV23DBEPD00018";2000;10;;" ";;"N";"N";
"DBELE";"RPV23DBEPD00018";3000;10;;" ";;"N";"N";
"DBELE";"RPV23DBEPD00019";1000;10;;" ";;"N";"N";
"DBELE";"RPV23DBEPD00019";2000;10;;" ";;"N";"N";
"DBELE";"RPV23DBEPD00020";1000;10;;" ";;"N";"N";
"DBELE";"RPV23DBEPD00020";2000;10;;" ";;"N";"N";
"DBELE";"RPV23DBEPD00021";1000;10;;" ";;"N";"N";
"DBELE";"RPV23DBEPD00022";1000;10;;" ";;"N";"N";
"DBELE";"RPV23DBEPD00022";2000;10;;" ";;"N";"N";
"DBELE";"RPV23DBEPD00023";1000;10;;" ";;"N";"N";
"DBELE";"RPV23DBEPD00023";2000;10;;" ";;"N";"N";
"DBELE";"RPV23DBEPD00024";1000;10;;" ";;"N";"N";
"DBELE";"RPV23DBEPD00025";1000;10;;" ";;"N";"N";
"DBELE";"RPV23DBEPD00025";2000;10;;" ";;"N";"N";
"DBELE";"RPV23DBEPD00025";3000;10;;" ";;"N";"N";
"DBELE";"RPV23DBEPD00026";1000;10;;" ";;"N";"N";
"DBELE";"RPV23DBEPD00026";2000;10;;" ";;"N";"N";
"DBELE";"RPV23DBEPD00026";3000;10;;" ";;"N";"N";
"DBELE";"RPV23DBEPD00026";4000;10;;" ";;"N";"N";
"DBELE";"RPV23DBEPD00026";5000;10;;" ";;"N";"N";
"DBELE";"RPV23DBEPD00026";6000;10;;" ";;"N";"N";
"DBELE";"RPV23DBEPD00026";7000;10;;" ";;"N";"N";
"DBELE";"RPV23DBEPD00026";8000;10;;" ";;"N";"N";
"DBELE";"RPV23DBEPD00026";9000;10;;" ";;"N";"N";
"DBELE";"RPV23DBEPD00026";10000;10;;" ";;"N";"N";
"DBELE";"RPV23DBEPD00026";11000;10;;" ";;"N";"N";
"DBELE";"RPV23DBEPD00026";12000;10;;" ";;"N";"N";
"DBELE";"RPV23DBEPD00026";13000;10;;" ";;"N";"N";
"DBELE";"RPV23DBEPD00026";14000;10;;" ";;"N";"N";
"DBELE";"RPV23DBEPD00026";15000;10;;" ";;"N";"N";
"DBELE";"RPV23DBEPD00026";16000;10;;" ";;"N";"N";
"DBELE";"RPV23DBEPD00026";17000;10;;" ";;"N";"N";
"DBELE";"RPV23DBEPD00026";18000;10;;" ";;"N";"N";
"DBELE";"RPV23DBEPD00027";1000;10;;" ";;"N";"N";
"DBELE";"RPV23DBEPD00028";1000;10;;" ";;"N";"N";
"DBELE";"RPV23DBEPD00028";2000;10;;" ";;"N";"N";
"DBELE";"RPV23DBEPD00029";1000;10;;" ";;"N";"N";
"DBELE";"RPV23DBEPD00029";2000;10;;" ";;"N";"N";
"DBELE";"RPV23DBEPD00029";3000;10;;" ";;"N";"N";
"DBELE";"RPV23DBEPD00029";4000;10;;" ";;"N";"N";
"DBELE";"RPV23DBEPD00029";5000;10;;" ";;"N";"N";
"DBELE";"RPV23DBEPD00030";1000;10;;" ";;"N";"N";
"DBELE";"RPV23DBEPD00031";1000;10;;" ";;"N";"N";
"DBELE";"RPV23DBEPD00031";2000;10;;" ";;"N";"N";
"DBELE";"RPV23DBEPD00032";1000;10;;" ";;"N";"N";
"DBELE";"RPV23DBEPD00032";2000;10;;" ";;"N";"N";
"DBELE";"RPV23DBEPD00032";3000;10;;" ";;"N";"N";
"DBELE";"RPV23DBEPD00033";1000;10;;" ";;"N";"N";
"DBELE";"RPV23DBEPD00033";2000;10;;" ";;"N";"N";
"DBELE";"RPV23DBEPD00034";1000;10;;" ";;"N";"N";
"DBELE";"RPV23DBEPD00034";2000;10;;" ";;"N";"N";
"DBELE";"RPV23DBEPD00035";1000;10;;" ";;"N";"N";
"DBELE";"RPV23DBEPD00035";2000;10;;" ";;"N";"N";
"DBELE";"RPV23DBEPD00036";1000;10;;" ";;"N";"N";
"DBELE";"RPV23DBEPD00037";1000;10;;" ";;"N";"N";
"DBELE";"RPV23DBEPD00038";1000;10;;" ";;"N";"N";
"DBELE";"RPV23DBEPD00039";1000;10;;" ";;"N";"N";
"DBELE";"RPV23DBEPD00039";2000;10;;" ";;"N";"N";
"DBELE";"RPV23DBEPD00040";1000;10;;" ";;"N";"N";
"DBELE";"RPV23DBEPD00040";2000;10;;" ";;"N";"N";
"DBELE";"RPV23DBEPD00041";1000;10;;" ";;"N";"N";
"DBELE";"RPV23DBEPD00042";1000;10;;" ";;"N";"N";
"DBELE";"RPV23DBEPD00042";2000;10;;" ";;"N";"N";
"DBELE";"RPV23DBEPD00044";1000;10;;" ";;"N";"N";
"DBELE";"RPV23DBEPD00044";2000;10;;" ";;"N";"N";
"DBELE";"RPV23DBEPD00046";1000;10;;" ";;"N";"N";
"DBELE";"RPV23DBEPD00046";2000;10;;" ";;"N";"N";
"DBELE";"RPV23DBEPD00047";1000;10;;" ";;"N";"N";
"DBELE";"RPV23DBEPD00048";1000;10;;" ";;"N";"N";
"DBELE";"RPV23DBEPD00049";1000;10;;" ";;"N";"N";
"DBELE";"RPV23DBEPD00049";2000;10;;" ";;"N";"N";
"DBELE";"RPV23DBEPD00049";2500;10;;" ";;"N";"N";
"DBELE";"RPV23DBEPD00049";3000;10;;" ";;"N";"N";
"DBELE";"RPV23DBEPD00049";3500;10;;" ";;"N";"N";
"DBELE";"RPV23DBEPD00049";4000;10;;" ";;"N";"N";
"DBELE";"RPV23DBEPD00049";5000;10;;" ";;"N";"N";
"DBELE";"RPV23DBEPD00049";6000;10;;" ";;"N";"N";
"DBELE";"RPV23DBEPD00050";1000;10;;" ";;"N";"N";
"DBELE";"RPV23DBEPD00050";2000;10;;" ";;"N";"N";
"DBELE";"RPV23DBEPD00051";1000;10;;" ";;"N";"N";
"DBELE";"RPV23DBEPD00051";2000;10;;" ";;"N";"N";
"DBELE";"RPV23DBEPD00052";1000;10;;" ";;"N";"N";
"DBELE";"RPV23DBEPD00052";2000;10;;" ";;"N";"N";
"DBELE";"RPV23DBEPD00053";1000;10;;" ";;"N";"N";
"DBELE";"RPV23DBEPD00054";1000;10;;" ";;"N";"N";
"DBELE";"RPV23DBEPD00054";2000;10;;" ";;"N";"N";
"DBELE";"RPV23DBEPD00055";1000;10;;" ";;"N";"N";
"DBELE";"RPV23DBEPD00056";1000;10;;" ";;"N";"N";
"DBELE";"RPV23DBEPD00056";2000;10;;" ";;"N";"N";
"DBELE";"RPV23DBEPD00057";1000;10;;" ";;"N";"N";
"DBELE";"RPV23DBEPD00057";2000;10;;" ";;"N";"N";
"DBELE";"RPV23DBEPD00058";1000;10;;" ";;"N";"N";
"DBELE";"RPV23DBEPD00058";2000;10;;" ";;"N";"N";
"DBELE";"RPV23DBEPD00059";1000;10;;" ";;"N";"N";
"DBELE";"RPV23DBEPD00059";2000;10;;" ";;"N";"N";
"DBELE";"RPV23DBEPD00060";1000;10;;" ";;"N";"N";
"DBELE";"RPV23DBEPD00060";2000;10;;" ";;"N";"N";
"DBELE";"RPV23DBEPD00061";1000;10;;" ";;"N";"N";
"DBELE";"RPV23DBEPD00061";1500;10;;" ";;"N";"N";
"DBELE";"RPV23DBEPD00061";2000;10;;" ";;"N";"N";
"DBELE";"RPV23DBEPD00061";3000;10;;" ";;"N";"N";
"DBELE";"RPV23DBEPD00062";1000;10;;" ";;"N";"N";
"DBELE";"RPV23DBEPD00062";2000;10;;" ";;"N";"N";
"DBELE";"RPV23DBEPD00063";1000;10;;" ";;"N";"N";
"DBELE";"RPV23DBEPD00064";1000;10;;" ";;"N";"N";
"DBELE";"RPV23DBEPD00064";2000;10;;" ";;"N";"N";
"DBELE";"RPV23DBEPD00064";3000;10;;" ";;"N";"N";
"DBELE";"RPV23DBEPD00065";1000;10;;" ";;"N";"N";
"DBELE";"RPV23DBEPD00067";1000;10;;" ";;"N";"N";
"DBELE";"RPV23DBEPD00068";1000;10;;" ";;"N";"N";
"DBELE";"RPV23DBEPD00069";1000;10;;" ";;"N";"N";
"DBELE";"RPV23DBEPD00069";2000;10;;" ";;"N";"N";
"DBELE";"RPV23DBEPD00070";1000;10;;" ";;"N";"N";
"DBELE";"RPV23DBEPD00070";2000;10;;" ";;"N";"N";
"DBELE";"RPV23DBEPD00070";3000;10;;" ";;"N";"N";
"DBELE";"RPV23DBEPD00071";1000;10;;" ";;"N";"N";
"DBELE";"RPV23DBEPD00071";2000;10;;" ";;"N";"N";
"DBELE";"RPV23DBEPD00072";1000;10;;" ";;"N";"N";
"DBELE";"RPV23DBEPD00073";1000;10;;" ";;"N";"N";
"DBELE";"RPV23DBEPD00074";1000;10;;" ";;"N";"N";
"DBELE";"RPV23DBEPD00074";1500;10;;" ";;"N";"N";
"DBELE";"RPV23DBEPD00074";2000;10;;" ";;"N";"N";
"DBELE";"RPV23DBEPD00074";3000;10;;" ";;"N";"N";
"DBELE";"RPV23DBEPD00075";1000;10;;" ";;"N";"N";
"DBELE";"RPV23DBEPD00075";2000;10;;" ";;"N";"N";
"DBELE";"RPV23DBEPD00075";3000;10;;" ";;"N";"N";
"DBELE";"RPV23DBEPD00076";1000;10;;" ";;"N";"N";
"DBELE";"RPV23DBEPD00076";2000;10;;" ";;"N";"N";
"DBELE";"RPV23DBEPD00077";1000;10;;" ";;"N";"N";
"DBELE";"RPV23DBEPD00077";2000;10;;" ";;"N";"N";
"DBELE";"RPV23DBEPD00078";1000;10;;" ";;"N";"N";
"DBELE";"RPV23DBEPD00078";1500;10;;" ";;"N";"N";
"DBELE";"RPV23DBEPD00078";2000;10;;" ";;"N";"N";
"DBELE";"RPV23DBEPD00078";3000;10;;" ";;"N";"N";
"DBELE";"RPV23DBEPD00079";1000;10;;" ";;"N";"N";
"DBELE";"RPV23DBEPD00080";1000;10;;" ";;"N";"N";
"DBELE";"RPV23DBEPD00080";2000;10;;" ";;"N";"N";
"DBELE";"RPV23DBEPD00080";3000;10;;" ";;"N";"N";
"DBELE";"RPV23DBEPD00081";1000;10;;" ";;"N";"N";
"DBELE";"RPV23DBEPD00081";2000;10;;" ";;"N";"N";
"DBELE";"RPV23DBEPD00081";3000;10;;" ";;"N";"N";
"DBELE";"RPV23DBEPD00082";1000;10;;" ";;"N";"N";
"DBELE";"RPV23DBEPD00082";2000;10;;" ";;"N";"N";
"DBELE";"RPV23DBEPD00082";3000;10;;" ";;"N";"N";
"DBELE";"RPV23DBEPD00082";4000;10;;" ";;"N";"N";
"DBELE";"RPV23DBEPD00083";1000;10;;" ";;"N";"N";
"DBELE";"RPV23DBEPD00083";2000;10;;" ";;"N";"N";
"DBELE";"RPV23DBEPD00083";3000;10;;" ";;"N";"N";
"DBELE";"RPV23DBEPD00084";1000;10;;" ";;"N";"N";
"DBELE";"RPV23DBEPD00084";2000;10;;" ";;"N";"N";
"DBELE";"RPV23DBEPD00085";1000;10;;" ";;"N";"N";
"DBELE";"RPV23DBEPD00085";2000;10;;" ";;"N";"N";
"DBELE";"RPV23DBEPD00087";1000;10;;" ";;"N";"N";
"DBELE";"RPV23DBEPD00087";2000;10;;" ";;"N";"N";
"DBELE";"RPV23DBEPD00087";3000;10;;" ";;"N";"N";
"DBELE";"RPV23DBEPD00088";1000;10;;" ";;"N";"N";
"DBELE";"RPV23DBEPD00088";1500;10;;" ";;"N";"N";
"DBELE";"RPV23DBEPD00088";2000;10;;" ";;"N";"N";
"DBELE";"RPV23DBEPD00088";2500;10;;" ";;"N";"N";
"DBELE";"RPV23DBEPD00088";3000;10;;" ";;"N";"N";
"DBELE";"RPV23DBEPD00088";3500;10;;" ";;"N";"N";
"DBELE";"RPV23DBEPD00088";4000;10;;" ";;"N";"N";
"DBELE";"RPV23DBEPD00088";5000;10;;" ";;"N";"N";
"DBELE";"RPV23DBEPD00088";6000;10;;" ";;"N";"N";
"DBELE";"RPV23DBEPD00088";7000;10;;" ";;"N";"N";
"DBELE";"RPV23DBEPD00090";1000;10;;" ";;"N";"N";
"DBELE";"RPV23DBEPD00090";2000;10;;" ";;"N";"N";
"DBELE";"RPV23DBEPD00091";1000;10;;" ";;"N";"N";
"DBELE";"RPV23DBEPD00091";2000;10;;" ";;"N";"N";
"DBELE";"RPV23DBEPD00092";1000;10;;" ";;"N";"N";
"DBELE";"RPV23DBEPD00092";2000;10;;" ";;"N";"N";
"DBELE";"RPV23DBEPD00093";1000;10;;" ";;"N";"N";
"DBELE";"RPV23DBEPD00093";2000;10;;" ";;"N";"N";
"DBELE";"RPV23DBEPD00094";1000;10;;" ";;"N";"N";
"DBELE";"RPV23DBEPD00095";1000;10;;" ";;"N";"N";
"DBELE";"RPV23DBEPD00095";2000;10;;" ";;"N";"N";
"DBELE";"RPV23DBEPD00096";1000;10;;" ";;"N";"N";
"DBELE";"RPV23DBEPD00097";1000;10;;" ";;"N";"N";
"DBELE";"RPV23DBEPD00098";1000;10;;" ";;"N";"N";
"DBELE";"RPV23DBEPD00099";1000;10;;" ";;"N";"N";
"DBELE";"RPV23DBEPD00100";1000;10;;" ";;"N";"N";
"DBELE";"RPV23DBEPD00100";2000;10;;" ";;"N";"N";
"DBELE";"RPV23DBEPD00100";3000;10;;" ";;"N";"N";
"DBELE";"RPV23DBEPD00100";3500;10;;" ";;"N";"N";
"DBELE";"RPV23DBEPD00100";4000;10;;" ";;"N";"N";
"DBELE";"RPV23DBEPD00100";4500;10;;" ";;"N";"N";
"DBELE";"RPV23DBEPD00100";5000;10;;" ";;"N";"N";
"DBELE";"RPV23DBEPD00100";6000;10;;" ";;"N";"N";
"DBELE";"RPV23DBEPD00100";7000;10;;" ";;"N";"N";
"DBELE";"RPV23DBEPD00100";8000;10;;" ";;"N";"N";
"DBELE";"RPV23DBEPD00101";1000;10;;" ";;"N";"N";
"DBELE";"RPV23DBEPD00101";2000;10;;" ";;"N";"N";
"DBELE";"RPV23DBEPD00101";3000;10;;" ";;"N";"N";
"DBELE";"RPV23DBEPD00101";4000;10;;" ";;"N";"N";
"DBELE";"RPV23DBEPD00102";1000;10;;" ";;"N";"N";
"DBELE";"RPV23DBEPD00102";2000;10;;" ";;"N";"N";
"DBELE";"RPV23DBEPD00102";3000;10;;" ";;"N";"N";
"DBELE";"RPV23DBEPD00103";1000;10;;" ";;"N";"N";
"DBELE";"RPV23DBEPD00103";2000;10;;" ";;"N";"N";
"DBELE";"RPV23DBEPD00103";3000;10;;" ";;"N";"N";
"DBELE";"RPV23DBEPD00104";1000;10;;" ";;"N";"N";
"DBELE";"RPV23DBEPD00105";1000;10;;" ";;"N";"N";
"DBELE";"RPV23DBEPD00105";2000;10;;" ";;"N";"N";
"DBELE";"RPV23DBEPD00106";1000;10;;" ";;"N";"N";
"DBELE";"RPV23DBEPD00106";2000;10;;" ";;"N";"N";
"DBELE";"RPV23DBEPD00107";1000;10;;" ";;"N";"N";
"DBELE";"RPV23DBEPD00107";2000;10;;" ";;"N";"N";
"DBELE";"RPV23DBEPD00108";1000;10;;" ";;"N";"N";
"DBELE";"RPV23DBEPD00108";2000;10;;" ";;"N";"N";
"DBELE";"RPV23DBEPD00109";1000;10;;" ";;"N";"N";
"DBELE";"RPV23DBEPD00109";2000;10;;" ";;"N";"N";
"DBELE";"RPV23DBEPD00110";1000;10;;" ";;"N";"N";
"DBELE";"RPV23DBEPD00111";1000;10;;" ";;"N";"N";
"DBELE";"RPV23DBEPD00111";2000;10;;" ";;"N";"N";
"DBELE";"RPV23DBEPD00112";1000;10;;" ";;"N";"N";
"DBELE";"RPV23DBEPD00112";2000;10;;" ";;"N";"N";
"DBELE";"RPV23DBERM00001";1000;10;;" ";;"N";"N";
"DBELE";"RPV23DBERM00002";1000;10;;" ";;"N";"N";
"DBELE";"RPV23DBERM00002";2000;10;;" ";;"N";"N";
"DBELE";"RPV23DBERM00002";3000;10;;" ";;"N";"N";
"DBELE";"RPV24DBEBS00001";1000;10;;" ";;"N";"N";
"DBELE";"RPV24DBEBS00001";2000;10;;" ";;"N";"N";
"DBELE";"RPV24DBEBS00002";1000;10;;" ";;"N";"N";
"DBELE";"RPV24DBEBS00003";1000;10;;" ";;"N";"N";
"DBELE";"RPV24DBEBS00003";2000;10;;" ";;"N";"N";
"DBELE";"RPV24DBEBS00004";1000;10;;" ";;"N";"N";
"DBELE";"RPV24DBEBS00005";1000;10;;" ";;"N";"N";
"DBELE";"RPV24DBEBS00005";2000;10;;" ";;"N";"N";
"DBELE";"RPV24DBEBS00006";1000;10;;" ";;"N";"N";
"DBELE";"RPV24DBEBS00006";2000;10;;" ";;"N";"N";
"DBELE";"RPV24DBEBS00006";4000;10;;" ";;"N";"N";
"DBELE";"RPV24DBEBS00007";1000;10;;" ";;"N";"N";
"DBELE";"RPV24DBEBS00007";2000;10;;" ";;"N";"N";
"DBELE";"RPV24DBEBS00007";3000;10;;" ";;"N";"N";
"DBELE";"RPV24DBEBS00007";4000;10;;" ";;"N";"N";
"DBELE";"RPV24DBEBS00008";1000;10;;" ";;"N";"N";
"DBELE";"RPV24DBEBS00008";2000;10;;" ";;"N";"N";
"DBELE";"RPV24DBEBS00008";3000;10;;" ";;"N";"N";
"DBELE";"RPV24DBEBS00008";4000;10;;" ";;"N";"N";
"DBELE";"RPV24DBEBS00008";5000;10;;" ";;"N";"N";
"DBELE";"RPV24DBEBS00008";6000;10;;" ";;"N";"N";
"DBELE";"RPV24DBEBS00009";1000;10;;" ";;"N";"N";
"DBELE";"RPV24DBEBS00009";2000;10;;" ";;"N";"N";
"DBELE";"RPV24DBEBS00010";7000;10;;" ";;"N";"N";
"DBELE";"RPV24DBEBS00010";8000;10;;" ";;"N";"N";
"DBELE";"RPV24DBEBS00010";9000;10;;" ";;"N";"N";
"DBELE";"RPV24DBEBS00010";10000;10;;" ";;"N";"N";
"DBELE";"RPV24DBEBS00011";1000;10;;" ";;"N";"N";
"DBELE";"RPV24DBEBS00011";2000;10;;" ";;"N";"N";
"DBELE";"RPV24DBEBS00011";3000;10;;" ";;"N";"N";
"DBELE";"RPV24DBEBS00011";4000;10;;" ";;"N";"N";
"DBELE";"RPV24DBEBS00011";5000;10;;" ";;"N";"N";
"DBELE";"RPV24DBEBS00011";5500;10;;" ";;"N";"N";
"DBELE";"RPV24DBEBS00011";6000;10;;" ";;"N";"N";
"DBELE";"RPV24DBEBS00012";1000;10;;" ";;"N";"N";
"DBELE";"RPV24DBEBS00012";2000;10;;" ";;"N";"N";
"DBELE";"RPV24DBEBS00012";3000;10;;" ";;"N";"N";
"DBELE";"RPV24DBEBS00013";1000;10;;" ";;"N";"N";
"DBELE";"RPV24DBEBS00014";1000;10;;" ";;"N";"N";
"DBELE";"RPV24DBEBS00015";1000;10;;" ";;"N";"N";
"DBELE";"RPV24DBEBS00015";2000;10;;" ";;"N";"N";
"DBELE";"RPV24DBEBS00015";3000;10;;" ";;"N";"N";
"DBELE";"RPV24DBEBS00016";1000;10;;" ";;"N";"N";
"DBELE";"RPV24DBEBS00017";1000;10;;" ";;"N";"N";
"DBELE";"RPV24DBEBS00017";2000;10;;" ";;"N";"N";
"DBELE";"RPV24DBEBS00018";1000;10;;" ";;"N";"N";
"DBELE";"RPV24DBEBS00018";2000;10;;" ";;"N";"N";
"DBELE";"RPV24DBEBS00019";1000;10;;" ";;"N";"N";
"DBELE";"RPV24DBEBS00019";2000;10;;" ";;"N";"N";
"DBELE";"RPV24DBEBS00019";3000;10;;" ";;"N";"N";
"DBELE";"RPV24DBEBS00019";4000;10;;" ";;"N";"N";
"DBELE";"RPV24DBEBS00019";5000;10;;" ";;"N";"N";
"DBELE";"RPV24DBEBS00020";1000;10;;" ";;"N";"N";
"DBELE";"RPV24DBEBS00020";2000;10;;" ";;"N";"N";
"DBELE";"RPV24DBEBS00023";1000;10;;" ";;"N";"N";
"DBELE";"RPV24DBEBS00023";2000;10;;" ";;"N";"N";
"DBELE";"RPV24DBEBS00023";3000;10;;" ";;"N";"N";
"DBELE";"RPV24DBEBS00024";1000;10;;" ";;"N";"N";
"DBELE";"RPV24DBEBS00024";2000;10;;" ";;"N";"N";
"DBELE";"RPV24DBEBS00024";3000;10;;" ";;"N";"N";
"DBELE";"RPV24DBEBS00024";4000;10;;" ";;"N";"N";
"DBELE";"RPV24DBEBS00024";5000;10;;" ";;"N";"N";
"DBELE";"RPV24DBEBS00024";6000;10;;" ";;"N";"N";
"DBELE";"RPV24DBEBS00024";7000;10;;" ";;"N";"N";
"DBELE";"RPV24DBEBS00024";8000;10;;" ";;"N";"N";
"DBELE";"RPV24DBEBS00024";9000;10;;" ";;"N";"N";
"DBELE";"RPV24DBEBS00024";10000;10;;" ";;"N";"N";
"DBELE";"RPV24DBEBS00025";1000;10;;" ";;"N";"N";
"DBELE";"RPV24DBEBS00026";1000;10;;" ";;"N";"N";
"DBELE";"RPV24DBEBS00026";2000;10;;" ";;"N";"N";
"DBELE";"RPV24DBEBS00026";3000;10;;" ";;"N";"N";
"DBELE";"RPV24DBEBS00026";4000;10;;" ";;"N";"N";
"DBELE";"RPV24DBEBS00027";1000;10;;" ";;"N";"N";
"DBELE";"RPV24DBEBS00027";2000;10;;" ";;"N";"N";
"DBELE";"RPV24DBEBS00027";3000;10;;" ";;"N";"N";
"DBELE";"RPV24DBEBS00028";500;10;;" ";;"N";"N";
"DBELE";"RPV24DBEBS00028";2000;10;;" ";;"N";"N";
"DBELE";"RPV24DBEBS00028";3000;10;;" ";;"N";"N";
"DBELE";"RPV24DBEBS00028";4000;10;;" ";;"N";"N";
"DBELE";"RPV24DBEBS00028";5000;10;;" ";;"N";"N";
"DBELE";"RPV24DBEBS00029";1000;10;;" ";;"N";"N";
"DBELE";"RPV24DBEBS00029";2000;10;;" ";;"N";"N";
"DBELE";"RPV24DBEBS00029";3000;10;;" ";;"N";"N";
"DBELE";"RPV24DBEBS00029";4000;10;;" ";;"N";"N";
"DBELE";"RPV24DBEBS00030";1000;10;;" ";;"N";"N";
"DBELE";"RPV24DBEBS00030";3000;10;;" ";;"N";"N";
"DBELE";"RPV24DBEBS00030";5000;10;;" ";;"N";"N";
"DBELE";"RPV24DBEBS00031";1000;10;;" ";;"N";"N";
"DBELE";"RPV24DBEBS00031";2000;10;;" ";;"N";"N";
"DBELE";"RPV24DBEBS00031";3000;10;;" ";;"N";"N";
"DBELE";"RPV24DBEBS00031";4000;10;;" ";;"N";"N";
"DBELE";"RPV24DBEBS00031";5000;10;;" ";;"N";"N";
"DBELE";"RPV24DBEBS00031";6000;10;;" ";;"N";"N";
"DBELE";"RPV24DBEBS00031";7000;10;;" ";;"N";"N";
"DBELE";"RPV24DBEBS00031";8000;10;;" ";;"N";"N";
"DBELE";"RPV24DBEBS00031";9000;10;;" ";;"N";"N";
"DBELE";"RPV24DBEBS00032";1000;10;;" ";;"N";"N";
"DBELE";"RPV24DBEBS00033";1000;10;;" ";;"N";"N";
"DBELE";"RPV24DBEBS00033";3000;10;;" ";;"N";"N";
"DBELE";"RPV24DBEBS00033";3500;10;;" ";;"N";"N";
"DBELE";"RPV24DBEBS00033";4000;10;;" ";;"N";"N";
"DBELE";"RPV24DBEBS00034";1000;10;;" ";;"N";"N";
"DBELE";"RPV24DBEBS00034";2000;10;;" ";;"N";"N";
"DBELE";"RPV24DBEBS00034";3000;10;;" ";;"N";"N";
"DBELE";"RPV24DBEBS00035";1000;10;;" ";;"N";"N";
"DBELE";"RPV24DBEBS00036";1000;10;;" ";;"N";"N";
"DBELE";"RPV24DBEBS00036";2000;10;;" ";;"N";"N";
"DBELE";"RPV24DBEBS00037";1000;10;;" ";;"N";"N";
"DBELE";"RPV24DBEBS00039";1000;10;;" ";;"N";"N";
"DBELE";"RPV24DBEBS00040";1000;10;;" ";;"N";"N";
"DBELE";"RPV24DBEBS00040";1500;10;;" ";;"N";"N";
"DBELE";"RPV24DBEBS00040";3000;10;;" ";;"N";"N";
"DBELE";"RPV24DBEBS00040";4000;10;;" ";;"N";"N";
"DBELE";"RPV24DBEBS00041";1000;10;;" ";;"N";"N";
"DBELE";"RPV24DBEBS00041";1500;10;;" ";;"N";"N";
"DBELE";"RPV24DBEBS00041";2000;10;;" ";;"N";"N";
"DBELE";"RPV24DBEBS00041";3000;10;;" ";;"N";"N";
"DBELE";"RPV24DBEBS00042";1000;10;;" ";;"N";"N";
"DBELE";"RPV24DBEBS00042";2000;10;;" ";;"N";"N";
"DBELE";"RPV24DBEBS00043";1000;10;;" ";;"N";"N";
"DBELE";"RPV24DBEBS00043";2000;10;;" ";;"N";"N";
"DBELE";"RPV24DBEBS00043";3000;10;;" ";;"N";"N";
"DBELE";"RPV24DBEBS00043";4000;10;;" ";;"N";"N";
"DBELE";"RPV24DBEBS00043";4500;10;;" ";;"N";"N";
"DBELE";"RPV24DBEBS00043";5000;10;;" ";;"N";"N";
"DBELE";"RPV24DBEBS00043";6000;10;;" ";;"N";"N";
"DBELE";"RPV24DBEBS00043";7000;10;;" ";;"N";"N";
"DBELE";"RPV24DBEBS00043";18000;10;;" ";;"N";"N";
"DBELE";"RPV24DBEBS00043";19000;10;;" ";;"N";"N";
"DBELE";"RPV24DBEBS00043";20000;10;;" ";;"N";"N";
"DBELE";"RPV24DBEBS00044";1000;10;;" ";;"N";"N";
"DBELE";"RPV24DBEBS00044";2000;10;;" ";;"N";"N";
"DBELE";"RPV24DBEBS00044";3000;10;;" ";;"N";"N";
"DBELE";"RPV24DBEBS00044";4000;10;;" ";;"N";"N";
"DBELE";"RPV24DBEBS00044";5000;10;;" ";;"N";"N";
"DBELE";"RPV24DBEBS00044";6000;10;;" ";;"N";"N";
"DBELE";"RPV24DBEBS00044";7000;10;;" ";;"N";"N";
"DBELE";"RPV24DBEBS00045";1000;10;;" ";;"N";"N";
"DBELE";"RPV24DBEBS00046";1000;10;;" ";;"N";"N";
"DBELE";"RPV24DBEBS00047";1000;10;;" ";;"N";"N";
"DBELE";"RPV24DBEBS00050";1000;10;;" ";;"N";"N";
"DBELE";"RPV24DBEBS00050";2000;10;;" ";;"N";"N";
"DBELE";"RPV24DBEBS00050";3000;10;;" ";;"N";"N";
"DBELE";"RPV24DBEBS00050";4000;10;;" ";;"N";"N";
"DBELE";"RPV24DBEBS00050";5000;10;;" ";;"N";"N";
"DBELE";"RPV24DBEBS00050";6000;10;;" ";;"N";"N";
"DBELE";"RPV24DBEBS00050";7000;10;;" ";;"N";"N";
"DBELE";"RPV24DBEBS00051";1000;10;;" ";;"N";"N";
"DBELE";"RPV24DBEBS00051";2000;10;;" ";;"N";"N";
"DBELE";"RPV24DBEBS00052";1000;10;;" ";;"N";"N";
"DBELE";"RPV24DBEBS00053";1000;10;;" ";;"N";"N";
"DBELE";"RPV24DBEBS00053";2000;10;;" ";;"N";"N";
"DBELE";"RPV24DBEBS00054";1000;10;;" ";;"N";"N";
"DBELE";"RPV24DBEBS00055";1000;10;;" ";;"N";"N";
"DBELE";"RPV24DBEBS00055";2000;10;;" ";;"N";"N";
"DBELE";"RPV24DBEBS00055";3000;10;;" ";;"N";"N";
"DBELE";"RPV24DBEBS00055";4000;10;;" ";;"N";"N";
"DBELE";"RPV24DBEBS00055";5000;10;;" ";;"N";"N";
"DBELE";"RPV24DBEBS00055";6000;10;;" ";;"N";"N";
"DBELE";"RPV24DBEBS00055";7000;10;;" ";;"N";"N";
"DBELE";"RPV24DBEBS00055";8000;10;;" ";;"N";"N";
"DBELE";"RPV24DBEBS00056";1000;10;;" ";;"N";"N";
"DBELE";"RPV24DBEBS00056";2000;10;;" ";;"N";"N";
"DBELE";"RPV24DBEBS00057";1000;10;;" ";;"N";"N";
"DBELE";"RPV24DBEBS00057";2000;10;;" ";;"N";"N";
"DBELE";"RPV24DBEBS00057";3000;10;;" ";;"N";"N";
"DBELE";"RPV24DBEBS00057";4000;10;;" ";;"N";"N";
"DBELE";"RPV24DBEBS00058";1000;10;;" ";;"N";"N";
"DBELE";"RPV24DBEBS00059";1000;10;;" ";;"N";"N";
"DBELE";"RPV24DBEBS00060";1000;10;;" ";;"N";"N";
"DBELE";"RPV24DBEBS00062";1000;10;;" ";;"N";"N";
"DBELE";"RPV24DBEBS00062";2000;10;;" ";;"N";"N";
"DBELE";"RPV24DBEBS00063";1000;10;;" ";;"N";"N";
"DBELE";"RPV24DBEBS00063";2000;10;;" ";;"N";"N";
"DBELE";"RPV24DBEBS00064";1000;10;;" ";;"N";"N";
"DBELE";"RPV24DBEBS00064";2000;10;;" ";;"N";"N";
"DBELE";"RPV24DBEBS00064";3000;10;;" ";;"N";"N";
"DBELE";"RPV24DBEBS00065";1000;10;;" ";;"N";"N";
"DBELE";"RPV24DBEBS00065";2000;10;;" ";;"N";"N";
"DBELE";"RPV24DBEBS00065";3000;10;;" ";;"N";"N";
"DBELE";"RPV24DBEBS00065";4000;10;;" ";;"N";"N";
"DBELE";"RPV24DBEBS00065";5000;10;;" ";;"N";"N";
"DBELE";"RPV24DBEBS00065";6000;10;;" ";;"N";"N";
"DBELE";"RPV24DBEBS00065";7000;10;;" ";;"N";"N";
"DBELE";"RPV24DBEBS00066";1000;10;;" ";;"N";"N";
"DBELE";"RPV24DBEBS00066";2000;10;;" ";;"N";"N";
"DBELE";"RPV24DBEBS00066";3000;10;;" ";;"N";"N";
"DBELE";"RPV24DBEBS00067";1000;10;;" ";;"N";"N";
"DBELE";"RPV24DBEBS00067";2000;10;;" ";;"N";"N";
"DBELE";"RPV24DBEBS00067";3000;10;;" ";;"N";"N";
"DBELE";"RPV24DBEBS00067";4000;10;;" ";;"N";"N";
"DBELE";"RPV24DBEBS00067";5000;10;;" ";;"N";"N";
"DBELE";"RPV24DBEBS00068";1000;10;;" ";;"N";"N";
"DBELE";"RPV24DBEBS00069";1000;10;;" ";;"N";"N";
"DBELE";"RPV24DBEBS00069";2000;10;;" ";;"N";"N";
"DBELE";"RPV24DBEBS00070";1000;10;;" ";;"N";"N";
"DBELE";"RPV24DBEBS00070";2000;10;;" ";;"N";"N";
"DBELE";"RPV24DBEBS00071";1000;10;;" ";;"N";"N";
"DBELE";"RPV24DBEBS00072";1000;10;;" ";;"N";"N";
"DBELE";"RPV24DBEBS00072";2000;10;;" ";;"N";"N";
"DBELE";"RPV24DBEBS00073";1000;10;;" ";;"N";"N";
"DBELE";"RPV24DBEBS00073";2000;10;;" ";;"N";"N";
"DBELE";"RPV24DBEBS00073";3000;10;;" ";;"N";"N";
"DBELE";"RPV24DBEBS00074";1000;10;;" ";;"N";"N";
"DBELE";"RPV24DBEBS00075";1000;10;;" ";;"N";"N";
"DBELE";"RPV24DBEBS00075";2000;10;;" ";;"N";"N";
"DBELE";"RPV24DBEBS00075";4000;10;;" ";;"N";"N";
"DBELE";"RPV24DBEBS00076";4000;10;;" ";;"N";"N";
"DBELE";"RPV24DBEBS00078";1000;10;;" ";;"N";"N";
"DBELE";"RPV24DBEBS00079";1000;10;;" ";;"N";"N";
"DBELE";"RPV24DBEBS00080";1000;10;;" ";;"N";"N";
"DBELE";"RPV24DBEBS00081";1000;10;;" ";;"N";"N";
"DBELE";"RPV24DBEBS00082";1000;10;;" ";;"N";"N";
"DBELE";"RPV24DBEBS00082";2000;10;;" ";;"N";"N";
"DBELE";"RPV24DBEBS00082";3000;10;;" ";;"N";"N";
"DBELE";"RPV24DBEBS00083";1000;10;;" ";;"N";"N";
"DBELE";"RPV24DBEBS00083";2000;10;;" ";;"N";"N";
"DBELE";"RPV24DBEBS00085";1000;10;;" ";;"N";"N";
"DBELE";"RPV24DBEBS00086";1000;10;;" ";;"N";"N";
"DBELE";"RPV24DBEBS00086";2000;10;;" ";;"N";"N";
"DBELE";"RPV24DBEBS00086";3000;10;;" ";;"N";"N";
"DBELE";"RPV24DBEBS00087";1000;10;;" ";;"N";"N";
"DBELE";"RPV24DBEBS00088";1000;10;;" ";;"N";"N";
"DBELE";"RPV24DBEBS00089";1000;10;;" ";;"N";"N";
"DBELE";"RPV24DBEBS00089";2000;10;;" ";;"N";"N";
"DBELE";"RPV24DBEBS00090";1000;10;;" ";;"N";"N";
"DBELE";"RPV24DBEBS00090";2000;10;;" ";;"N";"N";
"DBELE";"RPV24DBEBS00091";1000;10;;" ";;"N";"N";
"DBELE";"RPV24DBEBS00092";1000;10;;" ";;"N";"N";
"DBELE";"RPV24DBEBS00093";1000;10;;" ";;"N";"N";
"DBELE";"RPV24DBEBS00094";1000;10;;" ";;"N";"N";
"DBELE";"RPV24DBEBS00095";1000;10;;" ";;"N";"N";
"DBELE";"RPV24DBEBS00095";2000;10;;" ";;"N";"N";
"DBELE";"RPV24DBEBS00096";1000;10;;" ";;"N";"N";
"DBELE";"RPV24DBEBS00096";2000;10;;" ";;"N";"N";
"DBELE";"RPV24DBEBS00096";3000;10;;" ";;"N";"N";
"DBELE";"RPV24DBEBS00096";4000;10;;" ";;"N";"N";
"DBELE";"RPV24DBEBS00097";1000;10;;" ";;"N";"N";
"DBELE";"RPV24DBEBS00098";1000;10;;" ";;"N";"N";
"DBELE";"RPV24DBEBS00098";2000;10;;" ";;"N";"N";
"DBELE";"RPV24DBEBS00100";1000;10;;" ";;"N";"N";
"DBELE";"RPV24DBEBS00101";1000;10;;" ";;"N";"N";
"DBELE";"RPV24DBEBS00101";2000;10;;" ";;"N";"N";
"DBELE";"RPV24DBEBS00101";3000;10;;" ";;"N";"N";
"DBELE";"RPV24DBEBS00101";4000;10;;" ";;"N";"N";
"DBELE";"RPV24DBEBS00101";5000;10;;" ";;"N";"N";
"DBELE";"RPV24DBEBS00102";1000;10;;" ";;"N";"N";
"DBELE";"RPV24DBEBS00102";2000;10;;" ";;"N";"N";
"DBELE";"RPV24DBEBS00103";1000;10;;" ";;"N";"N";
"DBELE";"RPV24DBEBS00104";1000;10;;" ";;"N";"N";
"DBELE";"RPV24DBEBS00104";2000;10;;" ";;"N";"N";
"DBELE";"RPV24DBEBS00105";1000;10;;" ";;"N";"N";
"DBELE";"RPV24DBEBS00105";2000;10;;" ";;"N";"N";
"DBELE";"RPV24DBEBS00105";3000;10;;" ";;"N";"N";
"DBELE";"RPV24DBEBS00105";4000;10;;" ";;"N";"N";
"DBELE";"RPV24DBEBS00105";5000;10;;" ";;"N";"N";
"DBELE";"RPV24DBEBS00105";6000;10;;" ";;"N";"N";
"DBELE";"RPV24DBEBS00106";1000;10;;" ";;"N";"N";
"DBELE";"RPV24DBEBS00107";1000;10;;" ";;"N";"N";
"DBELE";"RPV24DBEBS00107";2000;10;;" ";;"N";"N";
"DBELE";"RPV24DBEBS00108";1000;10;;" ";;"N";"N";
"DBELE";"RPV24DBEBS00110";1000;10;;" ";;"N";"N";
"DBELE";"RPV24DBEBS00110";2000;10;;" ";;"N";"N";
"DBELE";"RPV24DBEBS00110";4000;10;;" ";;"N";"N";
"DBELE";"RPV24DBEBS00110";5000;10;;" ";;"N";"N";
"DBELE";"RPV24DBEBS00110";6000;10;;" ";;"N";"N";
"DBELE";"RPV24DBEBS00111";1000;10;;" ";;"N";"N";
"DBELE";"RPV24DBEBS00112";1000;10;;" ";;"N";"N";
"DBELE";"RPV24DBEBS00112";2000;10;;" ";;"N";"N";
"DBELE";"RPV24DBEBS00113";1000;10;;" ";;"N";"N";
"DBELE";"RPV24DBEBS00114";1000;10;;" ";;"N";"N";
"DBELE";"RPV24DBEBS00114";1500;10;;" ";;"N";"N";
"DBELE";"RPV24DBEBS00114";2000;10;;" ";;"N";"N";
"DBELE";"RPV24DBEBS00114";3000;10;;" ";;"N";"N";
"DBELE";"RPV24DBEBS00114";4000;10;;" ";;"N";"N";
"DBELE";"RPV24DBEBS00115";1000;10;;" ";;"N";"N";
"DBELE";"RPV24DBEBS00116";1000;10;;" ";;"N";"N";
"DBELE";"RPV24DBEBS00116";2000;10;;" ";;"N";"N";
"DBELE";"RPV24DBEBS00116";3000;10;;" ";;"N";"N";
"DBELE";"RPV24DBEBS00116";4000;10;;" ";;"N";"N";
"DBELE";"RPV24DBEBS00116";5000;10;;" ";;"N";"N";
"DBELE";"RPV24DBEBS00116";6000;10;;" ";;"N";"N";
"DBELE";"RPV24DBEBS00117";1000;10;;" ";;"N";"N";
"DBELE";"RPV24DBEBS00117";2000;10;;" ";;"N";"N";
"DBELE";"RPV24DBEBS00117";3000;10;;" ";;"N";"N";
"DBELE";"RPV24DBEBS00118";1000;10;;" ";;"N";"N";
"DBELE";"RPV24DBEBS00119";1000;10;;" ";;"N";"N";
"DBELE";"RPV24DBEBS00119";2000;10;;" ";;"N";"N";
"DBELE";"RPV24DBEBS00119";3000;10;;" ";;"N";"N";
"DBELE";"RPV24DBEBS00120";1000;10;;" ";;"N";"N";
"DBELE";"RPV24DBEBS00121";1000;10;;" ";;"N";"N";
"DBELE";"RPV24DBEBS00121";2000;10;;" ";;"N";"N";
"DBELE";"RPV24DBEBS00122";1000;10;;" ";;"N";"N";
"DBELE";"RPV24DBEBS00122";3000;10;;" ";;"N";"N";
"DBELE";"RPV24DBEBS00123";1000;10;;" ";;"N";"N";
"DBELE";"RPV24DBEBS00124";1000;10;;" ";;"N";"N";
"DBELE";"RPV24DBEBS00124";1500;10;;" ";;"N";"N";
"DBELE";"RPV24DBEBS00124";2000;10;;" ";;"N";"N";
"DBELE";"RPV24DBEBS00124";3000;10;;" ";;"N";"N";
"DBELE";"RPV24DBEBS00124";4000;10;;" ";;"N";"N";
"DBELE";"RPV24DBEBS00124";5000;10;;" ";;"N";"N";
"DBELE";"RPV24DBEBS00125";1000;10;;" ";;"N";"N";
"DBELE";"RPV24DBEBS00126";1000;10;;" ";;"N";"N";
"DBELE";"RPV24DBEBS00127";1000;10;;" ";;"N";"N";
"DBELE";"RPV24DBEBS00128";1000;10;;" ";;"N";"N";
"DBELE";"RPV24DBEBS00129";1000;10;;" ";;"N";"N";
"DBELE";"RPV24DBEBS00130";1000;10;;" ";;"N";"N";
"DBELE";"RPV24DBEBS00131";1000;10;;" ";;"N";"N";
"DBELE";"RPV24DBEBS00132";1000;10;;" ";;"N";"N";
"DBELE";"RPV24DBEBS00133";1000;10;;" ";;"N";"N";
"DBELE";"RPV24DBEBS00134";1000;10;;" ";;"N";"N";
"DBELE";"RPV24DBEBS00134";2000;10;;" ";;"N";"N";
"DBELE";"RPV24DBEBS00135";1000;10;;" ";;"N";"N";
"DBELE";"RPV24DBEBS00135";1500;10;;" ";;"N";"N";
"DBELE";"RPV24DBEBS00135";2000;10;;" ";;"N";"N";
"DBELE";"RPV24DBEBS00136";1000;10;;" ";;"N";"N";
"DBELE";"RPV24DBEBS00137";1000;10;;" ";;"N";"N";
"DBELE";"RPV24DBEBS00137";2000;10;;" ";;"N";"N";
"DBELE";"RPV24DBEBS00137";3000;10;;" ";;"N";"N";
"DBELE";"RPV24DBEBS00137";4000;10;;" ";;"N";"N";
"DBELE";"RPV24DBEBS00138";1000;10;;" ";;"N";"N";
"DBELE";"RPV24DBEBS00138";2000;10;;" ";;"N";"N";
"DBELE";"RPV24DBEBS00138";3000;10;;" ";;"N";"N";
"DBELE";"RPV24DBEBS00139";1000;10;;" ";;"N";"N";
"DBELE";"RPV24DBEBS00139";2000;10;;" ";;"N";"N";
"DBELE";"RPV24DBEBS00139";3000;10;;" ";;"N";"N";
"DBELE";"RPV24DBEBS00140";1000;10;;" ";;"N";"N";
"DBELE";"RPV24DBEBS00140";2000;10;;" ";;"N";"N";
"DBELE";"RPV24DBEBS00141";1000;10;;" ";;"N";"N";
"DBELE";"RPV24DBEBS00142";1000;10;;" ";;"N";"N";
"DBELE";"RPV24DBEBS00143";1000;10;;" ";;"N";"N";
"DBELE";"RPV24DBEBS00143";2000;10;;" ";;"N";"N";
"DBELE";"RPV24DBEBS00143";3000;10;;" ";;"N";"N";
"DBELE";"RPV24DBEBS00143";4000;10;;" ";;"N";"N";
"DBELE";"RPV24DBEBS00144";1000;10;;" ";;"N";"N";
"DBELE";"RPV24DBEBS00145";1000;10;;" ";;"N";"N";
"DBELE";"RPV24DBEBS00145";2000;10;;" ";;"N";"N";
"DBELE";"RPV24DBEBS00145";3000;10;;" ";;"N";"N";
"DBELE";"RPV24DBEBS00146";1000;10;;" ";;"N";"N";
"DBELE";"RPV24DBEBS00146";2000;10;;" ";;"N";"N";
"DBELE";"RPV24DBEBS00146";3000;10;;" ";;"N";"N";
"DBELE";"RPV24DBEBS00147";1000;10;;" ";;"N";"N";
"DBELE";"RPV24DBEBS00147";2000;10;;" ";;"N";"N";
"DBELE";"RPV24DBEBS00149";1000;10;;" ";;"N";"N";
"DBELE";"RPV24DBEBS00150";1000;10;;" ";;"N";"N";
"DBELE";"RPV24DBEBS00151";1000;10;;" ";;"N";"N";
"DBELE";"RPV24DBEBS00151";2000;10;;" ";;"N";"N";
"DBELE";"RPV24DBEBS00153";1000;10;;" ";;"N";"N";
"DBELE";"RPV24DBEBS00153";2000;10;;" ";;"N";"N";
"DBELE";"RPV24DBEBS00155";1000;10;;" ";;"N";"N";
"DBELE";"RPV24DBEBS00155";2000;10;;" ";;"N";"N";
"DBELE";"RPV24DBEBS00156";1000;10;;" ";;"N";"N";
"DBELE";"RPV24DBEBS00157";4000;10;;" ";;"N";"N";
"DBELE";"RPV24DBEBS00157";6000;10;;" ";;"N";"N";
"DBELE";"RPV24DBEBS00158";1000;10;;" ";;"N";"N";
"DBELE";"RPV24DBEBS00158";2000;10;;" ";;"N";"N";
"DBELE";"RPV24DBEBS00159";1000;10;;" ";;"N";"N";
"DBELE";"RPV24DBEBS00160";1000;10;;" ";;"N";"N";
"DBELE";"RPV24DBEBS00161";1000;10;;" ";;"N";"N";
"DBELE";"RPV24DBEBS00161";2000;10;;" ";;"N";"N";
"DBELE";"RPV24DBEBS00162";1000;10;;" ";;"N";"N";
"DBELE";"RPV24DBEBS00163";1000;10;;" ";;"N";"N";
"DBELE";"RPV24DBEBS00164";1000;10;;" ";;"N";"N";
"DBELE";"RPV24DBEBS00165";1000;10;;" ";;"N";"N";
"DBELE";"RPV24DBEBS00166";1000;10;;" ";;"N";"N";
"DBELE";"RPV24DBEBS00167";1000;10;;" ";;"N";"N";
"DBELE";"RPV24DBEBS00168";1000;10;;" ";;"N";"N";
"DBELE";"RPV24DBEBS00168";2000;10;;" ";;"N";"N";
"DBELE";"RPV24DBEBS00169";1000;10;;" ";;"N";"N";
"DBELE";"RPV24DBEBS00169";2000;10;;" ";;"N";"N";
"DBELE";"RPV24DBEBS00169";3000;10;;" ";;"N";"N";
"DBELE";"RPV24DBEBS00169";4000;10;;" ";;"N";"N";
"DBELE";"RPV24DBEBS00170";1000;10;;" ";;"N";"N";
"DBELE";"RPV24DBEBS00170";2000;10;;" ";;"N";"N";
"DBELE";"RPV24DBEPD00001";1000;10;;" ";;"N";"N";
"DBELE";"RPV24DBEPD00001";2000;10;;" ";;"N";"N";
"DBELE";"RPV24DBEPD00001";3000;10;;" ";;"N";"N";
"DBELE";"RPV24DBEPD00002";1000;10;;" ";;"N";"N";
"DBELE";"RPV24DBEPD00002";2000;10;;" ";;"N";"N";
"DBELE";"RPV24DBEPD00002";3000;10;;" ";;"N";"N";
"DBELE";"RPV24DBEPD00003";1000;10;;" ";;"N";"N";
"DBELE";"RPV24DBEPD00004";1000;10;;" ";;"N";"N";
"DBELE";"RPV24DBEPD00004";2000;10;;" ";;"N";"N";
"DBELE";"RPV24DBEPD00005";1000;10;;" ";;"N";"N";
"DBELE";"RPV24DBEPD00006";1000;10;;" ";;"N";"N";
"DBELE";"RPV24DBEPD00007";1000;10;;" ";;"N";"N";
"DBELE";"RPV24DBEPD00008";1000;10;;" ";;"N";"N";
"DBELE";"RPV24DBEPD00009";1000;10;;" ";;"N";"N";
"DBELE";"RPV24DBEPD00009";2000;10;;" ";;"N";"N";
"DBELE";"RPV24DBEPD00010";1000;10;;" ";;"N";"N";
"DBELE";"RPV24DBEPD00011";1000;10;;" ";;"N";"N";
"DBELE";"RPV24DBEPD00011";1500;10;;" ";;"N";"N";
"DBELE";"RPV24DBEPD00011";2000;10;;" ";;"N";"N";
"DBELE";"RPV24DBEPD00011";3000;10;;" ";;"N";"N";
"DBELE";"RPV24DBEPD00013";1000;10;;" ";;"N";"N";
"DBELE";"RPV24DBEPD00015";1000;10;;" ";;"N";"N";
"DBELE";"RPV24DBEPD00015";1500;10;;" ";;"N";"N";
"DBELE";"RPV24DBEPD00015";2000;10;;" ";;"N";"N";
"DBELE";"RPV24DBEPD00015";3000;10;;" ";;"N";"N";
"DBELE";"RPV24DBEPD00016";1000;10;;" ";;"N";"N";
"DBELE";"RPV24DBEPD00016";2000;10;;" ";;"N";"N";
"DBELE";"RPV24DBEPD00017";1000;10;;" ";;"N";"N";
"DBELE";"RPV24DBEPD00017";2000;10;;" ";;"N";"N";
"DBELE";"RPV24DBEPD00018";1000;10;;" ";;"N";"N";
"DBELE";"RPV24DBEPD00018";2000;10;;" ";;"N";"N";
"DBELE";"RPV24DBEPD00018";3000;10;;" ";;"N";"N";
"DBELE";"RPV24DBEPD00019";1000;10;;" ";;"N";"N";
"DBELE";"RPV24DBEPD00019";2000;10;;" ";;"N";"N";
"DBELE";"RPV24DBEPD00021";1000;10;;" ";;"N";"N";
"DBELE";"RPV24DBEPD00021";2000;10;;" ";;"N";"N";
"DBELE";"RPV24DBEPD00022";1000;10;;" ";;"N";"N";
"DBELE";"RPV24DBEPD00023";1000;10;;" ";;"N";"N";
"DBELE";"RPV24DBEPD00023";2000;10;;" ";;"N";"N";
"DBELE";"RPV24DBEPD00023";3000;10;;" ";;"N";"N";
"DBELE";"RPV24DBEPD00024";1000;10;;" ";;"N";"N";
"DBELE";"RPV24DBEPD00024";2000;10;;" ";;"N";"N";
"DBELE";"RPV24DBEPD00026";1000;10;;" ";;"N";"N";
"DBELE";"RPV24DBEPD00026";2000;10;;" ";;"N";"N";
"DBELE";"RPV24DBEPD00027";1000;10;;" ";;"N";"N";
"DBELE";"RPV24DBEPD00027";2000;10;;" ";;"N";"N";
"DBELE";"RPV24DBEPD00028";1000;10;;" ";;"N";"N";
"DBELE";"RPV24DBEPD00028";2000;10;;" ";;"N";"N";
"DBELE";"RPV24DBEPD00028";3000;10;;" ";;"N";"N";
"DBELE";"RPV24DBEPD00028";4000;10;;" ";;"N";"N";
"DBELE";"RPV24DBEPD00028";5000;10;;" ";;"N";"N";
"DBELE";"RPV24DBEPD00031";1000;10;;" ";;"N";"N";
"DBELE";"RPV24DBEPD00031";2000;10;;" ";;"N";"N";
"DBELE";"RPV24DBEPD00032";1000;10;;" ";;"N";"N";
"DBELE";"RPV24DBEPD00032";2000;10;;" ";;"N";"N";
"DBELE";"RPV24DBEPD00033";1000;10;;" ";;"N";"N";
"DBELE";"RPV24DBEPD00033";2000;10;;" ";;"N";"N";
"DBELE";"RPV24DBEPD00034";1000;10;;" ";;"N";"N";
"DBELE";"RPV24DBEPD00034";2000;10;;" ";;"N";"N";
"DBELE";"RPV24DBEPD00035";1000;10;;" ";;"N";"N";
"DBELE";"RPV24DBEPD00035";2000;10;;" ";;"N";"N";
"DBELE";"RPV24DBEPD00035";3000;10;;" ";;"N";"N";
"DBELE";"RPV24DBEPD00036";1000;10;;" ";;"N";"N";
"DBELE";"RPV24DBEPD00036";2000;10;;" ";;"N";"N";
"DBELE";"RPV24DBEPD00036";3000;10;;" ";;"N";"N";
"DBELE";"RPV24DBEPD00036";4000;10;;" ";;"N";"N";
"DBELE";"RPV24DBEPD00036";5000;10;;" ";;"N";"N";
"DBELE";"RPV24DBEPD00037";1000;10;;" ";;"N";"N";
"DBELE";"RPV24DBEPD00038";1000;10;;" ";;"N";"N";
"DBELE";"RPV24DBEPD00038";2000;10;;" ";;"N";"N";
"DBELE";"RPV24DBEPD00038";3000;10;;" ";;"N";"N";
"DBELE";"RPV24DBEPD00038";4000;10;;" ";;"N";"N";
"DBELE";"RPV24DBEPD00039";1000;10;;" ";;"N";"N";
"DBELE";"RPV24DBEPD00039";2000;10;;" ";;"N";"N";
"DBELE";"RPV24DBEPD00040";1000;10;;" ";;"N";"N";
"DBELE";"RPV24DBEPD00040";2000;10;;" ";;"N";"N";
"DBELE";"RPV24DBEPD00041";1000;10;;" ";;"N";"N";
"DBELE";"RPV24DBEPD00041";2000;10;;" ";;"N";"N";
"DBELE";"RPV24DBEPD00041";3000;10;;" ";;"N";"N";
"DBELE";"RPV24DBEPD00041";4000;10;;" ";;"N";"N";
"DBELE";"RPV24DBEPD00041";5000;10;;" ";;"N";"N";
"DBELE";"RPV24DBEPD00041";6000;10;;" ";;"N";"N";
"DBELE";"RPV24DBEPD00041";7000;10;;" ";;"N";"N";
"DBELE";"RPV24DBEPD00041";8000;10;;" ";;"N";"N";
"DBELE";"RPV24DBEPD00041";9000;10;;" ";;"N";"N";
"DBELE";"RPV24DBEPD00041";10000;10;;" ";;"N";"N";
"DBELE";"RPV24DBEPD00042";1000;10;;" ";;"N";"N";
"DBELE";"RPV24DBEPD00042";1500;10;;" ";;"N";"N";
"DBELE";"RPV24DBEPD00042";2000;10;;" ";;"N";"N";
"DBELE";"RPV24DBEPD00042";3000;10;;" ";;"N";"N";
"DBELE";"RPV24DBEPD00043";1000;10;;" ";;"N";"N";
"DBELE";"RPV24DBEPD00043";2000;10;;" ";;"N";"N";
"DBELE";"RPV24DBEPD00044";1000;10;;" ";;"N";"N";
"DBELE";"RPV24DBEPD00046";2000;10;;" ";;"N";"N";
"DBELE";"RPV24DBEPD00046";3000;10;;" ";;"N";"N";
"DBELE";"RPV24DBEPD00046";4000;10;;" ";;"N";"N";
"DBELE";"RPV24DBEPD00046";5000;10;;" ";;"N";"N";
"DBELE";"RPV24DBEPD00047";1000;10;;" ";;"N";"N";
"DBELE";"RPV24DBEPD00047";2000;10;;" ";;"N";"N";
"DBELE";"RPV24DBEPD00048";1000;10;;" ";;"N";"N";
"DBELE";"RPV24DBEPD00049";1000;10;;" ";;"N";"N";
"DBELE";"RPV24DBEPD00049";2000;10;;" ";;"N";"N";
"DBELE";"RPV24DBEPD00052";1000;10;;" ";;"N";"N";
"DBELE";"RPV24DBEPD00052";1500;10;;" ";;"N";"N";
"DBELE";"RPV24DBEPD00052";2000;10;;" ";;"N";"N";
"DBELE";"RPV24DBEPD00053";1000;10;;" ";;"N";"N";
"DBELE";"RPV24DBEPD00054";1000;10;;" ";;"N";"N";
"DBELE";"RPV24DBEPD00055";1000;10;;" ";;"N";"N";
"DBELE";"RPV24DBEPD00055";2000;10;;" ";;"N";"N";
"DBELE";"RPV24DBEPD00055";3000;10;;" ";;"N";"N";
"DBELE";"RPV24DBEPD00056";1000;10;;" ";;"N";"N";
"DBELE";"RPV24DBEPD00056";2000;10;;" ";;"N";"N";
"DBELE";"RPV24DBEPD00056";3000;10;;" ";;"N";"N";
"DBELE";"RPV24DBEPD00057";1000;10;;" ";;"N";"N";
"DBELE";"RPV24DBEPD00057";2000;10;;" ";;"N";"N";
"DBELE";"RPV24DBEPD00058";1000;10;;" ";;"N";"N";
"DBELE";"RPV24DBEPD00059";1000;10;;" ";;"N";"N";
"DBELE";"RPV24DBEPD00060";1000;10;;" ";;"N";"N";
"DBELE";"RPV24DBEPD00061";1000;10;;" ";;"N";"N";
"DBELE";"RPV24DBEPD00061";1500;10;;" ";;"N";"N";
"DBELE";"RPV24DBEPD00061";2000;10;;" ";;"N";"N";
"DBELE";"RPV24DBEPD00061";3000;10;;" ";;"N";"N";
"DBELE";"RPV24DBEPD00062";1000;10;;" ";;"N";"N";
"DBELE";"RPV24DBEPD00063";1000;10;;" ";;"N";"N";
"DBELE";"RPV24DBEPD00063";1500;10;;" ";;"N";"N";
"DBELE";"RPV24DBEPD00063";2000;10;;" ";;"N";"N";
"DBELE";"RPV24DBEPD00063";3000;10;;" ";;"N";"N";
"DBELE";"RPV24DBEPD00064";1000;10;;" ";;"N";"N";
"DBELE";"RPV24DBEPD00065";1000;10;;" ";;"N";"N";
"DBELE";"RPV24DBEPD00065";2000;10;;" ";;"N";"N";
"DBELE";"RPV24DBEPD00066";1000;10;;" ";;"N";"N";
"DBELE";"RPV24DBEPD00066";2000;10;;" ";;"N";"N";
"DBELE";"RPV24DBEPD00067";1000;10;;" ";;"N";"N";
"DBELE";"RPV24DBEPD00067";2000;10;;" ";;"N";"N";
"DBELE";"RPV24DBEPD00069";1000;10;;" ";;"N";"N";
"DBELE";"RPV24DBEPD00070";1000;10;;" ";;"N";"N";
"DBELE";"RPV24DBEPD00070";2000;10;;" ";;"N";"N";
"DBELE";"RPV24DBEPD00071";1000;10;;" ";;"N";"N";
"DBELE";"RPV24DBEPD00071";1208;10;;" ";;"N";"N";
"DBELE";"RPV24DBEPD00071";2000;10;;" ";;"N";"N";
"DBELE";"RPV24DBEPD00071";3000;10;;" ";;"N";"N";
"DBELE";"RPV24DBEPD00071";3500;10;;" ";;"N";"N";
"DBELE";"RPV24DBEPD00071";3750;10;;" ";;"N";"N";
"DBELE";"RPV24DBEPD00071";4000;10;;" ";;"N";"N";
"DBELE";"RPV24DBEPD00071";4500;10;;" ";;"N";"N";
"DBELE";"RPV24DBEPD00071";5000;10;;" ";;"N";"N";
"DBELE";"RPV24DBEPD00072";1000;10;;" ";;"N";"N";
"DBELE";"RPV24DBEPD00072";2000;10;;" ";;"N";"N";
"DBELE";"RPV24DBEPD00073";1000;10;;" ";;"N";"N";
"DBELE";"RPV24DBEPD00073";2000;10;;" ";;"N";"N";
"DBELE";"RPV24DBEPD00073";3000;10;;" ";;"N";"N";
"DBELE";"RPV24DBEPD00074";1000;10;;" ";;"N";"N";
"DBELE";"RPV24DBEPD00074";2000;10;;" ";;"N";"N";
"DBELE";"RPV24DBEPD00075";1000;10;;" ";;"N";"N";
"DBELE";"RPV24DBEPD00076";1000;10;;" ";;"N";"N";
"DBELE";"RPV24DBEPD00076";2000;10;;" ";;"N";"N";
"DBELE";"RPV24DBEPD00076";3000;10;;" ";;"N";"N";
"DBELE";"RPV24DBEPD00076";4000;10;;" ";;"N";"N";
"DBELE";"RPV24DBEPD00076";5000;10;;" ";;"N";"N";
"DBELE";"RPV24DBEPD00076";6000;10;;" ";;"N";"N";
"DBELE";"RPV24DBEPD00076";7000;10;;" ";;"N";"N";
"DBELE";"RPV24DBEPD00076";8000;10;;" ";;"N";"N";
"DBELE";"RPV24DBEPD00076";9000;10;;" ";;"N";"N";
"DBELE";"RPV24DBEPD00076";10000;10;;" ";;"N";"N";
"DBELE";"RPV24DBEPD00076";11000;10;;" ";;"N";"N";
"DBELE";"RPV24DBEPD00076";12000;10;;" ";;"N";"N";
"DBELE";"RPV24DBEPD00076";13000;10;;" ";;"N";"N";
"DBELE";"RPV24DBEPD00076";14000;10;;" ";;"N";"N";
"DBELE";"RPV24DBEPD00077";1000;10;;" ";;"N";"N";
"DBELE";"RPV24DBEPD00077";2000;10;;" ";;"N";"N";
"DBELE";"RPV24DBEPD00078";1000;10;;" ";;"N";"N";
"DBELE";"RPV24DBEPD00078";2000;10;;" ";;"N";"N";
"DBELE";"RPV24DBEPD00079";1000;10;;" ";;"N";"N";
"DBELE";"RPV24DBEPD00079";2000;10;;" ";;"N";"N";
"DBELE";"RPV24DBEPD00080";1000;10;;" ";;"N";"N";
"DBELE";"RPV24DBEPD00081";1000;10;;" ";;"N";"N";
"DBELE";"RPV24DBEPD00081";2000;10;;" ";;"N";"N";
"DBELE";"RPV24DBEPD00082";1000;10;;" ";;"N";"N";
"DBELE";"RPV24DBEPD00082";2000;10;;" ";;"N";"N";
"DBELE";"RPV24DBEPD00083";1000;10;;" ";;"N";"N";
"DBELE";"RPV24DBEPD00084";1000;10;;" ";;"N";"N";
"DBELE";"RPV24DBEPD00084";2000;10;;" ";;"N";"N";
"DBELE";"RPV24DBEPD00085";1000;10;;" ";;"N";"N";
"DBELE";"RPV24DBEPD00085";2000;10;;" ";;"N";"N";
"DBELE";"RPV24DBEPD00086";1000;10;;" ";;"N";"N";
"DBELE";"RPV24DBEPD00087";1000;10;;" ";;"N";"N";
"DBELE";"RPV24DBEPD00088";1000;10;;" ";;"N";"N";
"DBELE";"RPV24DBEPD00088";2000;10;;" ";;"N";"N";
"DBELE";"RPV24DBEPD00089";1000;10;;" ";;"N";"N";
"DBELE";"RPV24DBEPD00089";2000;10;;" ";;"N";"N";
"DBELE";"RPV24DBEPD00090";1000;10;;" ";;"N";"N";
"DBELE";"RPV24DBEPD00091";1000;10;;" ";;"N";"N";
"DBELE";"RPV24DBEPD00091";2000;10;;" ";;"N";"N";
"DBELE";"RPV24DBEPD00092";1000;10;;" ";;"N";"N";
"DBELE";"RPV24DBEPD00093";1000;10;;" ";;"N";"N";
"DBELE";"RPV24DBEPD00094";1000;10;;" ";;"N";"N";
"DBELE";"RPV24DBEPD00094";2000;10;;" ";;"N";"N";
"DBELE";"RPV24DBEPD00095";1000;10;;" ";;"N";"N";
"DBELE";"RPV24DBEPD00095";2000;10;;" ";;"N";"N";
"DBELE";"RPV24DBEPD00096";1000;10;;" ";;"N";"N";
"DBELE";"RPV24DBEPD00096";2000;10;;" ";;"N";"N";
"DBELE";"RPV24DBEPD00097";1000;10;;" ";;"N";"N";
"DBELE";"RPV24DBEPD00097";2000;10;;" ";;"N";"N";
"DBELE";"RPV24DBEPD00098";1000;10;;" ";;"N";"N";
"DBELE";"RPV24DBEPD00098";2000;10;;" ";;"N";"N";
"DBELE";"RPV24DBEPD00098";3000;10;;" ";;"N";"N";
"DBELE";"RPV24DBEPD00099";1000;10;;" ";;"N";"N";
"DBELE";"RPV24DBEPD00099";2000;10;;" ";;"N";"N";
"DBELE";"RPV24DBEPD00099";3000;10;;" ";;"N";"N";
"DBELE";"RPV24DBEPD00100";1000;10;;" ";;"N";"N";
"DBELE";"RPV24DBEPD00100";2000;10;;" ";;"N";"N";
"DBELE";"RPV24DBEPD00101";1000;10;;" ";;"N";"N";
"DBELE";"RPV24DBEPD00102";1000;10;;" ";;"N";"N";
"DBELE";"RPV24DBEPD00102";2000;10;;" ";;"N";"N";
"DBELE";"RPV24DBEPD00103";1000;10;;" ";;"N";"N";
"DBELE";"RPV24DBEPD00103";2000;10;;" ";;"N";"N";
"DBELE";"RPV24DBEPD00104";1000;10;;" ";;"N";"N";
"DBELE";"RPV24DBEPD00105";1000;10;;" ";;"N";"N";
"DBELE";"RPV24DBEPD00105";2000;10;;" ";;"N";"N";
"DBELE";"RPV24DBEPD00105";3000;10;;" ";;"N";"N";
"DBELE";"RPV24DBEPD00105";4000;10;;" ";;"N";"N";
"DBELE";"RPV24DBEPD00106";1000;10;;" ";;"N";"N";
"DBELE";"RPV24DBEPD00107";1000;10;;" ";;"N";"N";
"DBELE";"RPV24DBEPD00107";2000;10;;" ";;"N";"N";
"DBELE";"RPV24DBEPD00108";1000;10;;" ";;"N";"N";
"DBELE";"RPV24DBEPD00109";1000;10;;" ";;"N";"N";
"DBELE";"RPV24DBEPD00110";1000;10;;" ";;"N";"N";
"DBELE";"RPV24DBEPD00112";1000;10;;" ";;"N";"N";
"DBELE";"RPV24DBEPD00113";1000;10;;" ";;"N";"N";
"DBELE";"RPV24DBEPD00113";2000;10;;" ";;"N";"N";
"DBELE";"RPV24DBEPD00113";3000;10;;" ";;"N";"N";
"DBELE";"RPV24DBEPD00114";1000;10;;" ";;"N";"N";
"DBELE";"RPV24DBEPD00114";2000;10;;" ";;"N";"N";
"DBELE";"RPV24DBEPD00116";1000;10;;" ";;"N";"N";
"DBELE";"RPV24DBEPD00117";1000;10;;" ";;"N";"N";
"DBELE";"RPV24DBEPD00117";2000;10;;" ";;"N";"N";
"DBELE";"RPV24DBEPD00117";3000;10;;" ";;"N";"N";
"DBELE";"RPV24DBEPD00118";1000;10;;" ";;"N";"N";
"DBELE";"RPV24DBEPD00119";1000;10;;" ";;"N";"N";
"DBELE";"RPV24DBEPD00119";2000;10;;" ";;"N";"N";
"DBELE";"RPV24DBEPD00120";1000;10;;" ";;"N";"N";
"DBELE";"RPV24DBEPD00120";2000;10;;" ";;"N";"N";
"DBELE";"RPV24DBEPD00121";1000;10;;" ";;"N";"N";
"DBELE";"RPV24DBEPD00122";1000;10;;" ";;"N";"N";
"DBELE";"RPV24DBEPD00122";2000;10;;" ";;"N";"N";
"DBELE";"RPV24DBEPD00123";1000;10;;" ";;"N";"N";
"DBELE";"RPV24DBEPD00123";2000;10;;" ";;"N";"N";
"DBELE";"RPV24DBEPD00124";1000;10;;" ";;"N";"N";
"DBELE";"RPV24DBEPD00124";2000;10;;" ";;"N";"N";
"DBELE";"RPV24DBEPD00125";1000;10;;" ";;"N";"N";
"DBELE";"RPV24DBEPD00125";2000;10;;" ";;"N";"N";
"DBELE";"RPV24DBEPD00126";1000;10;;" ";;"N";"N";
"DBELE";"RPV24DBEPD00126";2000;10;;" ";;"N";"N";
"DBELE";"RPV24DBEPD00127";2000;10;;" ";;"N";"N";
"DBELE";"RPV24DBEPD00127";3000;10;;" ";;"N";"N";
"DBELE";"RPV24DBEPD00127";4000;10;;" ";;"N";"N";
"DBELE";"RPV24DBEPD00128";1000;10;;" ";;"N";"N";
"DBELE";"RPV24DBEPD00128";2000;10;;" ";;"N";"N";
"DBELE";"RPV24DBEPD00129";1000;10;;" ";;"N";"N";
"DBELE";"RPV24DBEPD00129";2000;10;;" ";;"N";"N";
"DBELE";"RPV24DBEPD00130";1000;10;;" ";;"N";"N";
"DBELE";"RPV24DBEPD00130";2000;10;;" ";;"N";"N";
"DBELE";"RPV24DBEPD00131";1000;10;;" ";;"N";"N";
"DBELE";"RPV24DBEPD00131";2000;10;;" ";;"N";"N";
"DBELE";"RPV24DBEPD00132";1000;10;;" ";;"N";"N";
"DBELE";"RPV24DBEPD00132";2000;10;;" ";;"N";"N";
"DBELE";"RPV24DBEPD00133";1000;10;;" ";;"N";"N";
"DBELE";"RPV24DBEPD00133";2000;10;;" ";;"N";"N";
"DBELE";"RPV24DBEPD00134";1000;10;;" ";;"N";"N";
"DBELE";"RPV24DBEPD00134";2000;10;;" ";;"N";"N";
"DBELE";"RPV24DBEPD00135";5000;10;;" ";;"N";"N";
"DBELE";"RPV24DBEPD00135";12000;10;;" ";;"N";"N";
"DBELE";"RPV24DBEPD00135";13000;10;;" ";;"N";"N";
"DBELE";"RPV24DBEPD00135";14000;10;;" ";;"N";"N";
"DBELE";"RPV24DBEPD00135";15000;10;;" ";;"N";"N";
"DBELE";"RPV24DBEPD00135";16000;10;;" ";;"N";"N";
"DBELE";"RPV24DBEPD00135";17000;10;;" ";;"N";"N";
"DBELE";"RPV24DBEPD00135";20000;10;;" ";;"N";"N";
"DBELE";"RPV24DBEPD00135";21000;10;;" ";;"N";"N";
"DBELE";"RPV24DBEPD00135";22000;10;;" ";;"N";"N";
"DBELE";"RPV25DBEBS00001";1000;10;;" ";;"N";"N";
"DBELE";"RPV25DBEBS00001";1500;10;;" ";;"N";"N";
"DBELE";"RPV25DBEBS00001";2000;10;;" ";;"N";"N";
"DBELE";"RPV25DBEBS00001";3000;10;;" ";;"N";"N";
"DBELE";"RPV25DBEBS00002";1000;10;;" ";;"N";"N";
"DBELE";"RPV25DBEBS00002";2000;10;;" ";;"N";"N";
"DBELE";"RPV25DBEBS00002";3000;10;;" ";;"N";"N";
"DBELE";"RPV25DBEBS00003";1000;10;;" ";;"N";"N";
"DBELE";"RPV25DBEBS00004";1000;10;;" ";;"N";"N";
"DBELE";"RPV25DBEBS00004";2000;10;;" ";;"N";"N";
"DBELE";"RPV25DBEBS00004";3000;10;;" ";;"N";"N";
"DBELE";"RPV25DBEBS00005";1000;10;;" ";;"N";"N";
"DBELE";"RPV25DBEBS00006";1000;10;;" ";;"N";"N";
"DBELE";"RPV25DBEBS00006";2000;10;;" ";;"N";"N";
"DBELE";"RPV25DBEBS00007";1000;10;;" ";;"N";"N";
"DBELE";"RPV25DBEBS00008";1000;10;;" ";;"N";"N";
"DBELE";"RPV25DBEBS00009";1000;10;;" ";;"N";"N";
"DBELE";"RPV25DBEBS00009";3000;10;;" ";;"N";"N";
"DBELE";"RPV25DBEBS00010";1000;10;;" ";;"N";"N";
"DBELE";"RPV25DBEBS00011";1000;10;;" ";;"N";"N";
"DBELE";"RPV25DBEBS00011";4000;10;;" ";;"N";"N";
"DBELE";"RPV25DBEBS00012";1000;10;;" ";;"N";"N";
"DBELE";"RPV25DBEBS00012";2000;10;;" ";;"N";"N";
"DBELE";"RPV25DBEBS00013";1000;10;;" ";;"N";"N";
"DBELE";"RPV25DBEBS00013";2000;10;;" ";;"N";"N";
"DBELE";"RPV25DBEBS00013";7000;10;;" ";;"N";"N";
"DBELE";"RPV25DBEBS00014";1000;10;;" ";;"N";"N";
"DBELE";"RPV25DBEBS00014";2000;10;;" ";;"N";"N";
"DBELE";"RPV25DBEBS00014";3000;10;;" ";;"N";"N";
"DBELE";"RPV25DBEBS00015";1000;10;;" ";;"N";"N";
"DBELE";"RPV25DBEBS00015";2000;10;;" ";;"N";"N";
"DBELE";"RPV25DBEBS00015";3000;10;;" ";;"N";"N";
"DBELE";"RPV25DBEBS00016";1000;10;;" ";;"N";"N";
"DBELE";"RPV25DBEBS00016";2000;10;;" ";;"N";"N";
"DBELE";"RPV25DBEBS00017";1000;10;;" ";;"N";"N";
"DBELE";"RPV25DBEBS00018";1000;10;;" ";;"N";"N";
"DBELE";"RPV25DBEBS00018";2000;10;;" ";;"N";"N";
"DBELE";"RPV25DBEBS00018";3000;10;;" ";;"N";"N";
"DBELE";"RPV25DBEBS00018";4000;10;;" ";;"N";"N";
"DBELE";"RPV25DBEBS00019";1000;10;;" ";;"N";"N";
"DBELE";"RPV25DBEBS00019";2000;10;;" ";;"N";"N";
"DBELE";"RPV25DBEBS00019";3000;10;;" ";;"N";"N";
"DBELE";"RPV25DBEBS00020";1000;10;;" ";;"N";"N";
"DBELE";"RPV25DBEBS00020";2000;10;;" ";;"N";"N";
"DBELE";"RPV25DBEBS00020";3000;10;;" ";;"N";"N";
"DBELE";"RPV25DBEBS00020";4000;10;;" ";;"N";"N";
"DBELE";"RPV25DBEBS00020";4500;10;;" ";;"N";"N";
"DBELE";"RPV25DBEBS00020";5000;10;;" ";;"N";"N";
"DBELE";"RPV25DBEBS00021";1000;10;;" ";;"N";"N";
"DBELE";"RPV25DBEBS00022";1000;10;;" ";;"N";"N";
"DBELE";"RPV25DBEBS00022";2000;10;;" ";;"N";"N";
"DBELE";"RPV25DBEBS00023";1000;10;;" ";;"N";"N";
"DBELE";"RPV25DBEBS00023";2000;10;;" ";;"N";"N";
"DBELE";"RPV25DBEBS00023";5000;10;;" ";;"N";"N";
"DBELE";"RPV25DBEBS00023";6000;10;;" ";;"N";"N";
"DBELE";"RPV25DBEBS00024";1000;10;;" ";;"N";"N";
"DBELE";"RPV25DBEBS00024";2000;10;;" ";;"N";"N";
"DBELE";"RPV25DBEBS00024";3000;10;;" ";;"N";"N";
"DBELE";"RPV25DBEBS00024";4000;10;;" ";;"N";"N";
"DBELE";"RPV25DBEBS00024";5000;10;;" ";;"N";"N";
"DBELE";"RPV25DBEBS00025";1000;10;;" ";;"N";"N";
"DBELE";"RPV25DBEBS00025";2000;10;;" ";;"N";"N";
"DBELE";"RPV25DBEBS00025";3000;10;;" ";;"N";"N";
"DBELE";"RPV25DBEBS00025";4000;10;;" ";;"N";"N";
"DBELE";"RPV25DBEBS00026";1000;10;;" ";;"N";"N";
"DBELE";"RPV25DBEBS00026";2000;10;;" ";;"N";"N";
"DBELE";"RPV25DBEBS00026";8000;10;;" ";;"N";"N";
"DBELE";"RPV25DBEBS00026";9000;10;;" ";;"N";"N";
"DBELE";"RPV25DBEBS00027";1000;10;;" ";;"N";"N";
"DBELE";"RPV25DBEBS00027";2000;10;;" ";;"N";"N";
"DBELE";"RPV25DBEBS00028";1000;10;;" ";;"N";"N";
"DBELE";"RPV25DBEBS00028";2000;10;;" ";;"N";"N";
"DBELE";"RPV25DBEBS00030";2000;10;;" ";;"N";"N";
"DBELE";"RPV25DBEBS00030";3000;10;;" ";;"N";"N";
"DBELE";"RPV25DBEBS00030";3333;10;;" ";;"N";"N";
"DBELE";"RPV25DBEBS00030";3666;10;;" ";;"N";"N";
"DBELE";"RPV25DBEBS00030";5000;10;;" ";;"N";"N";
"DBELE";"RPV25DBEBS00031";1000;10;;" ";;"N";"N";
"DBELE";"RPV25DBEBS00031";2000;10;;" ";;"N";"N";
"DBELE";"RPV25DBEBS00032";1000;10;;" ";;"N";"N";
"DBELE";"RPV25DBEBS00032";2000;10;;" ";;"N";"N";
"DBELE";"RPV25DBEBS00033";1000;10;;" ";;"N";"N";
"DBELE";"RPV25DBEBS00034";1000;10;;" ";;"N";"N";
"DBELE";"RPV25DBEBS00035";1000;10;;" ";;"N";"N";
"DBELE";"RPV25DBEBS00035";2000;10;;" ";;"N";"N";
"DBELE";"RPV25DBEBS00035";3000;10;;" ";;"N";"N";
"DBELE";"RPV25DBEBS00035";4000;10;;" ";;"N";"N";
"DBELE";"RPV25DBEBS00036";1000;10;;" ";;"N";"N";
"DBELE";"RPV25DBEBS00037";1000;10;;" ";;"N";"N";
"DBELE";"RPV25DBEBS00038";1000;10;;" ";;"N";"N";
"DBELE";"RPV25DBEBS00038";2000;10;;" ";;"N";"N";
"DBELE";"RPV25DBEBS00038";3000;10;;" ";;"N";"N";
"DBELE";"RPV25DBEBS00039";1000;10;;" ";;"N";"N";
"DBELE";"RPV25DBEBS00039";2000;10;;" ";;"N";"N";
"DBELE";"RPV25DBEBS00040";1000;10;;" ";;"N";"N";
"DBELE";"RPV25DBEBS00040";2000;10;;" ";;"N";"N";
"DBELE";"RPV25DBEBS00040";3000;10;;" ";;"N";"N";
"DBELE";"RPV25DBEBS00041";1000;10;;" ";;"N";"N";
"DBELE";"RPV25DBEBS00041";2000;10;;" ";;"N";"N";
"DBELE";"RPV25DBEBS00041";3000;10;;" ";;"N";"N";
"DBELE";"RPV25DBEBS00042";1000;10;;" ";;"N";"N";
"DBELE";"RPV25DBEBS00042";3000;10;;" ";;"N";"N";
"DBELE";"RPV25DBEBS00042";4000;10;;" ";;"N";"N";
"DBELE";"RPV25DBEBS00043";1000;10;;" ";;"N";"N";
"DBELE";"RPV25DBEBS00043";2000;10;;" ";;"N";"N";
"DBELE";"RPV25DBEBS00044";1000;10;;" ";;"N";"N";
"DBELE";"RPV25DBEBS00045";1000;10;;" ";;"N";"N";
"DBELE";"RPV25DBEBS00046";1000;10;;" ";;"N";"N";
"DBELE";"RPV25DBEBS00047";1000;10;;" ";;"N";"N";
"DBELE";"RPV25DBEBS00047";2000;10;;" ";;"N";"N";
"DBELE";"RPV25DBEBS00048";1000;10;;" ";;"N";"N";
"DBELE";"RPV25DBEBS00049";1000;10;;" ";;"N";"N";
"DBELE";"RPV25DBEBS00050";1000;10;;" ";;"N";"N";
"DBELE";"RPV25DBEBS00051";2000;10;;" ";;"N";"N";
"DBELE";"RPV25DBEBS00051";3000;10;;" ";;"N";"N";
"DBELE";"RPV25DBEBS00051";3500;10;;" ";;"N";"N";
"DBELE";"RPV25DBEBS00051";6000;10;;" ";;"N";"N";
"DBELE";"RPV25DBEBS00051";6500;10;;" ";;"N";"N";
"DBELE";"RPV25DBEBS00051";8000;10;;" ";;"N";"N";
"DBELE";"RPV25DBEBS00051";9000;10;;" ";;"N";"N";
"DBELE";"RPV25DBEBS00052";1000;10;;" ";;"N";"N";
"DBELE";"RPV25DBEBS00053";1000;10;;" ";;"N";"N";
"DBELE";"RPV25DBEBS00053";3000;10;;" ";;"N";"N";
"DBELE";"RPV25DBEBS00053";4000;10;;" ";;"N";"N";
"DBELE";"RPV25DBEBS00053";6000;10;;" ";;"N";"N";
"DBELE";"RPV25DBEBS00054";1000;10;;" ";;"N";"N";
"DBELE";"RPV25DBEBS00054";2000;10;;" ";;"N";"N";
"DBELE";"RPV25DBEBS00054";3000;10;;" ";;"N";"N";
"DBELE";"RPV25DBEBS00055";1000;10;;" ";;"N";"N";
"DBELE";"RPV25DBEBS00055";2000;10;;" ";;"N";"N";
"DBELE";"RPV25DBEBS00055";3000;10;;" ";;"N";"N";
"DBELE";"RPV25DBEBS00055";4000;10;;" ";;"N";"N";
"DBELE";"RPV25DBEBS00056";1000;10;;" ";;"N";"N";
"DBELE";"RPV25DBEBS00056";2000;10;;" ";;"N";"N";
"DBELE";"RPV25DBEBS00057";1000;10;;" ";;"N";"N";
"DBELE";"RPV25DBEBS00058";1000;10;;" ";;"N";"N";
"DBELE";"RPV25DBEBS00059";1000;10;;" ";;"N";"N";
"DBELE";"RPV25DBEBS00061";1000;10;;" ";;"N";"N";
"DBELE";"RPV25DBEBS00061";2000;10;;" ";;"N";"N";
"DBELE";"RPV25DBEBS00061";3000;10;;" ";;"N";"N";
"DBELE";"RPV25DBEBS00061";4000;10;;" ";;"N";"N";
"DBELE";"RPV25DBEBS00061";5000;10;;" ";;"N";"N";
"DBELE";"RPV25DBEBS00061";6000;10;;" ";;"N";"N";
"DBELE";"RPV25DBEBS00061";7000;10;;" ";;"N";"N";
"DBELE";"RPV25DBEBS00062";1000;10;;" ";;"N";"N";
"DBELE";"RPV25DBEBS00062";2000;10;;" ";;"N";"N";
"DBELE";"RPV25DBEBS00063";1000;10;;" ";;"N";"N";
"DBELE";"RPV25DBEBS00064";1000;10;;" ";;"N";"N";
"DBELE";"RPV25DBEBS00065";1000;10;;" ";;"N";"N";
"DBELE";"RPV25DBEBS00066";1000;10;;" ";;"N";"N";
"DBELE";"RPV25DBEBS00066";2000;10;;" ";;"N";"N";
"DBELE";"RPV25DBEBS00067";1000;10;;" ";;"N";"N";
"DBELE";"RPV25DBEBS00067";2000;10;;" ";;"N";"N";
"DBELE";"RPV25DBEBS00067";3000;10;;" ";;"N";"N";
"DBELE";"RPV25DBEBS00067";4000;10;;" ";;"N";"N";
"DBELE";"RPV25DBEBS00068";1000;10;;" ";;"N";"N";
"DBELE";"RPV25DBEBS00068";2000;10;;" ";;"N";"N";
"DBELE";"RPV25DBEBS00068";3000;10;;" ";;"N";"N";
"DBELE";"RPV25DBEBS00069";1000;10;;" ";;"N";"N";
"DBELE";"RPV25DBEBS00070";1000;10;;" ";;"N";"N";
"DBELE";"RPV25DBEBS00070";2000;10;;" ";;"N";"N";
"DBELE";"RPV25DBEBS00070";3000;10;;" ";;"N";"N";
"DBELE";"RPV25DBEBS00071";1000;10;;" ";;"N";"N";
"DBELE";"RPV25DBEBS00072";1000;10;;" ";;"N";"N";
"DBELE";"RPV25DBEBS00073";1000;10;;" ";;"N";"N";
"DBELE";"RPV25DBEBS00075";1000;10;;" ";;"N";"N";
"DBELE";"RPV25DBEBS00076";1000;10;;" ";;"N";"N";
"DBELE";"RPV25DBEBS00076";2000;10;;" ";;"N";"N";
"DBELE";"RPV25DBEPD00001";1000;10;;" ";;"N";"N";
"DBELE";"RPV25DBEPD00001";2000;10;;" ";;"N";"N";
"DBELE";"RPV25DBEPD00002";1000;10;;" ";;"N";"N";
"DBELE";"RPV25DBEPD00002";2000;10;;" ";;"N";"N";
"DBELE";"RPV25DBEPD00002";3000;10;;" ";;"N";"N";
"DBELE";"RPV25DBEPD00003";1000;10;;" ";;"N";"N";
"DBELE";"RPV25DBEPD00003";2000;10;;" ";;"N";"N";
"DBELE";"RPV25DBEPD00004";1000;10;;" ";;"N";"N";
"DBELE";"RPV25DBEPD00004";2000;10;;" ";;"N";"N";
"DBELE";"RPV25DBEPD00005";1000;10;;" ";;"N";"N";
"DBELE";"RPV25DBEPD00005";2000;10;;" ";;"N";"N";
"DBELE";"RPV25DBEPD00006";1000;10;;" ";;"N";"N";
"DBELE";"RPV25DBEPD00007";1000;10;;" ";;"N";"N";
"DBELE";"RPV25DBEPD00007";2000;10;;" ";;"N";"N";
"DBELE";"RPV25DBEPD00007";3000;10;;" ";;"N";"N";
"DBELE";"RPV25DBEPD00008";1000;10;;" ";;"N";"N";
"DBELE";"RPV25DBEPD00008";2000;10;;" ";;"N";"N";
"DBELE";"RPV25DBEPD00009";1000;10;;" ";;"N";"N";
"DBELE";"RPV25DBEPD00009";2000;10;;" ";;"N";"N";
"DBELE";"RPV25DBEPD00010";1000;10;;" ";;"N";"N";
"DBELE";"RPV25DBEPD00010";2000;10;;" ";;"N";"N";
"DBELE";"RPV25DBEPD00011";1000;10;;" ";;"N";"N";
"DBELE";"RPV25DBEPD00011";2000;10;;" ";;"N";"N";
"DBELE";"RPV25DBEPD00011";3000;10;;" ";;"N";"N";
"DBELE";"RPV25DBEPD00012";1000;10;;" ";;"N";"N";
"DBELE";"RPV25DBEPD00012";2000;10;;" ";;"N";"N";
"DBELE";"RPV25DBEPD00012";3000;10;;" ";;"N";"N";
"DBELE";"RPV25DBEPD00014";1000;10;;" ";;"N";"N";
"DBELE";"RPV25DBEPD00015";1000;10;;" ";;"N";"N";
"DBELE";"RPV25DBEPD00015";2000;10;;" ";;"N";"N";
"DBELE";"RPV25DBEPD00017";1000;10;;" ";;"N";"N";
"DBELE";"RPV25DBEPD00017";2000;10;;" ";;"N";"N";
"DBELE";"RPV25DBEPD00018";1000;10;;" ";;"N";"N";
"DBELE";"RPV25DBEPD00018";2000;10;;" ";;"N";"N";
"DBELE";"RPV25DBEPD00019";1000;10;;" ";;"N";"N";
"DBELE";"RPV25DBEPD00019";2000;10;;" ";;"N";"N";
"DBELE";"RPV25DBEPD00020";1000;10;;" ";;"N";"N";
"DBELE";"RPV25DBEPD00021";1000;10;;" ";;"N";"N";
"DBELE";"RPV25DBEPD00021";1500;10;;" ";;"N";"N";
"DBELE";"RPV25DBEPD00021";2000;10;;" ";;"N";"N";
"DBELE";"RPV25DBEPD00021";3000;10;;" ";;"N";"N";
"DBELE";"RPV25DBEPD00022";1000;10;;" ";;"N";"N";
"DBELE";"RPV25DBEPD00023";1000;10;;" ";;"N";"N";
"DBELE";"RPV25DBEPD00023";2000;10;;" ";;"N";"N";
"DBELE";"RPV25DBEPD00023";3000;10;;" ";;"N";"N";
"DBELE";"RPV25DBEPD00023";4000;10;;" ";;"N";"N";
"DBELE";"RPV25DBEPD00023";5000;10;;" ";;"N";"N";
"DBELE";"RPV25DBEPD00023";6000;10;;" ";;"N";"N";
"DBELE";"RPV25DBEPD00024";1000;10;;" ";;"N";"N";
"DBELE";"RPV25DBEPD00024";2000;10;;" ";;"N";"N";
"DBELE";"RPV25DBEPD00024";3000;10;;" ";;"N";"N";
"DBELE";"RPV25DBEPD00024";4000;10;;" ";;"N";"N";
"DBELE";"RPV25DBEPD00025";1000;10;;" ";;"N";"N";
"DBELE";"RPV25DBEPD00025";2000;10;;" ";;"N";"N";
"DBELE";"RPV25DBEPD00026";1000;10;;" ";;"N";"N";
"DBELE";"RPV25DBEPD00027";1000;10;;" ";;"N";"N";
"DBELE";"RPV25DBEPD00029";1000;10;;" ";;"N";"N";
"DBELE";"RPV25DBEPD00031";1000;10;;" ";;"N";"N";
"DBELE";"RPV25DBEPD00031";1500;10;;" ";;"N";"N";
"DBELE";"RPV25DBEPD00031";2000;10;;" ";;"N";"N";
"DBELE";"RPV25DBEPD00031";2500;10;;" ";;"N";"N";
"DBELE";"RPV25DBEPD00031";3000;10;;" ";;"N";"N";
"DBELE";"RPV25DBEPD00031";4000;10;;" ";;"N";"N";
"DBELE";"RPV25DBEPD00032";1000;10;;" ";;"N";"N";
"DBELE";"RPV25DBEPD00033";1000;10;;" ";;"N";"N";
"DBELE";"RPV25DBEPD00033";2000;10;;" ";;"N";"N";
"DBELE";"RPV25DBEPD00035";1000;10;;" ";;"N";"N";
"DBELE";"RPV25DBEPD00035";2000;10;;" ";;"N";"N";
"DBELE";"RPV25DBEPD00035";3000;10;;" ";;"N";"N";
"DBELE";"RPV25DBEPD00035";4000;10;;" ";;"N";"N";
"DBELE";"RPV25DBEPD00036";1000;10;;" ";;"N";"N";
"DBELE";"RPV25DBEPD00036";2000;10;;" ";;"N";"N";
"DBELE";"RPV25DBEPD00038";1000;10;;" ";;"N";"N";
"DBELE";"RPV25DBEPD00039";1000;10;;" ";;"N";"N";
"DBELE";"RPV25DBEPD00040";1000;10;;" ";;"N";"N";
"DBELE";"RPV25DBEPD00040";2000;10;;" ";;"N";"N";
"DBELE";"RPV25DBEPD00040";3000;10;;" ";;"N";"N";
"DBELE";"RPV25DBEPD00041";1000;10;;" ";;"N";"N";
"DBELE";"RPV25DBEPD00042";1000;10;;" ";;"N";"N";
"DBELE";"RPV25DBEPD00042";2000;10;;" ";;"N";"N";
"DBELE";"RPV25DBEPD00043";1000;10;;" ";;"N";"N";
"DBELE";"RPV25DBEPD00043";2000;10;;" ";;"N";"N";
"DBELE";"RPV25DBEPD00043";3000;10;;" ";;"N";"N";
"DBELE";"RPV25DBEPD00045";1000;10;;" ";;"N";"N";
"DBELE";"RPV25DBEPD00045";2000;10;;" ";;"N";"N";
"DBELE";"RPV25DBEPD00046";1000;10;;" ";;"N";"N";
"DBELE";"RPV25DBEPD00046";2000;10;;" ";;"N";"N";
"DBELE";"RPV25DBEPD00046";3000;10;;" ";;"N";"N";
"DBELE";"RPV25DBEPD00046";4000;10;;" ";;"N";"N";
"DBELE";"RPV25DBEPD00047";1000;10;;" ";;"N";"N";
"DBELE";"RPV25DBEPD00047";1500;10;;" ";;"N";"N";
"DBELE";"RPV25DBEPD00047";2000;10;;" ";;"N";"N";
"DBELE";"RPV25DBEPD00047";2500;10;;" ";;"N";"N";
"DBELE";"RPV25DBEPD00047";3000;10;;" ";;"N";"N";
"DBELE";"RPV25DBEPD00047";4000;10;;" ";;"N";"N";
"DBELE";"RPV25DBEPD00048";1000;10;;" ";;"N";"N";
"DBELE";"RPV25DBEPD00049";1000;10;;" ";;"N";"N";
"DBELE";"RPV25DBEPD00050";1000;10;;" ";;"N";"N";
"DBELE";"RPV25DBEPD00050";2000;10;;" ";;"N";"N";
"DBELE";"RPV25DBEPD00051";1000;10;;" ";;"N";"N";
"DBELE";"RPV25DBEPD00052";1000;10;;" ";;"N";"N";
"DBELE";"RPV25DBEPD00053";1000;10;;" ";;"N";"N";
"DBELE";"RPV25DBEPD00054";1000;10;;" ";;"N";"N";
"DBELE";"RPV25DBEPD00055";1000;10;;" ";;"N";"N";
"DBELE";"RPV25DBEPD00056";1000;10;;" ";;"N";"N";
"DBELE";"SFSS116SON00046";1000;99;;" ";;"N";"N";
"DBELE";"SFSS116SON00046";2000;99;;" ";;"N";"N";
"DBELE";"SFSS119ODR00022";1000;10;;" ";;"N";"N";
"DBELE";"SFSS119ODR00022";2000;10;;" ";;"N";"N";
"DBELE";"SFSS119ODR00045";1000;10;;" ";;"N";"N";
"DBELE";"SFSS119ODR00066";1000;10;;" ";;"N";"N";
"DBELE";"SFSS119ODR00083";1000;10;;" ";;"N";"N";
"DBELE";"SFSS119ODR00137";1000;10;;" ";;"N";"N";
"DBELE";"SFSS119ODR00137";2000;10;;" ";;"N";"N";
"DBELE";"SFSS119ODR00167";1000;10;;" ";;"N";"N";
"DBELE";"SFSS120ODR00002";1000;10;;" ";;"N";"N";
"DBELE";"SFSS120ODR00018";1000;10;;" ";;"N";"N";
"DBELE";"SFSS120ODR00048";1000;10;;" ";;"N";"N";
"DBELE";"SFSS120ODR00052";1000;10;;" ";;"N";"N";
"DBELE";"SFSS120ODR00052";1333;10;;" ";;"N";"N";
"DBELE";"SFSS120ODR00052";1666;10;;" ";;"N";"N";
"DBELE";"SFSS120ODR00052";2000;10;;" ";;"N";"N";
"DBELE";"SFSS120ODR00058";1000;10;;" ";;"N";"N";
"DBELE";"SFSS120ODR00069";1000;10;;" ";;"N";"N";
"DBELE";"SFSS120ODR00070";1000;10;;" ";;"N";"N";
"DBELE";"SFSS120ODR00070";2000;10;;" ";;"N";"N";
"DBELE";"SFSS120ODR00071";1000;10;;" ";;"N";"N";
"DBELE";"SFSS120ODR00071";2000;10;;" ";;"N";"N";
"DBELE";"SFSS120ODR00074";1000;10;;" ";;"N";"N";
"DBELE";"SFSS120ODR00074";2000;10;;" ";;"N";"N";
"DBELE";"SFSS120ODR00084";1000;10;;" ";;"N";"N";
"DBELE";"SFSS120ODR00089";1000;10;;" ";;"N";"N";
"DBELE";"SFSS120ODR00093";1000;10;;" ";;"N";"N";
"DBELE";"SFSS120ODR00093";2000;10;;" ";;"N";"N";
"DBELE";"SFSS120ODR00098";1000;10;;" ";;"N";"N";
"DBELE";"SFSS120ODR00098";2000;10;;" ";;"N";"N";
"DBELE";"SFSS120ODR00098";3000;10;;" ";;"N";"N";
"DBELE";"SFSS120ODR00098";4000;10;;" ";;"N";"N";
"DBELE";"SFSS120ODR00098";5000;10;;" ";;"N";"N";
"DBELE";"SFSS120ODR00098";6000;10;;" ";;"N";"N";
"DBELE";"SFSS120ODR00117";1000;10;;" ";;"N";"N";
"DBELE";"SFSS120ODR00118";1000;10;;" ";;"N";"N";
"DBELE";"SFSS120ODR00125";1000;10;;" ";;"N";"N";
"DBELE";"SFSS120ODR00125";1500;10;;" ";;"N";"N";
"DBELE";"SFSS120ODR00125";2000;10;;" ";;"N";"N";
"DBELE";"SFSS120ODR00125";2500;10;;" ";;"N";"N";
"DBELE";"SFSS120ODR00125";3000;10;;" ";;"N";"N";
"DBELE";"SFSS120ODR00125";4000;10;;" ";;"N";"N";
"DBELE";"SFSS120ODR00126";1000;10;;" ";;"N";"N";
"DBELE";"SFSS120ODR00126";1500;10;;" ";;"N";"N";
"DBELE";"SFSS120ODR00126";2000;10;;" ";;"N";"N";
"DBELE";"SFSS120ODR00126";2500;10;;" ";;"N";"N";
"DBELE";"SFSS120ODR00126";3000;10;;" ";;"N";"N";
"DBELE";"SFSS120ODR00126";3500;10;;" ";;"N";"N";
"DBELE";"SFSS120ODR00126";4000;10;;" ";;"N";"N";
"DBELE";"SFSS120ODR00126";4166;10;;" ";;"N";"N";
"DBELE";"SFSS120ODR00126";4332;10;;" ";;"N";"N";
"DBELE";"SFSS120ODR00126";4500;10;;" ";;"N";"N";
"DBELE";"SFSS120ODR00126";5000;10;;" ";;"N";"N";
"DBELE";"SFSS120ODR00126";5500;10;;" ";;"N";"N";
"DBELE";"SFSS120ODR00126";6000;10;;" ";;"N";"N";
"DBELE";"SFSS120ODR00126";6500;10;;" ";;"N";"N";
"DBELE";"SFSS120ODR00126";7000;10;;" ";;"N";"N";
"DBELE";"SFSS120ODR00126";7500;10;;" ";;"N";"N";
"DBELE";"SFSS120ODR00126";8000;10;;" ";;"N";"N";
"DBELE";"SFSS120ODR00126";8500;10;;" ";;"N";"N";
"DBELE";"SFSS120ODR00126";9000;10;;" ";;"N";"N";
"DBELE";"SFSS120ODR00126";10000;10;;" ";;"N";"N";
"DBELE";"SFSS120ODR00126";11000;10;;" ";;"N";"N";
"DBELE";"SFSS120ODR00132";1000;10;;" ";;"N";"N";
"DBELE";"SFSS120ODR00132";2000;10;;" ";;"N";"N";
"DBELE";"SFSS120ODR00134";1000;10;;" ";;"N";"N";
"DBELE";"SFSS120ODR00134";2000;10;;" ";;"N";"N";
"DBELE";"SFSS120ODR00134";3000;10;;" ";;"N";"N";
"DBELE";"SFSS120ODR00137";1000;10;;" ";;"N";"N";
"DBELE";"SFSS120ODR00138";1000;10;;" ";;"N";"N";
"DBELE";"SFSS120ODR00138";2000;10;;" ";;"N";"N";
"DBELE";"SFSS120ODR00139";1000;10;;" ";;"N";"N";
"DBELE";"SFSS120ODR00142";1000;10;;" ";;"N";"N";
"DBELE";"SFSS120ODR00143";1000;10;;" ";;"N";"N";
"DBELE";"SFSS120ODR00146";1000;10;;" ";;"N";"N";
"DBELE";"SFSS120ODR00146";2000;10;;" ";;"N";"N";
"DBELE";"SFSS120ODR00148";1000;10;;" ";;"N";"N";
"DBELE";"SFSS120ODR00148";1500;10;;" ";;"N";"N";
"DBELE";"SFSS120ODR00148";2000;10;;" ";;"N";"N";
"DBELE";"SFSS120ODR00148";2500;10;;" ";;"N";"N";
"DBELE";"SFSS120ODR00148";3000;10;;" ";;"N";"N";
"DBELE";"SFSS120ODR00148";4000;10;;" ";;"N";"N";
"DBELE";"SFSS120ODR00151";1000;10;;" ";;"N";"N";
"DBELE";"SFSS120ODR00151";2000;10;;" ";;"N";"N";
"DBELE";"SFSS120ODR00151";3000;10;;" ";;"N";"N";
"DBELE";"SFSS120ODR00152";1000;10;;" ";;"N";"N";
"DBELE";"SFSS120ODR00152";2000;10;;" ";;"N";"N";
"DBELE";"SFSS120ODR00153";1000;10;;" ";;"N";"N";
"DBELE";"SFSS120ODR00153";2000;10;;" ";;"N";"N";
"DBELE";"SFSS120ODR00153";3000;10;;" ";;"N";"N";
"DBELE";"SFSS120ODR00154";1000;10;;" ";;"N";"N";
"DBELE";"SFSS120ODR00154";2000;10;;" ";;"N";"N";
"DBELE";"SFSS120ODR00154";3000;10;;" ";;"N";"N";
"DBELE";"SFSS120ODR00155";1000;10;;" ";;"N";"N";
"DBELE";"SFSS120ODR00156";1000;10;;" ";;"N";"N";
"DBELE";"SFSS120ODR00157";1000;10;;" ";;"N";"N";
"DBELE";"SFSS120ODR00157";1333;10;;" ";;"N";"N";
"DBELE";"SFSS120ODR00157";1666;10;;" ";;"N";"N";
"DBELE";"SFSS120ODR00157";2000;10;;" ";;"N";"N";
"DBELE";"SFSS120SOI00028";1000;50;;" ";;"N";"N";
"DBELE";"SFSS120SOI00028";2000;50;;" ";;"N";"N";
"DBELE";"SFSS120SOL00030";1000;10;;" ";;"N";"N";
"DBELE";"SFSS120SON00111";1000;35;"simone";" ";;"N";"N";
"DBELE";"SFSS120SON00111";2000;35;"simone";" ";;"N";"N";
"DBELE";"SFSS120SON00111";3000;35;"simone";" ";;"N";"N";
"DBELE";"SFSS120SON00120";1000;50;"trasmettitori";" ";;"N";"N";
"DBELE";"SFSS120SON00120";2000;50;"trasmettitori";" ";;"N";"N";
"DBELE";"SFSS120SON00132";1000;10;;" ";;"N";"N";
"DBELE";"SFSS120SON00138";1000;10;;" ";;"N";"N";
"DBELE";"SFSS120SON00139";1000;10;;" ";;"N";"N";
"DBELE";"SFSS120SON00140";1000;27;"rosa";" ";;"N";"N";
"DBELE";"SFSS120SON00140";2000;27;"rosa";" ";;"N";"N";
